0 1816524788.1700
1 32698391.7536
2 2347711.1480
3 316468.9281
4 66014.7108
5 22613.3034
6 12888.9018
7 10328.2771
8 9573.8699
9 4143.2649
10 1486.9135
11 98.3672
12 -632.8448
13 -1159.0763
14 -1716.3167
15 -2094.1290
16 -2317.8634
17 -2698.9400
18 -2810.2819
19 -2670.5777
20 -2810.6586
21 -2810.8126
22 -2990.5448
23 -3078.0263
24 -3060.8239
25 -3085.5598
26 -3085.4882
27 -3085.5900
28 -3204.7038
29 -3287.0344
30 -3419.8852
31 -3503.6091
32 -3537.7169
33 -3518.6605
34 -3538.3894
35 -3538.2215
36 -3538.3897
37 -3678.1963
38 -3775.9531
39 -3808.2662
40 -3830.8444
41 -3842.2212
42 -3839.6268
43 -3843.0887
44 -3843.0702
45 -3843.0902
46 -3872.2255
47 -3887.8133
48 -3887.6852
49 -3889.8635
50 -3889.8469
51 -3889.8638
52 -3968.8440
53 -4042.7616
54 -4094.1416
55 -4162.3991
56 -4178.8588
57 -4141.5562
58 -4179.8110
59 -4259.2732
60 -4316.9877
61 -4348.9531
62 -4374.7288
63 -4416.2272
64 -4423.9067
65 -4397.5702
66 -4425.1573
67 -4532.1225
68 -4602.2484
69 -4633.9211
70 -4624.7506
71 -4635.5900
72 -4635.4939
73 -4635.5906
74 -4677.8812
75 -4710.4081
76 -4718.2167
77 -4725.0929
78 -4731.1932
79 -4737.0516
80 -4742.6458
81 -4748.0539
82 -4753.2395
83 -4758.2530
84 -4763.0592
85 -4767.7069
86 -4772.1656
87 -4776.4867
88 -4780.6513
89 -4784.7207
90 -4788.6848
91 -4792.6116
92 -4796.5100
93 -4800.4602
94 -4804.4777
95 -4808.6407
96 -4812.9611
97 -4817.4897
98 -4822.2121
99 -4827.1363
100 -4832.2077
101 -4837.3853
102 -4842.5788
103 -4847.7077
104 -4852.6688
105 -4857.3553
106 -4861.6700
107 -4865.4900
108 -4868.7666
109 -4871.3444
110 -4873.2815
111 -4874.3806
112 -4874.5471
113 -4873.6879
114 -4874.6015
115 -4874.3894
116 -4874.6092
117 -4874.0933
118 -4874.4650
119 -4874.5642
120 -4874.5930
121 -4874.6029
122 -4874.6065
123 -4874.6079
124 -4874.6085
125 -4874.6089
126 -4874.6090
127 -4874.6091
128 -4874.3979
129 -4874.5988
130 -4874.0671
131 -4874.4297
132 -4874.5375
133 -4874.5737
134 -4874.5878
135 -4874.5938
136 -4874.5964
137 -4874.5976
138 -4874.5982
139 -4874.5985
140 -4874.5987
141 -4874.0870
142 -4874.4398
143 -4874.5422
144 -4874.5759
145 -4874.5888
146 -4874.5942
147 -4874.5966
148 -4874.5976
149 -4874.5981
150 -4874.5984
151 -4874.5985
152 -4874.0967
153 -4874.4453
154 -4874.5447
155 -4874.5770
156 -4874.5892
157 -4874.5943
158 -4874.5967
159 -4874.5975
160 -4874.5980
161 -4874.5983
162 -4874.5984
163 -4874.1275
164 -4874.4545
165 -4874.5488
166 -4874.5790
167 -4874.5902
168 -4874.5948
169 -4874.5968
170 -4874.5975
171 -4874.5980
172 -4874.5982
173 -4874.5983
174 -4874.1267
175 -4874.4554
176 -4874.5492
177 -4874.5791
178 -4874.5902
179 -4874.5947
180 -4874.5967
181 -4874.5974
182 -4874.5979
183 -4874.5981
184 -4874.5982
185 -4874.1261
186 -4874.4563
187 -4874.5495
188 -4874.5792
189 -4874.5902
190 -4874.5946
191 -4874.5966
192 -4874.5973
193 -4874.5978
194 -4874.5980
195 -4874.5981
196 -4874.1255
197 -4874.4571
198 -4874.5499
199 -4874.5793
200 -4874.5901
201 -4874.5946
202 -4874.5965
203 -4874.5972
204 -4874.5977
205 -4874.5979
206 -4874.5980
207 -4874.1248
208 -4874.4580
209 -4874.5503
210 -4874.5794
211 -4874.5901
212 -4874.5945
213 -4874.5964
214 -4874.5972
215 -4874.5976
216 -4874.5978
217 -4874.5979
218 -4874.1248
219 -4874.4529
220 -4874.5478
221 -4874.5780
222 -4874.5894
223 -4874.5939
224 -4874.5962
225 -4874.5971
226 -4874.5974
227 -4874.5977
228 -4874.5978
229 -4874.1241
230 -4874.4537
231 -4874.5481
232 -4874.5781
233 -4874.5894
234 -4874.5939
235 -4874.5961
236 -4874.5971
237 -4874.5973
238 -4874.5976
239 -4874.5977
240 -4874.1234
241 -4874.4547
242 -4874.5485
243 -4874.5783
244 -4874.5894
245 -4874.5938
246 -4874.5960
247 -4874.5970
248 -4874.5972
249 -4874.5975
250 -4874.5976
251 -4874.1227
252 -4874.4555
253 -4874.5489
254 -4874.5784
255 -4874.5894
256 -4874.5937
257 -4874.5959
258 -4874.5969
259 -4874.5971
260 -4874.5974
261 -4874.5974
262 -4874.1221
263 -4874.4564
264 -4874.5492
265 -4874.5785
266 -4874.5893
267 -4874.5937
268 -4874.5958
269 -4874.5968
270 -4874.5972
271 -4874.5973
272 -4874.5973
273 -4874.1215
274 -4874.4573
275 -4874.5496
276 -4874.5786
277 -4874.5893
278 -4874.5936
279 -4874.5957
280 -4874.5967
281 -4874.5970
282 -4874.5972
283 -4874.5973
284 -4874.1215
285 -4874.4509
286 -4874.5464
287 -4874.5770
288 -4874.5886
289 -4874.5932
290 -4874.5955
291 -4874.5965
292 -4874.5970
293 -4874.1188
294 -4874.4506
295 -4874.5461
296 -4874.5766
297 -4874.5881
298 -4874.5928
299 -4874.5951
300 -4874.5960
301 -4874.5965
302 -4874.5968
303 -4874.5969
304 -4874.1182
305 -4874.4516
306 -4874.5465
307 -4874.5767
308 -4874.5881
309 -4874.5927
310 -4874.5950
311 -4874.5959
312 -4874.5963
313 -4874.5967
314 -4874.5968
315 -4874.1176
316 -4874.4525
317 -4874.5469
318 -4874.5768
319 -4874.5881
320 -4874.5926
321 -4874.5949
322 -4874.5958
323 -4874.5963
324 -4874.5965
325 -4874.5967
326 -4874.1171
327 -4874.4534
328 -4874.5474
329 -4874.5769
330 -4874.5881
331 -4874.5926
332 -4874.5948
333 -4874.5957
334 -4874.5961
335 -4874.5964
336 -4874.5965
337 -4874.1164
338 -4874.4543
339 -4874.5478
340 -4874.5770
341 -4874.5881
342 -4874.5925
343 -4874.5947
344 -4874.5956
345 -4874.5961
346 -4874.5963
347 -4874.5964
348 -4874.1166
349 -4874.4479
350 -4874.5444
351 -4874.5755
352 -4874.5873
353 -4874.5921
354 -4874.5944
355 -4874.5954
356 -4874.5959
357 -4874.5962
358 -4874.5963
359 -4874.1159
360 -4874.4488
361 -4874.5448
362 -4874.5757
363 -4874.5873
364 -4874.5920
365 -4874.5943
366 -4874.5953
367 -4874.5958
368 -4874.5960
369 -4874.5962
370 -4874.1153
371 -4874.4497
372 -4874.5452
373 -4874.5757
374 -4874.5873
375 -4874.5920
376 -4874.5940
377 -4874.5952
378 -4874.5957
379 -4874.5959
380 -4874.5961
381 -4874.1146
382 -4874.4506
383 -4874.5456
384 -4874.5759
385 -4874.5873
386 -4874.5919
387 -4874.5939
388 -4874.5952
389 -4874.5956
390 -4874.5958
391 -4874.5959
392 -4874.1140
393 -4874.4515
394 -4874.5460
395 -4874.5760
396 -4874.5872
397 -4874.5918
398 -4874.5938
399 -4874.5950
400 -4874.5955
401 -4874.5957
402 -4874.5958
403 -4874.1134
404 -4874.4525
405 -4874.5464
406 -4874.5761
407 -4874.5872
408 -4874.5918
409 -4874.5938
410 -4874.5950
411 -4874.5954
412 -4874.5956
413 -4874.5957
414 -4874.1128
415 -4874.4534
416 -4874.5468
417 -4874.5762
418 -4874.5872
419 -4874.5917
420 -4874.5937
421 -4874.5949
422 -4874.5953
423 -4874.5955
424 -4874.5956
425 -4874.1129
426 -4874.4456
427 -4874.5429
428 -4874.5744
429 -4874.5863
430 -4874.5914
431 -4874.5934
432 -4874.5947
433 -4874.5952
434 -4874.5954
435 -4874.5955
436 -4874.1122
437 -4874.4465
438 -4874.5433
439 -4874.5745
440 -4874.5863
441 -4874.5913
442 -4874.5933
443 -4874.5946
444 -4874.5950
445 -4874.5953
446 -4874.5954
447 -4874.1116
448 -4874.4474
449 -4874.5437
450 -4874.5746
451 -4874.5863
452 -4874.5912
453 -4874.5932
454 -4874.5944
455 -4874.5949
456 -4874.5952
457 -4874.5953
458 -4874.1110
459 -4874.4484
460 -4874.5441
461 -4874.5747
462 -4874.5863
463 -4874.5911
464 -4874.5931
465 -4874.5941
466 -4874.5948
467 -4874.5950
468 -4874.5952
469 -4874.1104
470 -4874.4493
471 -4874.5445
472 -4874.5748
473 -4874.5863
474 -4874.5911
475 -4874.5931
476 -4874.5940
477 -4874.5947
478 -4874.5949
479 -4874.5950
480 -4874.1098
481 -4874.4502
482 -4874.5449
483 -4874.5749
484 -4874.5863
485 -4874.5910
486 -4874.5930
487 -4874.5939
488 -4874.5946
489 -4874.5948
490 -4874.5949
491 -4874.1092
492 -4874.4511
493 -4874.5453
494 -4874.5751
495 -4874.5863
496 -4874.5910
497 -4874.5929
498 -4874.5938
499 -4874.5945
500 -4874.5948
501 -4874.5948
502 -4874.1093
503 -4874.4432
504 -4874.5415
505 -4874.5732
506 -4874.5853
507 -4874.5905
508 -4874.5926
509 -4874.5936
510 -4874.5941
511 -4874.5946
512 -4874.5947
513 -4874.1086
514 -4874.4442
515 -4874.5418
516 -4874.5733
517 -4874.5853
518 -4874.5904
519 -4874.5925
520 -4874.5935
521 -4874.5940
522 -4874.5945
523 -4874.5946
524 -4874.1079
525 -4874.4452
526 -4874.5422
527 -4874.5734
528 -4874.5853
529 -4874.5902
530 -4874.5924
531 -4874.5934
532 -4874.5939
533 -4874.5943
534 -4874.5945
535 -4874.1073
536 -4874.4461
537 -4874.5426
538 -4874.5736
539 -4874.5853
540 -4874.5902
541 -4874.5923
542 -4874.5933
543 -4874.5938
544 -4874.5940
545 -4874.5943
546 -4874.1067
547 -4874.4470
548 -4874.5431
549 -4874.5737
550 -4874.5853
551 -4874.5901
552 -4874.5922
553 -4874.5932
554 -4874.5937
555 -4874.5939
556 -4874.5940
557 -4874.1061
558 -4874.4480
559 -4874.5435
560 -4874.5738
561 -4874.5853
562 -4874.5900
563 -4874.5921
564 -4874.5931
565 -4874.5936
566 -4874.5938
567 -4874.5939
568 -4874.1055
569 -4874.4489
570 -4874.5438
571 -4874.5739
572 -4874.5853
573 -4874.5900
574 -4874.5920
575 -4874.5930
576 -4874.5935
577 -4874.5937
578 -4874.5938
579 -4874.0802
580 -4874.4381
581 -4874.5385
582 -4874.5713
583 -4874.5839
584 -4874.5892
585 -4874.5916
586 -4874.5927
587 -4874.5933
588 -4874.5936
589 -4874.5937
590 -4874.1050
591 -4874.4406
592 -4874.5397
593 -4874.5719
594 -4874.5842
595 -4874.5893
596 -4874.5917
597 -4874.5927
598 -4874.5932
599 -4874.5934
600 -4874.5935
601 -4874.1043
602 -4874.4416
603 -4874.5401
604 -4874.5720
605 -4874.5841
606 -4874.5892
607 -4874.5916
608 -4874.5926
609 -4874.5931
610 -4874.5933
611 -4874.5934
612 -4874.1036
613 -4874.4426
614 -4874.5405
615 -4874.5721
616 -4874.5841
617 -4874.5892
618 -4874.5915
619 -4874.5925
620 -4874.5929
621 -4874.5932
622 -4874.5933
623 -4874.1030
624 -4874.4435
625 -4874.5410
626 -4874.5722
627 -4874.5841
628 -4874.5891
629 -4874.5914
630 -4874.5923
631 -4874.5928
632 -4874.5931
633 -4874.5932
634 -4874.1023
635 -4874.4445
636 -4874.5414
637 -4874.5723
638 -4874.5841
639 -4874.5891
640 -4874.5913
641 -4874.5922
642 -4874.5927
643 -4874.5930
644 -4874.5931
645 -4874.1017
646 -4874.4454
647 -4874.5418
648 -4874.5725
649 -4874.5841
650 -4874.5890
651 -4874.5912
652 -4874.5921
653 -4874.5926
654 -4874.5929
655 -4874.5930
656 -4874.1012
657 -4874.4464
658 -4874.5423
659 -4874.5726
660 -4874.5841
661 -4874.5889
662 -4874.5912
663 -4874.5920
664 -4874.5925
665 -4874.5927
666 -4874.5928
667 -4874.0760
668 -4874.4356
669 -4874.5369
670 -4874.5699
671 -4874.5827
672 -4874.5882
673 -4874.5908
674 -4874.5918
675 -4874.5923
676 -4874.5926
677 -4874.5927
678 -4874.1009
679 -4874.4380
680 -4874.5379
681 -4874.5706
682 -4874.5830
683 -4874.5883
684 -4874.5907
685 -4874.5918
686 -4874.5922
687 -4874.5925
688 -4874.5926
689 -4874.1002
690 -4874.4389
691 -4874.5383
692 -4874.5707
693 -4874.5829
694 -4874.5882
695 -4874.5906
696 -4874.5917
697 -4874.5921
698 -4874.5923
699 -4874.5925
700 -4874.0995
701 -4874.4399
702 -4874.5387
703 -4874.5708
704 -4874.5830
705 -4874.5880
706 -4874.5905
707 -4874.5916
708 -4874.5920
709 -4874.5922
710 -4874.5924
711 -4874.0988
712 -4874.4409
713 -4874.5392
714 -4874.5709
715 -4874.5829
716 -4874.5880
717 -4874.5904
718 -4874.5915
719 -4874.5919
720 -4874.5921
721 -4874.5922
722 -4874.0982
723 -4874.4419
724 -4874.5396
725 -4874.5711
726 -4874.5829
727 -4874.5879
728 -4874.5902
729 -4874.5914
730 -4874.5919
731 -4874.5920
732 -4874.5921
733 -4874.0976
734 -4874.4428
735 -4874.5401
736 -4874.5712
737 -4874.5829
738 -4874.5878
739 -4874.5901
740 -4874.5912
741 -4874.5917
742 -4874.5919
743 -4874.5920
744 -4874.0970
745 -4874.4438
746 -4874.5405
747 -4874.5713
748 -4874.5829
749 -4874.5878
750 -4874.5900
751 -4874.5912
752 -4874.5916
753 -4874.5919
754 -4874.5919
755 -4874.0719
756 -4874.4331
757 -4874.5353
758 -4874.5687
759 -4874.5816
760 -4874.5871
761 -4874.5896
762 -4874.5909
763 -4874.5914
764 -4874.5917
765 -4874.5918
766 -4874.0713
767 -4874.4342
768 -4874.5358
769 -4874.5689
770 -4874.5816
771 -4874.5870
772 -4874.5895
773 -4874.5908
774 -4874.5913
775 -4874.5916
776 -4874.5917
777 -4874.0962
778 -4874.4350
779 -4874.5356
780 -4874.5690
781 -4874.5817
782 -4874.5870
783 -4874.5894
784 -4874.5907
785 -4874.5912
786 -4874.5915
787 -4874.5916
788 -4874.0955
789 -4874.4360
790 -4874.5361
791 -4874.5691
792 -4874.5817
793 -4874.5869
794 -4874.5893
795 -4874.5905
796 -4874.5911
797 -4874.5913
798 -4874.5915
799 -4874.0948
800 -4874.4370
801 -4874.5366
802 -4874.5692
803 -4874.5817
804 -4874.5868
805 -4874.5892
806 -4874.5904
807 -4874.5910
808 -4874.5912
809 -4874.5914
810 -4874.0941
811 -4874.4380
812 -4874.5370
813 -4874.5694
814 -4874.5816
815 -4874.5868
816 -4874.5891
817 -4874.5902
818 -4874.5908
819 -4874.5911
820 -4874.5912
821 -4874.0935
822 -4874.4390
823 -4874.5375
824 -4874.5695
825 -4874.5817
826 -4874.5867
827 -4874.5890
828 -4874.5901
829 -4874.5907
830 -4874.5910
831 -4874.5911
832 -4874.0929
833 -4874.4400
834 -4874.5380
835 -4874.5696
836 -4874.5816
837 -4874.5866
838 -4874.5889
839 -4874.5900
840 -4874.5906
841 -4874.5909
842 -4874.5910
843 -4874.0923
844 -4874.4410
845 -4874.5385
846 -4874.5698
847 -4874.5816
848 -4874.5866
849 -4874.5888
850 -4874.5899
851 -4874.5905
852 -4874.5907
853 -4874.5909
854 -4874.0673
855 -4874.4303
856 -4874.5333
857 -4874.5672
858 -4874.5803
859 -4874.5859
860 -4874.5884
861 -4874.5896
862 -4874.5903
863 -4874.5906
864 -4874.5907
865 -4874.0667
866 -4874.4314
867 -4874.5339
868 -4874.5673
869 -4874.5803
870 -4874.5858
871 -4874.5884
872 -4874.5895
873 -4874.5901
874 -4874.5905
875 -4874.5906
876 -4874.0915
877 -4874.4320
878 -4874.5336
879 -4874.5674
880 -4874.5803
881 -4874.5857
882 -4874.5882
883 -4874.5894
884 -4874.5899
885 -4874.5903
886 -4874.5904
887 -4874.0908
888 -4874.4330
889 -4874.5340
890 -4874.5676
891 -4874.5803
892 -4874.5856
893 -4874.5881
894 -4874.5893
895 -4874.5898
896 -4874.5901
897 -4874.5903
898 -4874.0901
899 -4874.4340
900 -4874.5345
901 -4874.5678
902 -4874.5803
903 -4874.5856
904 -4874.5880
905 -4874.5892
906 -4874.5897
907 -4874.5900
908 -4874.5901
909 -4874.0895
910 -4874.4350
911 -4874.5350
912 -4874.5679
913 -4874.5803
914 -4874.5855
915 -4874.5879
916 -4874.5890
917 -4874.5896
918 -4874.5898
919 -4874.5900
920 -4874.0888
921 -4874.4361
922 -4874.5354
923 -4874.5679
924 -4874.5803
925 -4874.5855
926 -4874.5877
927 -4874.5889
928 -4874.5894
929 -4874.5897
930 -4874.5898
931 -4874.0882
932 -4874.4371
933 -4874.5359
934 -4874.5681
935 -4874.5803
936 -4874.5854
937 -4874.5877
938 -4874.5888
939 -4874.5893
940 -4874.5896
941 -4874.5897
942 -4874.0876
943 -4874.4381
944 -4874.5363
945 -4874.5682
946 -4874.5803
947 -4874.5853
948 -4874.5876
949 -4874.5887
950 -4874.5892
951 -4874.5895
952 -4874.5896
953 -4874.0627
954 -4874.4275
955 -4874.5312
956 -4874.5656
957 -4874.5790
958 -4874.5846
959 -4874.5872
960 -4874.5885
961 -4874.5890
962 -4874.5893
963 -4874.5895
964 -4874.0622
965 -4874.4287
966 -4874.5318
967 -4874.5658
968 -4874.5790
969 -4874.5846
970 -4874.5871
971 -4874.5883
972 -4874.5890
973 -4874.5892
974 -4874.5893
975 -4874.0868
976 -4874.4290
977 -4874.5315
978 -4874.5660
979 -4874.5787
980 -4874.5844
981 -4874.5870
982 -4874.5882
983 -4874.5888
984 -4874.5891
985 -4874.5892
986 -4874.0861
987 -4874.4300
988 -4874.5319
989 -4874.5661
990 -4874.5787
991 -4874.5843
992 -4874.5868
993 -4874.5880
994 -4874.5886
995 -4874.5890
996 -4874.5891
997 -4874.0854
998 -4874.4311
999 -4874.5324
1000 -4874.5663
1001 -4874.5787
1002 -4874.5843
1003 -4874.5867
1004 -4874.5879
1005 -4874.5885
1006 -4874.5888
1007 -4874.5890
1008 -4874.0847
1009 -4874.4321
1010 -4874.5329
1011 -4874.5664
1012 -4874.5787
1013 -4874.5842
1014 -4874.5866
1015 -4874.5878
1016 -4874.5884
1017 -4874.5887
1018 -4874.5888
1019 -4874.0841
1020 -4874.4331
1021 -4874.5334
1022 -4874.5665
1023 -4874.5787
1024 -4874.5841
1025 -4874.5865
1026 -4874.5877
1027 -4874.5883
1028 -4874.5885
1029 -4874.5887
1030 -4874.0834
1031 -4874.4341
1032 -4874.5339
1033 -4874.5667
1034 -4874.5787
1035 -4874.5840
1036 -4874.5865
1037 -4874.5875
1038 -4874.5882
1039 -4874.5884
1040 -4874.5885
1041 -4874.0828
1042 -4874.4352
1043 -4874.5343
1044 -4874.5669
1045 -4874.5787
1046 -4874.5840
1047 -4874.5864
1048 -4874.5875
1049 -4874.5880
1050 -4874.5883
1051 -4874.5884
1052 -4874.0581
1053 -4874.4247
1054 -4874.5292
1055 -4874.5643
1056 -4874.5774
1057 -4874.5833
1058 -4874.5860
1059 -4874.5872
1060 -4874.5878
1061 -4874.5881
1062 -4874.5883
1063 -4874.0575
1064 -4874.4258
1065 -4874.5298
1066 -4874.5645
1067 -4874.5774
1068 -4874.5832
1069 -4874.5859
1070 -4874.5871
1071 -4874.5877
1072 -4874.5879
1073 -4874.5881
1074 -4874.0821
1075 -4874.4258
1076 -4874.5295
1077 -4874.5644
1078 -4874.5773
1079 -4874.5831
1080 -4874.5857
1081 -4874.5869
1082 -4874.5875
1083 -4874.5878
1084 -4874.5880
1085 -4874.0814
1086 -4874.4268
1087 -4874.5299
1088 -4874.5646
1089 -4874.5773
1090 -4874.5830
1091 -4874.5856
1092 -4874.5868
1093 -4874.5874
1094 -4874.5876
1095 -4874.5878
1096 -4874.0807
1097 -4874.4279
1098 -4874.5304
1099 -4874.5647
1100 -4874.5773
1101 -4874.5829
1102 -4874.5855
1103 -4874.5867
1104 -4874.5873
1105 -4874.5875
1106 -4874.5877
1107 -4874.0800
1108 -4874.4291
1109 -4874.5309
1110 -4874.5649
1111 -4874.5773
1112 -4874.5829
1113 -4874.5854
1114 -4874.5866
1115 -4874.5871
1116 -4874.5874
1117 -4874.5875
1118 -4874.0794
1119 -4874.4301
1120 -4874.5314
1121 -4874.5650
1122 -4874.5773
1123 -4874.5828
1124 -4874.5853
1125 -4874.5865
1126 -4874.5870
1127 -4874.5873
1128 -4874.5874
1129 -4874.0787
1130 -4874.4312
1131 -4874.5319
1132 -4874.5652
1133 -4874.5773
1134 -4874.5827
1135 -4874.5852
1136 -4874.5864
1137 -4874.5869
1138 -4874.5871
1139 -4874.5873
1140 -4874.0781
1141 -4874.4323
1142 -4874.5323
1143 -4874.5654
1144 -4874.5773
1145 -4874.5827
1146 -4874.5851
1147 -4874.5862
1148 -4874.5868
1149 -4874.5870
1150 -4874.5871
1151 -4874.0535
1152 -4874.4218
1153 -4874.5272
1154 -4874.5627
1155 -4874.5760
1156 -4874.5820
1157 -4874.5847
1158 -4874.5860
1159 -4874.5866
1160 -4874.5869
1161 -4874.5870
1162 -4874.0529
1163 -4874.4230
1164 -4874.5278
1165 -4874.5629
1166 -4874.5761
1167 -4874.5819
1168 -4874.5846
1169 -4874.5859
1170 -4874.5865
1171 -4874.5868
1172 -4874.5869
1173 -4874.0774
1174 -4874.4228
1175 -4874.5275
1176 -4874.5628
1177 -4874.5759
1178 -4874.5818
1179 -4874.5844
1180 -4874.5857
1181 -4874.5863
1182 -4874.5866
1183 -4874.5867
1184 -4874.0768
1185 -4874.4239
1186 -4874.5279
1187 -4874.5629
1188 -4874.5759
1189 -4874.5817
1190 -4874.5843
1191 -4874.5856
1192 -4874.5862
1193 -4874.5864
1194 -4874.5866
1195 -4874.0761
1196 -4874.4250
1197 -4874.5284
1198 -4874.5631
1199 -4874.5759
1200 -4874.5816
1201 -4874.5842
1202 -4874.5854
1203 -4874.5860
1204 -4874.5863
1205 -4874.5864
1206 -4874.0754
1207 -4874.4260
1208 -4874.5289
1209 -4874.5632
1210 -4874.5759
1211 -4874.5816
1212 -4874.5840
1213 -4874.5853
1214 -4874.5859
1215 -4874.5862
1216 -4874.5863
1217 -4874.0747
1218 -4874.4270
1219 -4874.5294
1220 -4874.5634
1221 -4874.5759
1222 -4874.5815
1223 -4874.5839
1224 -4874.5852
1225 -4874.5858
1226 -4874.5860
1227 -4874.5862
1228 -4874.0738
1229 -4874.4280
1230 -4874.5299
1231 -4874.5635
1232 -4874.5759
1233 -4874.5815
1234 -4874.5838
1235 -4874.5851
1236 -4874.5856
1237 -4874.5859
1238 -4874.5860
1239 -4874.0732
1240 -4874.4291
1241 -4874.5302
1242 -4874.5637
1243 -4874.5759
1244 -4874.5814
1245 -4874.5838
1246 -4874.5850
1247 -4874.5855
1248 -4874.5858
1249 -4874.5859
1250 -4874.0487
1251 -4874.4189
1252 -4874.5252
1253 -4874.5612
1254 -4874.5746
1255 -4874.5807
1256 -4874.5834
1257 -4874.5847
1258 -4874.5853
1259 -4874.5856
1260 -4874.5857
1261 -4874.0481
1262 -4874.4202
1263 -4874.5258
1264 -4874.5614
1265 -4874.5746
1266 -4874.5807
1267 -4874.5833
1268 -4874.5846
1269 -4874.5852
1270 -4874.5855
1271 -4874.5856
1272 -4874.0724
1273 -4874.4198
1274 -4874.5253
1275 -4874.5610
1276 -4874.5744
1277 -4874.5804
1278 -4874.5831
1279 -4874.5844
1280 -4874.5850
1281 -4874.5853
1282 -4874.5855
1283 -4874.0717
1284 -4874.4208
1285 -4874.5258
1286 -4874.5612
1287 -4874.5744
1288 -4874.5804
1289 -4874.5830
1290 -4874.5842
1291 -4874.5849
1292 -4874.5852
1293 -4874.5853
1294 -4874.0710
1295 -4874.4219
1296 -4874.5263
1297 -4874.5614
1298 -4874.5744
1299 -4874.5803
1300 -4874.5829
1301 -4874.5841
1302 -4874.5848
1303 -4874.5851
1304 -4874.5852
1305 -4874.0703
1306 -4874.4230
1307 -4874.5268
1308 -4874.5615
1309 -4874.5744
1310 -4874.5802
1311 -4874.5827
1312 -4874.5839
1313 -4874.5846
1314 -4874.5849
1315 -4874.5851
1316 -4874.0697
1317 -4874.4241
1318 -4874.5273
1319 -4874.5617
1320 -4874.5744
1321 -4874.5802
1322 -4874.5827
1323 -4874.5838
1324 -4874.5845
1325 -4874.5848
1326 -4874.5849
1327 -4874.0690
1328 -4874.4252
1329 -4874.5278
1330 -4874.5619
1331 -4874.5744
1332 -4874.5801
1333 -4874.5826
1334 -4874.5837
1335 -4874.5843
1336 -4874.5846
1337 -4874.5848
1338 -4874.0684
1339 -4874.4263
1340 -4874.5284
1341 -4874.5620
1342 -4874.5745
1343 -4874.5800
1344 -4874.5825
1345 -4874.5836
1346 -4874.5842
1347 -4874.5845
1348 -4874.5847
1349 -4874.0440
1350 -4874.4159
1351 -4874.5234
1352 -4874.5595
1353 -4874.5732
1354 -4874.5794
1355 -4874.5821
1356 -4874.5834
1357 -4874.5840
1358 -4874.5844
1359 -4874.5845
1360 -4874.0434
1361 -4874.4171
1362 -4874.5240
1363 -4874.5597
1364 -4874.5732
1365 -4874.5792
1366 -4874.5820
1367 -4874.5832
1368 -4874.5839
1369 -4874.5842
1370 -4874.5844
1371 -4874.0676
1372 -4874.4165
1373 -4874.5232
1374 -4874.5592
1375 -4874.5729
1376 -4874.5789
1377 -4874.5818
1378 -4874.5831
1379 -4874.5837
1380 -4874.5840
1381 -4874.5842
1382 -4874.0669
1383 -4874.4176
1384 -4874.5236
1385 -4874.5595
1386 -4874.5729
1387 -4874.5788
1388 -4874.5817
1389 -4874.5829
1390 -4874.5836
1391 -4874.5838
1392 -4874.5840
1393 -4874.0663
1394 -4874.4189
1395 -4874.5241
1396 -4874.5597
1397 -4874.5729
1398 -4874.5788
1399 -4874.5816
1400 -4874.5828
1401 -4874.5834
1402 -4874.5837
1403 -4874.5838
1404 -4874.0656
1405 -4874.4200
1406 -4874.5247
1407 -4874.5598
1408 -4874.5729
1409 -4874.5787
1410 -4874.5815
1411 -4874.5827
1412 -4874.5833
1413 -4874.5836
1414 -4874.5837
1415 -4874.0649
1416 -4874.4211
1417 -4874.5252
1418 -4874.5600
1419 -4874.5729
1420 -4874.5786
1421 -4874.5814
1422 -4874.5826
1423 -4874.5832
1424 -4874.5834
1425 -4874.5836
1426 -4874.0643
1427 -4874.4222
1428 -4874.5257
1429 -4874.5602
1430 -4874.5729
1431 -4874.5787
1432 -4874.5813
1433 -4874.5824
1434 -4874.5830
1435 -4874.5833
1436 -4874.5834
1437 -4874.0637
1438 -4874.4233
1439 -4874.5262
1440 -4874.5603
1441 -4874.5729
1442 -4874.5786
1443 -4874.5812
1444 -4874.5823
1445 -4874.5829
1446 -4874.5832
1447 -4874.5833
1448 -4874.0394
1449 -4874.4131
1450 -4874.5213
1451 -4874.5579
1452 -4874.5717
1453 -4874.5779
1454 -4874.5808
1455 -4874.5821
1456 -4874.5827
1457 -4874.5830
1458 -4874.5831
1459 -4874.0387
1460 -4874.4143
1461 -4874.5219
1462 -4874.5581
1463 -4874.5717
1464 -4874.5779
1465 -4874.5807
1466 -4874.5820
1467 -4874.5826
1468 -4874.5829
1469 -4874.5830
1470 -4874.0628
1471 -4874.4134
1472 -4874.5208
1473 -4874.5574
1474 -4874.5715
1475 -4874.5775
1476 -4874.5805
1477 -4874.5818
1478 -4874.5824
1479 -4874.5827
1480 -4874.5829
1481 -4874.0621
1482 -4874.4145
1483 -4874.5215
1484 -4874.5576
1485 -4874.5715
1486 -4874.5774
1487 -4874.5803
1488 -4874.5817
1489 -4874.5822
1490 -4874.5825
1491 -4874.5827
1492 -4874.0614
1493 -4874.4156
1494 -4874.5220
1495 -4874.5578
1496 -4874.5715
1497 -4874.5773
1498 -4874.5803
1499 -4874.5815
1500 -4874.5821
1501 -4874.5824
1502 -4874.5826
1503 -4874.0608
1504 -4874.4168
1505 -4874.5226
1506 -4874.5580
1507 -4874.5715
1508 -4874.5773
1509 -4874.5801
1510 -4874.5814
1511 -4874.5820
1512 -4874.5823
1513 -4874.5824
1514 -4874.0601
1515 -4874.4179
1516 -4874.5231
1517 -4874.5581
1518 -4874.5715
1519 -4874.5772
1520 -4874.5800
1521 -4874.5813
1522 -4874.5819
1523 -4874.5821
1524 -4874.5823
1525 -4874.0595
1526 -4874.4190
1527 -4874.5237
1528 -4874.5583
1529 -4874.5715
1530 -4874.5771
1531 -4874.5798
1532 -4874.5812
1533 -4874.5817
1534 -4874.5820
1535 -4874.5821
1536 -4874.0589
1537 -4874.4203
1538 -4874.5241
1539 -4874.5585
1540 -4874.5716
1541 -4874.5770
1542 -4874.5797
1543 -4874.5811
1544 -4874.5816
1545 -4874.5819
1546 -4874.5821
1547 -4874.0347
1548 -4874.4102
1549 -4874.5192
1550 -4874.5560
1551 -4874.5703
1552 -4874.5764
1553 -4874.5793
1554 -4874.5808
1555 -4874.5815
1556 -4874.5817
1557 -4874.5819
1558 -4874.0341
1559 -4874.4114
1560 -4874.5198
1561 -4874.5563
1562 -4874.5703
1563 -4874.5764
1564 -4874.5792
1565 -4874.5807
1566 -4874.5813
1567 -4874.5816
1568 -4874.5818
1569 -4874.0581
1570 -4874.4103
1571 -4874.5186
1572 -4874.5556
1573 -4874.5700
1574 -4874.5760
1575 -4874.5789
1576 -4874.5804
1577 -4874.5811
1578 -4874.5814
1579 -4874.5816
1580 -4874.0574
1581 -4874.4114
1582 -4874.5191
1583 -4874.5558
1584 -4874.5700
1585 -4874.5760
1586 -4874.5788
1587 -4874.5803
1588 -4874.5810
1589 -4874.5813
1590 -4874.5814
1591 -4874.0566
1592 -4874.4125
1593 -4874.5197
1594 -4874.5560
1595 -4874.5700
1596 -4874.5759
1597 -4874.5787
1598 -4874.5802
1599 -4874.5808
1600 -4874.5811
1601 -4874.5813
1602 -4874.0560
1603 -4874.4137
1604 -4874.5202
1605 -4874.5562
1606 -4874.5700
1607 -4874.5758
1608 -4874.5786
1609 -4874.5800
1610 -4874.5807
1611 -4874.5810
1612 -4874.5811
1613 -4874.0553
1614 -4874.4148
1615 -4874.5208
1616 -4874.5564
1617 -4874.5700
1618 -4874.5758
1619 -4874.5786
1620 -4874.5798
1621 -4874.5805
1622 -4874.5809
1623 -4874.5810
1624 -4874.0547
1625 -4874.4159
1626 -4874.5213
1627 -4874.5566
1628 -4874.5700
1629 -4874.5757
1630 -4874.5785
1631 -4874.5797
1632 -4874.5804
1633 -4874.5807
1634 -4874.5809
1635 -4874.0541
1636 -4874.4171
1637 -4874.5220
1638 -4874.5568
1639 -4874.5700
1640 -4874.5757
1641 -4874.5784
1642 -4874.5796
1643 -4874.5803
1644 -4874.5806
1645 -4874.5807
1646 -4874.0299
1647 -4874.4071
1648 -4874.5172
1649 -4874.5544
1650 -4874.5688
1651 -4874.5750
1652 -4874.5780
1653 -4874.5793
1654 -4874.5801
1655 -4874.5804
1656 -4874.5806
1657 -4874.0293
1658 -4874.4086
1659 -4874.5178
1660 -4874.5546
1661 -4874.5688
1662 -4874.5749
1663 -4874.5778
1664 -4874.5792
1665 -4874.5800
1666 -4874.5803
1667 -4874.5804
1668 -4874.0532
1669 -4874.4072
1670 -4874.5163
1671 -4874.5538
1672 -4874.5684
1673 -4874.5746
1674 -4874.5775
1675 -4874.5789
1676 -4874.5796
1677 -4874.5801
1678 -4874.5803
1679 -4874.0525
1680 -4874.4083
1681 -4874.5169
1682 -4874.5540
1683 -4874.5684
1684 -4874.5745
1685 -4874.5774
1686 -4874.5788
1687 -4874.5795
1688 -4874.5798
1689 -4874.5801
1690 -4874.0518
1691 -4874.4095
1692 -4874.5174
1693 -4874.5542
1694 -4874.5685
1695 -4874.5744
1696 -4874.5772
1697 -4874.5786
1698 -4874.5793
1699 -4874.5797
1700 -4874.5798
1701 -4874.0511
1702 -4874.4106
1703 -4874.5180
1704 -4874.5543
1705 -4874.5685
1706 -4874.5744
1707 -4874.5771
1708 -4874.5786
1709 -4874.5791
1710 -4874.5795
1711 -4874.5797
1712 -4874.0505
1713 -4874.4117
1714 -4874.5186
1715 -4874.5545
1716 -4874.5685
1717 -4874.5743
1718 -4874.5770
1719 -4874.5785
1720 -4874.5790
1721 -4874.5794
1722 -4874.5795
1723 -4874.0498
1724 -4874.4129
1725 -4874.5191
1726 -4874.5547
1727 -4874.5685
1728 -4874.5743
1729 -4874.5769
1730 -4874.5784
1731 -4874.5788
1732 -4874.5792
1733 -4874.5794
1734 -4874.0492
1735 -4874.4141
1736 -4874.5197
1737 -4874.5549
1738 -4874.5686
1739 -4874.5742
1740 -4874.5769
1741 -4874.5781
1742 -4874.5787
1743 -4874.5790
1744 -4874.5792
1745 -4874.0252
1746 -4874.4041
1747 -4874.5149
1748 -4874.5525
1749 -4874.5673
1750 -4874.5735
1751 -4874.5764
1752 -4874.5778
1753 -4874.5785
1754 -4874.5789
1755 -4874.5790
1756 -4874.0247
1757 -4874.4054
1758 -4874.5155
1759 -4874.5528
1760 -4874.5674
1761 -4874.5735
1762 -4874.5764
1763 -4874.5777
1764 -4874.5785
1765 -4874.5787
1766 -4874.5789
1767 -4874.0484
1768 -4874.4041
1769 -4874.5140
1770 -4874.5521
1771 -4874.5670
1772 -4874.5731
1773 -4874.5761
1774 -4874.5775
1775 -4874.5783
1776 -4874.5786
1777 -4874.5787
1778 -4874.0477
1779 -4874.4052
1780 -4874.5146
1781 -4874.5523
1782 -4874.5670
1783 -4874.5730
1784 -4874.5759
1785 -4874.5774
1786 -4874.5781
1787 -4874.5785
1788 -4874.5785
1789 -4874.0470
1790 -4874.4064
1791 -4874.5152
1792 -4874.5523
1793 -4874.5670
1794 -4874.5730
1795 -4874.5758
1796 -4874.5772
1797 -4874.5779
1798 -4874.5783
1799 -4874.5785
1800 -4874.0462
1801 -4874.4075
1802 -4874.5158
1803 -4874.5525
1804 -4874.5670
1805 -4874.5729
1806 -4874.5757
1807 -4874.5771
1808 -4874.5777
1809 -4874.5781
1810 -4874.5783
1811 -4874.0455
1812 -4874.4087
1813 -4874.5163
1814 -4874.5528
1815 -4874.5671
1816 -4874.5728
1817 -4874.5756
1818 -4874.5770
1819 -4874.5776
1820 -4874.5779
1821 -4874.5781
1822 -4874.0449
1823 -4874.4099
1824 -4874.5169
1825 -4874.5529
1826 -4874.5671
1827 -4874.5728
1828 -4874.5755
1829 -4874.5768
1830 -4874.5774
1831 -4874.5778
1832 -4874.5779
1833 -4874.0443
1834 -4874.4110
1835 -4874.5175
1836 -4874.5532
1837 -4874.5671
1838 -4874.5728
1839 -4874.5754
1840 -4874.5767
1841 -4874.5773
1842 -4874.5776
1843 -4874.5778
1844 -4874.0204
1845 -4874.4011
1846 -4874.5127
1847 -4874.5508
1848 -4874.5659
1849 -4874.5722
1850 -4874.5750
1851 -4874.5765
1852 -4874.5771
1853 -4874.5775
1854 -4874.5776
1855 -4874.0198
1856 -4874.4024
1857 -4874.5134
1858 -4874.5510
1859 -4874.5659
1860 -4874.5721
1861 -4874.5749
1862 -4874.5763
1863 -4874.5770
1864 -4874.5773
1865 -4874.5775
1866 -4874.0435
1867 -4874.4006
1868 -4874.5117
1869 -4874.5502
1870 -4874.5655
1871 -4874.5717
1872 -4874.5746
1873 -4874.5761
1874 -4874.5768
1875 -4874.5771
1876 -4874.5773
1877 -4874.0428
1878 -4874.4020
1879 -4874.5123
1880 -4874.5504
1881 -4874.5655
1882 -4874.5716
1883 -4874.5745
1884 -4874.5759
1885 -4874.5766
1886 -4874.5770
1887 -4874.5771
1888 -4874.0421
1889 -4874.4032
1890 -4874.5129
1891 -4874.5506
1892 -4874.5655
1893 -4874.5716
1894 -4874.5744
1895 -4874.5758
1896 -4874.5765
1897 -4874.5768
1898 -4874.5770
1899 -4874.0413
1900 -4874.4044
1901 -4874.5135
1902 -4874.5508
1903 -4874.5655
1904 -4874.5715
1905 -4874.5743
1906 -4874.5757
1907 -4874.5763
1908 -4874.5767
1909 -4874.5768
1910 -4874.0407
1911 -4874.4056
1912 -4874.5141
1913 -4874.5510
1914 -4874.5655
1915 -4874.5715
1916 -4874.5741
1917 -4874.5755
1918 -4874.5762
1919 -4874.5765
1920 -4874.5767
1921 -4874.0400
1922 -4874.4068
1923 -4874.5146
1924 -4874.5512
1925 -4874.5656
1926 -4874.5714
1927 -4874.5740
1928 -4874.5754
1929 -4874.5760
1930 -4874.5763
1931 -4874.5765
1932 -4874.0394
1933 -4874.4079
1934 -4874.5153
1935 -4874.5514
1936 -4874.5656
1937 -4874.5713
1938 -4874.5739
1939 -4874.5753
1940 -4874.5759
1941 -4874.5762
1942 -4874.5763
1943 -4874.0157
1944 -4874.3981
1945 -4874.5106
1946 -4874.5491
1947 -4874.5644
1948 -4874.5707
1949 -4874.5736
1950 -4874.5750
1951 -4874.5757
1952 -4874.5760
1953 -4874.5762
1954 -4874.0151
1955 -4874.3995
1956 -4874.5112
1957 -4874.5493
1958 -4874.5644
1959 -4874.5706
1960 -4874.5735
1961 -4874.5749
1962 -4874.5756
1963 -4874.5759
1964 -4874.5760
1965 -4874.0386
1966 -4874.3974
1967 -4874.5094
1968 -4874.5483
1969 -4874.5638
1970 -4874.5702
1971 -4874.5731
1972 -4874.5746
1973 -4874.5753
1974 -4874.5757
1975 -4874.5759
1976 -4874.0379
1977 -4874.3986
1978 -4874.5100
1979 -4874.5485
1980 -4874.5639
1981 -4874.5701
1982 -4874.5730
1983 -4874.5745
1984 -4874.5752
1985 -4874.5755
1986 -4874.5757
1987 -4874.0372
1988 -4874.3998
1989 -4874.5106
1990 -4874.5487
1991 -4874.5639
1992 -4874.5700
1993 -4874.5729
1994 -4874.5743
1995 -4874.5750
1996 -4874.5754
1997 -4874.5755
1998 -4874.0366
1999 -4874.4010
2000 -4874.5111
2001 -4874.5489
2002 -4874.5639
2003 -4874.5700
2004 -4874.5728
2005 -4874.5742
2006 -4874.5749
2007 -4874.5752
2008 -4874.5754
2009 -4874.0359
2010 -4874.4022
2011 -4874.5118
2012 -4874.5491
2013 -4874.5639
2014 -4874.5699
2015 -4874.5728
2016 -4874.5740
2017 -4874.5747
2018 -4874.5751
2019 -4874.5752
2020 -4874.0352
2021 -4874.4036
2022 -4874.5124
2023 -4874.5493
2024 -4874.5640
2025 -4874.5698
2026 -4874.5727
2027 -4874.5739
2028 -4874.5746
2029 -4874.5749
2030 -4874.5751
2031 -4874.0346
2032 -4874.4049
2033 -4874.5130
2034 -4874.5495
2035 -4874.5640
2036 -4874.5698
2037 -4874.5726
2038 -4874.5738
2039 -4874.5745
2040 -4874.5748
2041 -4874.5749
2042 -4874.0110
2043 -4874.3951
2044 -4874.5083
2045 -4874.5472
2046 -4874.5628
2047 -4874.5691
2048 -4874.5722
2049 -4874.5735
2050 -4874.5742
2051 -4874.5746
2052 -4874.5747
2053 -4874.0104
2054 -4874.3965
2055 -4874.5090
2056 -4874.5475
2057 -4874.5628
2058 -4874.5691
2059 -4874.5721
2060 -4874.5734
2061 -4874.5741
2062 -4874.5745
2063 -4874.5746
2064 -4874.0338
2065 -4874.3942
2066 -4874.5070
2067 -4874.5464
2068 -4874.5622
2069 -4874.5687
2070 -4874.5717
2071 -4874.5731
2072 -4874.5739
2073 -4874.5742
2074 -4874.5744
2075 -4874.0330
2076 -4874.3954
2077 -4874.5076
2078 -4874.5467
2079 -4874.5622
2080 -4874.5686
2081 -4874.5716
2082 -4874.5730
2083 -4874.5737
2084 -4874.5741
2085 -4874.5743
2086 -4874.0323
2087 -4874.3967
2088 -4874.5082
2089 -4874.5469
2090 -4874.5622
2091 -4874.5685
2092 -4874.5715
2093 -4874.5728
2094 -4874.5736
2095 -4874.5739
2096 -4874.5741
2097 -4874.0317
2098 -4874.3979
2099 -4874.5089
2100 -4874.5471
2101 -4874.5622
2102 -4874.5684
2103 -4874.5714
2104 -4874.5727
2105 -4874.5734
2106 -4874.5737
2107 -4874.5739
2108 -4874.0310
2109 -4874.3991
2110 -4874.5095
2111 -4874.5473
2112 -4874.5623
2113 -4874.5684
2114 -4874.5713
2115 -4874.5727
2116 -4874.5732
2117 -4874.5736
2118 -4874.5737
2119 -4874.0303
2120 -4874.4003
2121 -4874.5100
2122 -4874.5475
2123 -4874.5623
2124 -4874.5684
2125 -4874.5712
2126 -4874.5725
2127 -4874.5731
2128 -4874.5734
2129 -4874.5736
2130 -4874.0297
2131 -4874.4015
2132 -4874.5107
2133 -4874.5478
2134 -4874.5623
2135 -4874.5683
2136 -4874.5711
2137 -4874.5724
2138 -4874.5730
2139 -4874.5733
2140 -4874.5734
2141 -4874.0062
2142 -4874.3918
2143 -4874.5060
2144 -4874.5453
2145 -4874.5611
2146 -4874.5677
2147 -4874.5707
2148 -4874.5722
2149 -4874.5728
2150 -4874.5731
2151 -4874.5733
2152 -4874.0056
2153 -4874.3935
2154 -4874.5068
2155 -4874.5456
2156 -4874.5612
2157 -4874.5676
2158 -4874.5706
2159 -4874.5720
2160 -4874.5726
2161 -4874.5730
2162 -4874.5731
2163 -4874.0289
2164 -4874.3909
2165 -4874.5046
2166 -4874.5447
2167 -4874.5605
2168 -4874.5672
2169 -4874.5702
2170 -4874.5718
2171 -4874.5725
2172 -4874.5728
2173 -4874.5729
2174 -4874.0282
2175 -4874.3922
2176 -4874.5053
2177 -4874.5448
2178 -4874.5605
2179 -4874.5672
2180 -4874.5701
2181 -4874.5716
2182 -4874.5723
2183 -4874.5727
2184 -4874.5728
2185 -4874.0275
2186 -4874.3934
2187 -4874.5059
2188 -4874.5451
2189 -4874.5605
2190 -4874.5671
2191 -4874.5700
2192 -4874.5715
2193 -4874.5722
2194 -4874.5725
2195 -4874.5727
2196 -4874.0268
2197 -4874.3947
2198 -4874.5065
2199 -4874.5453
2200 -4874.5605
2201 -4874.5670
2202 -4874.5699
2203 -4874.5713
2204 -4874.5720
2205 -4874.5724
2206 -4874.5725
2207 -4874.0261
2208 -4874.3959
2209 -4874.5071
2210 -4874.5455
2211 -4874.5605
2212 -4874.5670
2213 -4874.5698
2214 -4874.5712
2215 -4874.5719
2216 -4874.5722
2217 -4874.5724
2218 -4874.0255
2219 -4874.3972
2220 -4874.5078
2221 -4874.5457
2222 -4874.5606
2223 -4874.5669
2224 -4874.5696
2225 -4874.5710
2226 -4874.5717
2227 -4874.5721
2228 -4874.5722
2229 -4874.0249
2230 -4874.3984
2231 -4874.5084
2232 -4874.5460
2233 -4874.5606
2234 -4874.5668
2235 -4874.5695
2236 -4874.5709
2237 -4874.5716
2238 -4874.5719
2239 -4874.5721
2240 -4874.0015
2241 -4874.3888
2242 -4874.5038
2243 -4874.5436
2244 -4874.5594
2245 -4874.5662
2246 -4874.5691
2247 -4874.5707
2248 -4874.5714
2249 -4874.5717
2250 -4874.5719
2251 -4874.0009
2252 -4874.3902
2253 -4874.5045
2254 -4874.5438
2255 -4874.5595
2256 -4874.5662
2257 -4874.5690
2258 -4874.5705
2259 -4874.5712
2260 -4874.5716
2261 -4874.5717
2262 -4874.0241
2263 -4874.3877
2264 -4874.5022
2265 -4874.5427
2266 -4874.5586
2267 -4874.5657
2268 -4874.5688
2269 -4874.5702
2270 -4874.5710
2271 -4874.5714
2272 -4874.5715
2273 -4874.0234
2274 -4874.3889
2275 -4874.5029
2276 -4874.5429
2277 -4874.5586
2278 -4874.5657
2279 -4874.5687
2280 -4874.5701
2281 -4874.5708
2282 -4874.5712
2283 -4874.5714
2284 -4874.0227
2285 -4874.3902
2286 -4874.5035
2287 -4874.5432
2288 -4874.5587
2289 -4874.5656
2290 -4874.5685
2291 -4874.5699
2292 -4874.5707
2293 -4874.5710
2294 -4874.5712
2295 -4874.0220
2296 -4874.3914
2297 -4874.5042
2298 -4874.5434
2299 -4874.5587
2300 -4874.5655
2301 -4874.5684
2302 -4874.5698
2303 -4874.5705
2304 -4874.5708
2305 -4874.5710
2306 -4874.0213
2307 -4874.3927
2308 -4874.5048
2309 -4874.5436
2310 -4874.5587
2311 -4874.5655
2312 -4874.5683
2313 -4874.5696
2314 -4874.5703
2315 -4874.5707
2316 -4874.5709
2317 -4874.0207
2318 -4874.3940
2319 -4874.5054
2320 -4874.5438
2321 -4874.5587
2322 -4874.5654
2323 -4874.5683
2324 -4874.5695
2325 -4874.5702
2326 -4874.5705
2327 -4874.5707
2328 -4874.0201
2329 -4874.3952
2330 -4874.5060
2331 -4874.5441
2332 -4874.5588
2333 -4874.5654
2334 -4874.5682
2335 -4874.5694
2336 -4874.5701
2337 -4874.5704
2338 -4874.5705
2339 -4873.9968
2340 -4874.3857
2341 -4874.5015
2342 -4874.5418
2343 -4874.5576
2344 -4874.5647
2345 -4874.5678
2346 -4874.5691
2347 -4874.5699
2348 -4874.5702
2349 -4874.5704
2350 -4873.9962
2351 -4874.3872
2352 -4874.5023
2353 -4874.5421
2354 -4874.5577
2355 -4874.5647
2356 -4874.5677
2357 -4874.5690
2358 -4874.5697
2359 -4874.5700
2360 -4874.5702
2361 -4874.0193
2362 -4874.3844
2363 -4874.4998
2364 -4874.5405
2365 -4874.5568
2366 -4874.5641
2367 -4874.5673
2368 -4874.5688
2369 -4874.5695
2370 -4874.5698
2371 -4874.5700
2372 -4874.0186
2373 -4874.3857
2374 -4874.5005
2375 -4874.5408
2376 -4874.5569
2377 -4874.5641
2378 -4874.5672
2379 -4874.5686
2380 -4874.5693
2381 -4874.5697
2382 -4874.5698
2383 -4874.0178
2384 -4874.3870
2385 -4874.5011
2386 -4874.5410
2387 -4874.5569
2388 -4874.5640
2389 -4874.5671
2390 -4874.5684
2391 -4874.5691
2392 -4874.5695
2393 -4874.5697
2394 -4874.0172
2395 -4874.3882
2396 -4874.5018
2397 -4874.5413
2398 -4874.5570
2399 -4874.5639
2400 -4874.5669
2401 -4874.5683
2402 -4874.5689
2403 -4874.5693
2404 -4874.5695
2405 -4874.0166
2406 -4874.3895
2407 -4874.5024
2408 -4874.5415
2409 -4874.5570
2410 -4874.5638
2411 -4874.5668
2412 -4874.5683
2413 -4874.5688
2414 -4874.5692
2415 -4874.5693
2416 -4874.0159
2417 -4874.3908
2418 -4874.5031
2419 -4874.5417
2420 -4874.5570
2421 -4874.5638
2422 -4874.5667
2423 -4874.5682
2424 -4874.5688
2425 -4874.5690
2426 -4874.5691
2427 -4874.0154
2428 -4874.3920
2429 -4874.5037
2430 -4874.5420
2431 -4874.5571
2432 -4874.5637
2433 -4874.5666
2434 -4874.5680
2435 -4874.5686
2436 -4874.5688
2437 -4874.5690
2438 -4873.9921
2439 -4874.3826
2440 -4874.4992
2441 -4874.5399
2442 -4874.5559
2443 -4874.5631
2444 -4874.5662
2445 -4874.5678
2446 -4874.5683
2447 -4874.5688
2448 -4874.5688
2449 -4873.9917
2450 -4874.3840
2451 -4874.5000
2452 -4874.5402
2453 -4874.5560
2454 -4874.5630
2455 -4874.5661
2456 -4874.5676
2457 -4874.5682
2458 -4874.5686
2459 -4874.5688
2460 -4874.0146
2461 -4874.3811
2462 -4874.4974
2463 -4874.5385
2464 -4874.5550
2465 -4874.5624
2466 -4874.5658
2467 -4874.5673
2468 -4874.5681
2469 -4874.5683
2470 -4874.5686
2471 -4874.0139
2472 -4874.3824
2473 -4874.4980
2474 -4874.5388
2475 -4874.5550
2476 -4874.5624
2477 -4874.5657
2478 -4874.5672
2479 -4874.5679
2480 -4874.5682
2481 -4874.5683
2482 -4874.0132
2483 -4874.3837
2484 -4874.4987
2485 -4874.5390
2486 -4874.5551
2487 -4874.5623
2488 -4874.5655
2489 -4874.5670
2490 -4874.5678
2491 -4874.5681
2492 -4874.5682
2493 -4874.0125
2494 -4874.3849
2495 -4874.4994
2496 -4874.5393
2497 -4874.5551
2498 -4874.5622
2499 -4874.5654
2500 -4874.5669
2501 -4874.5676
2502 -4874.5679
2503 -4874.5681
2504 -4874.0118
2505 -4874.3863
2506 -4874.5000
2507 -4874.5395
2508 -4874.5551
2509 -4874.5622
2510 -4874.5653
2511 -4874.5667
2512 -4874.5675
2513 -4874.5678
2514 -4874.5680
2515 -4874.0112
2516 -4874.3875
2517 -4874.5007
2518 -4874.5397
2519 -4874.5552
2520 -4874.5621
2521 -4874.5652
2522 -4874.5666
2523 -4874.5673
2524 -4874.5677
2525 -4874.5678
2526 -4874.0106
2527 -4874.3889
2528 -4874.5014
2529 -4874.5400
2530 -4874.5552
2531 -4874.5620
2532 -4874.5651
2533 -4874.5665
2534 -4874.5671
2535 -4874.5675
2536 -4874.5676
2537 -4873.9874
2538 -4874.3795
2539 -4874.4969
2540 -4874.5378
2541 -4874.5541
2542 -4874.5614
2543 -4874.5647
2544 -4874.5662
2545 -4874.5669
2546 -4874.5673
2547 -4874.5675
2548 -4873.9869
2549 -4874.3809
2550 -4874.4977
2551 -4874.5381
2552 -4874.5542
2553 -4874.5614
2554 -4874.5646
2555 -4874.5660
2556 -4874.5668
2557 -4874.5671
2558 -4874.5673
2559 -4874.0098
2560 -4874.3778
2561 -4874.4949
2562 -4874.5365
2563 -4874.5532
2564 -4874.5608
2565 -4874.5642
2566 -4874.5658
2567 -4874.5665
2568 -4874.5669
2569 -4874.5671
2570 -4874.0090
2571 -4874.3791
2572 -4874.4956
2573 -4874.5368
2574 -4874.5533
2575 -4874.5607
2576 -4874.5640
2577 -4874.5657
2578 -4874.5663
2579 -4874.5667
2580 -4874.5669
2581 -4874.0083
2582 -4874.3804
2583 -4874.4963
2584 -4874.5370
2585 -4874.5533
2586 -4874.5606
2587 -4874.5639
2588 -4874.5655
2589 -4874.5662
2590 -4874.5665
2591 -4874.5668
2592 -4874.0076
2593 -4874.3817
2594 -4874.4969
2595 -4874.5373
2596 -4874.5534
2597 -4874.5606
2598 -4874.5638
2599 -4874.5654
2600 -4874.5661
2601 -4874.5664
2602 -4874.5665
2603 -4874.0069
2604 -4874.3830
2605 -4874.4977
2606 -4874.5375
2607 -4874.5534
2608 -4874.5605
2609 -4874.5637
2610 -4874.5652
2611 -4874.5660
2612 -4874.5662
2613 -4874.5664
2614 -4874.0063
2615 -4874.3843
2616 -4874.4983
2617 -4874.5378
2618 -4874.5534
2619 -4874.5604
2620 -4874.5636
2621 -4874.5651
2622 -4874.5658
2623 -4874.5662
2624 -4874.5662
2625 -4874.0057
2626 -4874.3856
2627 -4874.4990
2628 -4874.5380
2629 -4874.5535
2630 -4874.5603
2631 -4874.5635
2632 -4874.5649
2633 -4874.5657
2634 -4874.5660
2635 -4874.5662
2636 -4873.9827
2637 -4874.3764
2638 -4874.4946
2639 -4874.5358
2640 -4874.5523
2641 -4874.5596
2642 -4874.5631
2643 -4874.5647
2644 -4874.5654
2645 -4874.5658
2646 -4874.5660
2647 -4873.9821
2648 -4874.3778
2649 -4874.4954
2650 -4874.5361
2651 -4874.5524
2652 -4874.5596
2653 -4874.5630
2654 -4874.5646
2655 -4874.5653
2656 -4874.5656
2657 -4874.5658
2658 -4874.0049
2659 -4874.3744
2660 -4874.4924
2661 -4874.5345
2662 -4874.5514
2663 -4874.5589
2664 -4874.5625
2665 -4874.5642
2666 -4874.5650
2667 -4874.5654
2668 -4874.5656
2669 -4874.0041
2670 -4874.3758
2671 -4874.4931
2672 -4874.5348
2673 -4874.5515
2674 -4874.5588
2675 -4874.5624
2676 -4874.5640
2677 -4874.5648
2678 -4874.5652
2679 -4874.5654
2680 -4874.0034
2681 -4874.3771
2682 -4874.4938
2683 -4874.5350
2684 -4874.5515
2685 -4874.5588
2686 -4874.5623
2687 -4874.5639
2688 -4874.5647
2689 -4874.5651
2690 -4874.5653
2691 -4874.0027
2692 -4874.3785
2693 -4874.4945
2694 -4874.5353
2695 -4874.5516
2696 -4874.5587
2697 -4874.5621
2698 -4874.5637
2699 -4874.5645
2700 -4874.5649
2701 -4874.5650
2702 -4874.0021
2703 -4874.3798
2704 -4874.4952
2705 -4874.5356
2706 -4874.5516
2707 -4874.5587
2708 -4874.5620
2709 -4874.5636
2710 -4874.5643
2711 -4874.5647
2712 -4874.5649
2713 -4874.0014
2714 -4874.3811
2715 -4874.4959
2716 -4874.5358
2717 -4874.5516
2718 -4874.5586
2719 -4874.5619
2720 -4874.5635
2721 -4874.5642
2722 -4874.5645
2723 -4874.5647
2724 -4874.0008
2725 -4874.3825
2726 -4874.4966
2727 -4874.5361
2728 -4874.5517
2729 -4874.5586
2730 -4874.5618
2731 -4874.5633
2732 -4874.5640
2733 -4874.5644
2734 -4874.5646
2735 -4873.9779
2736 -4874.3732
2737 -4874.4922
2738 -4874.5338
2739 -4874.5506
2740 -4874.5579
2741 -4874.5614
2742 -4874.5631
2743 -4874.5638
2744 -4874.5642
2745 -4874.5644
2746 -4873.9773
2747 -4874.3747
2748 -4874.4930
2749 -4874.5342
2750 -4874.5507
2751 -4874.5579
2752 -4874.5613
2753 -4874.5629
2754 -4874.5637
2755 -4874.5640
2756 -4874.5642
2757 -4874.0000
2758 -4874.3713
2759 -4874.4900
2760 -4874.5327
2761 -4874.5496
2762 -4874.5572
2763 -4874.5609
2764 -4874.5626
2765 -4874.5634
2766 -4874.5638
2767 -4874.5640
2768 -4873.9992
2769 -4874.3726
2770 -4874.4906
2771 -4874.5329
2772 -4874.5497
2773 -4874.5571
2774 -4874.5607
2775 -4874.5624
2776 -4874.5632
2777 -4874.5636
2778 -4874.5638
2779 -4873.9985
2780 -4874.3738
2781 -4874.4914
2782 -4874.5332
2783 -4874.5497
2784 -4874.5571
2785 -4874.5606
2786 -4874.5622
2787 -4874.5631
2788 -4874.5634
2789 -4874.5636
2790 -4873.9978
2791 -4874.3752
2792 -4874.4921
2793 -4874.5334
2794 -4874.5497
2795 -4874.5570
2796 -4874.5605
2797 -4874.5621
2798 -4874.5629
2799 -4874.5633
2800 -4874.5634
2801 -4873.9972
2802 -4874.3765
2803 -4874.4928
2804 -4874.5337
2805 -4874.5498
2806 -4874.5570
2807 -4874.5602
2808 -4874.5619
2809 -4874.5627
2810 -4874.5631
2811 -4874.5633
2812 -4873.9965
2813 -4874.3779
2814 -4874.4935
2815 -4874.5340
2816 -4874.5498
2817 -4874.5569
2818 -4874.5601
2819 -4874.5618
2820 -4874.5625
2821 -4874.5629
2822 -4874.5631
2823 -4873.9959
2824 -4874.3792
2825 -4874.4942
2826 -4874.5341
2827 -4874.5499
2828 -4874.5568
2829 -4874.5600
2830 -4874.5617
2831 -4874.5624
2832 -4874.5627
2833 -4874.5629
2834 -4873.9731
2835 -4874.3701
2836 -4874.4899
2837 -4874.5319
2838 -4874.5488
2839 -4874.5562
2840 -4874.5596
2841 -4874.5614
2842 -4874.5622
2843 -4874.5626
2844 -4874.5627
2845 -4873.9725
2846 -4874.3716
2847 -4874.4907
2848 -4874.5323
2849 -4874.5489
2850 -4874.5562
2851 -4874.5595
2852 -4874.5613
2853 -4874.5620
2854 -4874.5624
2855 -4874.5626
2856 -4873.9951
2857 -4874.3680
2858 -4874.4874
2859 -4874.5306
2860 -4874.5478
2861 -4874.5554
2862 -4874.5591
2863 -4874.5609
2864 -4874.5617
2865 -4874.5622
2866 -4874.5624
2867 -4873.9944
2868 -4874.3694
2869 -4874.4882
2870 -4874.5308
2871 -4874.5478
2872 -4874.5553
2873 -4874.5589
2874 -4874.5607
2875 -4874.5616
2876 -4874.5620
2877 -4874.5622
2878 -4873.9937
2879 -4874.3708
2880 -4874.4889
2881 -4874.5311
2882 -4874.5479
2883 -4874.5553
2884 -4874.5588
2885 -4874.5606
2886 -4874.5614
2887 -4874.5618
2888 -4874.5620
2889 -4873.9929
2890 -4874.3721
2891 -4874.4896
2892 -4874.5314
2893 -4874.5480
2894 -4874.5552
2895 -4874.5587
2896 -4874.5604
2897 -4874.5612
2898 -4874.5616
2899 -4874.5618
2900 -4873.9923
2901 -4874.3734
2902 -4874.4903
2903 -4874.5317
2904 -4874.5480
2905 -4874.5551
2906 -4874.5585
2907 -4874.5601
2908 -4874.5610
2909 -4874.5614
2910 -4874.5616
2911 -4873.9917
2912 -4874.3746
2913 -4874.4911
2914 -4874.5319
2915 -4874.5481
2916 -4874.5551
2917 -4874.5584
2918 -4874.5600
2919 -4874.5609
2920 -4874.5612
2921 -4874.5614
2922 -4873.9910
2923 -4874.3761
2924 -4874.4917
2925 -4874.5322
2926 -4874.5481
2927 -4874.5550
2928 -4874.5583
2929 -4874.5598
2930 -4874.5607
2931 -4874.5611
2932 -4874.5613
2933 -4873.9683
2934 -4874.3669
2935 -4874.4875
2936 -4874.5301
2937 -4874.5470
2938 -4874.5544
2939 -4874.5580
2940 -4874.5596
2941 -4874.5605
2942 -4874.5609
2943 -4874.5611
2944 -4873.9677
2945 -4874.3685
2946 -4874.4883
2947 -4874.5305
2948 -4874.5471
2949 -4874.5544
2950 -4874.5578
2951 -4874.5595
2952 -4874.5604
2953 -4874.5607
2954 -4874.5609
2955 -4873.9902
2956 -4874.3647
2957 -4874.4850
2958 -4874.5285
2959 -4874.5461
2960 -4874.5536
2961 -4874.5573
2962 -4874.5591
2963 -4874.5600
2964 -4874.5605
2965 -4874.5607
2966 -4873.9895
2967 -4874.3660
2968 -4874.4858
2969 -4874.5287
2970 -4874.5461
2971 -4874.5535
2972 -4874.5572
2973 -4874.5589
2974 -4874.5597
2975 -4874.5602
2976 -4874.5605
2977 -4873.9888
2978 -4874.3675
2979 -4874.4865
2980 -4874.5290
2981 -4874.5462
2982 -4874.5535
2983 -4874.5571
2984 -4874.5588
2985 -4874.5596
2986 -4874.5600
2987 -4874.5602
2988 -4873.9881
2989 -4874.3688
2990 -4874.4872
2991 -4874.5293
2992 -4874.5462
2993 -4874.5534
2994 -4874.5569
2995 -4874.5586
2996 -4874.5594
2997 -4874.5598
2998 -4874.5600
2999 -4873.9874
3000 -4874.3703
3001 -4874.4878
3002 -4874.5296
3003 -4874.5462
3004 -4874.5534
3005 -4874.5568
3006 -4874.5584
3007 -4874.5592
3008 -4874.5596
3009 -4874.5598
3010 -4873.9869
3011 -4874.3717
3012 -4874.4886
3013 -4874.5299
3014 -4874.5463
3015 -4874.5533
3016 -4874.5567
3017 -4874.5583
3018 -4874.5591
3019 -4874.5594
3020 -4874.5596
3021 -4873.9862
3022 -4874.3729
3023 -4874.4893
3024 -4874.5302
3025 -4874.5464
3026 -4874.5534
3027 -4874.5566
3028 -4874.5582
3029 -4874.5589
3030 -4874.5593
3031 -4874.5594
3032 -4873.9637
3033 -4874.3637
3034 -4874.4851
3035 -4874.5281
3036 -4874.5453
3037 -4874.5528
3038 -4874.5562
3039 -4874.5579
3040 -4874.5587
3041 -4874.5591
3042 -4874.5593
3043 -4873.9630
3044 -4874.3653
3045 -4874.4859
3046 -4874.5284
3047 -4874.5454
3048 -4874.5527
3049 -4874.5561
3050 -4874.5578
3051 -4874.5585
3052 -4874.5589
3053 -4874.5591
3054 -4873.9854
3055 -4874.3613
3056 -4874.4825
3057 -4874.5264
3058 -4874.5441
3059 -4874.5519
3060 -4874.5555
3061 -4874.5574
3062 -4874.5582
3063 -4874.5587
3064 -4874.5589
3065 -4873.9847
3066 -4874.3627
3067 -4874.4832
3068 -4874.5267
3069 -4874.5442
3070 -4874.5518
3071 -4874.5554
3072 -4874.5572
3073 -4874.5581
3074 -4874.5585
3075 -4874.5587
3076 -4873.9840
3077 -4874.3641
3078 -4874.4840
3079 -4874.5270
3080 -4874.5442
3081 -4874.5518
3082 -4874.5552
3083 -4874.5570
3084 -4874.5579
3085 -4874.5583
3086 -4874.5585
3087 -4873.9833
3088 -4874.3655
3089 -4874.4847
3090 -4874.5273
3091 -4874.5443
3092 -4874.5517
3093 -4874.5551
3094 -4874.5569
3095 -4874.5577
3096 -4874.5581
3097 -4874.5583
3098 -4873.9826
3099 -4874.3669
3100 -4874.4855
3101 -4874.5276
3102 -4874.5444
3103 -4874.5516
3104 -4874.5550
3105 -4874.5567
3106 -4874.5575
3107 -4874.5579
3108 -4874.5581
3109 -4873.9821
3110 -4874.3683
3111 -4874.4862
3112 -4874.5279
3113 -4874.5444
3114 -4874.5516
3115 -4874.5549
3116 -4874.5566
3117 -4874.5573
3118 -4874.5577
3119 -4874.5579
3120 -4873.9815
3121 -4874.3697
3122 -4874.4869
3123 -4874.5281
3124 -4874.5445
3125 -4874.5515
3126 -4874.5548
3127 -4874.5564
3128 -4874.5572
3129 -4874.5576
3130 -4874.5578
3131 -4873.9589
3132 -4874.3608
3133 -4874.4826
3134 -4874.5260
3135 -4874.5434
3136 -4874.5509
3137 -4874.5544
3138 -4874.5562
3139 -4874.5570
3140 -4874.5574
3141 -4874.5576
3142 -4873.9583
3143 -4874.3624
3144 -4874.4835
3145 -4874.5263
3146 -4874.5435
3147 -4874.5509
3148 -4874.5543
3149 -4874.5560
3150 -4874.5568
3151 -4874.5572
3152 -4874.5574
3153 -4873.9806
3154 -4874.3579
3155 -4874.4797
3156 -4874.5241
3157 -4874.5421
3158 -4874.5501
3159 -4874.5538
3160 -4874.5556
3161 -4874.5565
3162 -4874.5570
3163 -4874.5572
3164 -4873.9799
3165 -4874.3593
3166 -4874.4804
3167 -4874.5244
3168 -4874.5421
3169 -4874.5500
3170 -4874.5536
3171 -4874.5554
3172 -4874.5563
3173 -4874.5568
3174 -4874.5570
3175 -4873.9792
3176 -4874.3607
3177 -4874.4812
3178 -4874.5247
3179 -4874.5422
3180 -4874.5499
3181 -4874.5535
3182 -4874.5552
3183 -4874.5561
3184 -4874.5566
3185 -4874.5568
3186 -4873.9785
3187 -4874.3621
3188 -4874.4822
3189 -4874.5250
3190 -4874.5422
3191 -4874.5499
3192 -4874.5534
3193 -4874.5551
3194 -4874.5559
3195 -4874.5564
3196 -4874.5566
3197 -4873.9778
3198 -4874.3636
3199 -4874.4829
3200 -4874.5253
3201 -4874.5423
3202 -4874.5498
3203 -4874.5534
3204 -4874.5549
3205 -4874.5558
3206 -4874.5561
3207 -4874.5564
3208 -4873.9772
3209 -4874.3650
3210 -4874.4837
3211 -4874.5256
3212 -4874.5423
3213 -4874.5497
3214 -4874.5532
3215 -4874.5548
3216 -4874.5556
3217 -4874.5559
3218 -4874.5561
3219 -4873.9765
3220 -4874.3665
3221 -4874.4845
3222 -4874.5260
3223 -4874.5424
3224 -4874.5497
3225 -4874.5531
3226 -4874.5546
3227 -4874.5554
3228 -4874.5558
3229 -4874.5560
3230 -4873.9541
3231 -4874.3576
3232 -4874.4803
3233 -4874.5240
3234 -4874.5413
3235 -4874.5491
3236 -4874.5528
3237 -4874.5544
3238 -4874.5552
3239 -4874.5556
3240 -4874.5558
3241 -4873.9535
3242 -4874.3591
3243 -4874.4811
3244 -4874.5243
3245 -4874.5415
3246 -4874.5491
3247 -4874.5526
3248 -4874.5542
3249 -4874.5550
3250 -4874.5554
3251 -4874.5556
3252 -4873.9757
3253 -4874.3542
3254 -4874.4771
3255 -4874.5220
3256 -4874.5401
3257 -4874.5483
3258 -4874.5521
3259 -4874.5538
3260 -4874.5547
3261 -4874.5552
3262 -4874.5554
3263 -4873.9749
3264 -4874.3556
3265 -4874.4779
3266 -4874.5223
3267 -4874.5401
3268 -4874.5482
3269 -4874.5519
3270 -4874.5536
3271 -4874.5545
3272 -4874.5550
3273 -4874.5552
3274 -4873.9742
3275 -4874.3573
3276 -4874.4786
3277 -4874.5226
3278 -4874.5402
3279 -4874.5481
3280 -4874.5517
3281 -4874.5535
3282 -4874.5543
3283 -4874.5548
3284 -4874.5550
3285 -4873.9735
3286 -4874.3588
3287 -4874.4794
3288 -4874.5229
3289 -4874.5403
3290 -4874.5481
3291 -4874.5516
3292 -4874.5533
3293 -4874.5541
3294 -4874.5546
3295 -4874.5548
3296 -4873.9728
3297 -4874.3603
3298 -4874.4802
3299 -4874.5232
3300 -4874.5403
3301 -4874.5480
3302 -4874.5515
3303 -4874.5532
3304 -4874.5540
3305 -4874.5544
3306 -4874.5546
3307 -4873.9721
3308 -4874.3617
3309 -4874.4809
3310 -4874.5235
3311 -4874.5404
3312 -4874.5480
3313 -4874.5514
3314 -4874.5531
3315 -4874.5538
3316 -4874.5542
3317 -4874.5544
3318 -4873.9715
3319 -4874.3631
3320 -4874.4817
3321 -4874.5238
3322 -4874.5405
3323 -4874.5479
3324 -4874.5513
3325 -4874.5530
3326 -4874.5536
3327 -4874.5540
3328 -4874.5542
3329 -4873.9492
3330 -4874.3543
3331 -4874.4778
3332 -4874.5217
3333 -4874.5394
3334 -4874.5473
3335 -4874.5509
3336 -4874.5527
3337 -4874.5534
3338 -4874.5538
3339 -4874.5540
3340 -4873.9486
3341 -4874.3559
3342 -4874.4787
3343 -4874.5221
3344 -4874.5395
3345 -4874.5473
3346 -4874.5508
3347 -4874.5526
3348 -4874.5532
3349 -4874.5537
3350 -4874.5538
3351 -4873.9707
3352 -4874.3508
3353 -4874.4745
3354 -4874.5198
3355 -4874.5381
3356 -4874.5465
3357 -4874.5502
3358 -4874.5521
3359 -4874.5531
3360 -4874.5534
3361 -4874.5536
3362 -4873.9699
3363 -4874.3522
3364 -4874.4753
3365 -4874.5201
3366 -4874.5382
3367 -4874.5465
3368 -4874.5501
3369 -4874.5519
3370 -4874.5529
3371 -4874.5533
3372 -4874.5534
3373 -4873.9692
3374 -4874.3537
3375 -4874.4760
3376 -4874.5204
3377 -4874.5383
3378 -4874.5464
3379 -4874.5499
3380 -4874.5517
3381 -4874.5527
3382 -4874.5531
3383 -4874.5533
3384 -4873.9685
3385 -4874.3551
3386 -4874.4768
3387 -4874.5207
3388 -4874.5383
3389 -4874.5463
3390 -4874.5498
3391 -4874.5516
3392 -4874.5525
3393 -4874.5529
3394 -4874.5531
3395 -4873.9678
3396 -4874.3566
3397 -4874.4776
3398 -4874.5210
3399 -4874.5384
3400 -4874.5463
3401 -4874.5497
3402 -4874.5514
3403 -4874.5523
3404 -4874.5527
3405 -4874.5529
3406 -4873.9671
3407 -4874.3582
3408 -4874.4784
3409 -4874.5213
3410 -4874.5384
3411 -4874.5462
3412 -4874.5496
3413 -4874.5513
3414 -4874.5521
3415 -4874.5525
3416 -4874.5527
3417 -4873.9665
3418 -4874.3598
3419 -4874.4792
3420 -4874.5217
3421 -4874.5385
3422 -4874.5462
3423 -4874.5495
3424 -4874.5511
3425 -4874.5519
3426 -4874.5524
3427 -4874.5526
3428 -4873.9443
3429 -4874.3511
3430 -4874.4751
3431 -4874.5196
3432 -4874.5375
3433 -4874.5456
3434 -4874.5491
3435 -4874.5509
3436 -4874.5517
3437 -4874.5521
3438 -4874.5523
3439 -4873.9438
3440 -4874.3527
3441 -4874.4760
3442 -4874.5200
3443 -4874.5376
3444 -4874.5456
3445 -4874.5490
3446 -4874.5507
3447 -4874.5515
3448 -4874.5519
3449 -4874.5522
3450 -4873.9657
3451 -4874.3473
3452 -4874.4719
3453 -4874.5176
3454 -4874.5362
3455 -4874.5447
3456 -4874.5484
3457 -4874.5503
3458 -4874.5512
3459 -4874.5517
3460 -4874.5519
3461 -4873.9650
3462 -4874.3487
3463 -4874.4727
3464 -4874.5179
3465 -4874.5363
3466 -4874.5446
3467 -4874.5483
3468 -4874.5501
3469 -4874.5510
3470 -4874.5514
3471 -4874.5517
3472 -4873.9643
3473 -4874.3502
3474 -4874.4734
3475 -4874.5182
3476 -4874.5363
3477 -4874.5445
3478 -4874.5482
3479 -4874.5499
3480 -4874.5508
3481 -4874.5512
3482 -4874.5515
3483 -4873.9636
3484 -4874.3518
3485 -4874.4743
3486 -4874.5185
3487 -4874.5364
3488 -4874.5444
3489 -4874.5480
3490 -4874.5498
3491 -4874.5506
3492 -4874.5510
3493 -4874.5513
3494 -4873.9629
3495 -4874.3532
3496 -4874.4751
3497 -4874.5188
3498 -4874.5365
3499 -4874.5444
3500 -4874.5479
3501 -4874.5496
3502 -4874.5504
3503 -4874.5509
3504 -4874.5511
3505 -4873.9622
3506 -4874.3547
3507 -4874.4759
3508 -4874.5192
3509 -4874.5365
3510 -4874.5443
3511 -4874.5478
3512 -4874.5494
3513 -4874.5503
3514 -4874.5507
3515 -4874.5509
3516 -4873.9401
3517 -4874.3459
3518 -4874.4717
3519 -4874.5171
3520 -4874.5355
3521 -4874.5437
3522 -4874.5474
3523 -4874.5492
3524 -4874.5501
3525 -4874.5505
3526 -4874.5507
3527 -4873.9395
3528 -4874.3476
3529 -4874.4726
3530 -4874.5175
3531 -4874.5356
3532 -4874.5437
3533 -4874.5473
3534 -4874.5490
3535 -4874.5499
3536 -4874.5503
3537 -4874.5505
3538 -4873.9389
3539 -4874.3495
3540 -4874.4735
3541 -4874.5179
3542 -4874.5357
3543 -4874.5437
3544 -4874.5472
3545 -4874.5489
3546 -4874.5497
3547 -4874.5501
3548 -4874.5503
3549 -4873.9608
3550 -4874.3438
3551 -4874.4692
3552 -4874.5153
3553 -4874.5343
3554 -4874.5425
3555 -4874.5467
3556 -4874.5485
3557 -4874.5494
3558 -4874.5499
3559 -4874.5501
3560 -4873.9600
3561 -4874.3453
3562 -4874.4701
3563 -4874.5156
3564 -4874.5344
3565 -4874.5425
3566 -4874.5466
3567 -4874.5483
3568 -4874.5492
3569 -4874.5496
3570 -4874.5498
3571 -4873.9593
3572 -4874.3468
3573 -4874.4708
3574 -4874.5160
3575 -4874.5345
3576 -4874.5424
3577 -4874.5464
3578 -4874.5481
3579 -4874.5490
3580 -4874.5494
3581 -4874.5496
3582 -4873.9586
3583 -4874.3483
3584 -4874.4717
3585 -4874.5163
3586 -4874.5346
3587 -4874.5424
3588 -4874.5463
3589 -4874.5479
3590 -4874.5488
3591 -4874.5492
3592 -4874.5494
3593 -4873.9579
3594 -4874.3498
3595 -4874.4725
3596 -4874.5167
3597 -4874.5346
3598 -4874.5423
3599 -4874.5462
3600 -4874.5478
3601 -4874.5486
3602 -4874.5490
3603 -4874.5492
3604 -4873.9573
3605 -4874.3513
3606 -4874.4733
3607 -4874.5170
3608 -4874.5347
3609 -4874.5422
3610 -4874.5460
3611 -4874.5476
3612 -4874.5485
3613 -4874.5489
3614 -4874.5490
3615 -4873.9352
3616 -4874.3426
3617 -4874.4692
3618 -4874.5149
3619 -4874.5335
3620 -4874.5416
3621 -4874.5457
3622 -4874.5474
3623 -4874.5483
3624 -4874.5486
3625 -4874.5488
3626 -4873.9346
3627 -4874.3443
3628 -4874.4701
3629 -4874.5153
3630 -4874.5336
3631 -4874.5416
3632 -4874.5455
3633 -4874.5472
3634 -4874.5481
3635 -4874.5485
3636 -4874.5486
3637 -4873.9340
3638 -4874.3459
3639 -4874.4710
3640 -4874.5157
3641 -4874.5337
3642 -4874.5416
3643 -4874.5454
3644 -4874.5471
3645 -4874.5479
3646 -4874.5483
3647 -4874.5485
3648 -4873.9559
3649 -4874.3404
3650 -4874.4665
3651 -4874.5130
3652 -4874.5323
3653 -4874.5406
3654 -4874.5448
3655 -4874.5467
3656 -4874.5476
3657 -4874.5480
3658 -4874.5483
3659 -4873.9551
3660 -4874.3419
3661 -4874.4674
3662 -4874.5134
3663 -4874.5323
3664 -4874.5406
3665 -4874.5446
3666 -4874.5465
3667 -4874.5474
3668 -4874.5478
3669 -4874.5480
3670 -4873.9543
3671 -4874.3434
3672 -4874.4682
3673 -4874.5137
3674 -4874.5324
3675 -4874.5405
3676 -4874.5445
3677 -4874.5464
3678 -4874.5472
3679 -4874.5476
3680 -4874.5478
3681 -4873.9537
3682 -4874.3449
3683 -4874.4690
3684 -4874.5140
3685 -4874.5325
3686 -4874.5404
3687 -4874.5444
3688 -4874.5462
3689 -4874.5470
3690 -4874.5474
3691 -4874.5476
3692 -4873.9530
3693 -4874.3464
3694 -4874.4699
3695 -4874.5144
3696 -4874.5326
3697 -4874.5404
3698 -4874.5442
3699 -4874.5461
3700 -4874.5469
3701 -4874.5472
3702 -4874.5474
3703 -4873.9523
3704 -4874.3479
3705 -4874.4707
3706 -4874.5148
3707 -4874.5327
3708 -4874.5403
3709 -4874.5441
3710 -4874.5459
3711 -4874.5467
3712 -4874.5470
3713 -4874.5473
3714 -4873.9303
3715 -4874.3393
3716 -4874.4666
3717 -4874.5127
3718 -4874.5316
3719 -4874.5397
3720 -4874.5438
3721 -4874.5456
3722 -4874.5465
3723 -4874.5469
3724 -4874.5470
3725 -4873.9297
3726 -4874.3409
3727 -4874.4676
3728 -4874.5131
3729 -4874.5317
3730 -4874.5397
3731 -4874.5437
3732 -4874.5454
3733 -4874.5463
3734 -4874.5468
3735 -4874.5470
3736 -4873.9291
3737 -4874.3426
3738 -4874.4685
3739 -4874.5135
3740 -4874.5319
3741 -4874.5396
3742 -4874.5435
3743 -4874.5453
3744 -4874.5462
3745 -4874.5466
3746 -4874.5468
3747 -4873.9509
3748 -4874.3370
3749 -4874.4638
3750 -4874.5107
3751 -4874.5302
3752 -4874.5386
3753 -4874.5428
3754 -4874.5448
3755 -4874.5458
3756 -4874.5463
3757 -4874.5465
3758 -4873.9501
3759 -4874.3385
3760 -4874.4647
3761 -4874.5111
3762 -4874.5303
3763 -4874.5386
3764 -4874.5425
3765 -4874.5446
3766 -4874.5456
3767 -4874.5461
3768 -4874.5463
3769 -4873.9493
3770 -4874.3400
3771 -4874.4655
3772 -4874.5114
3773 -4874.5304
3774 -4874.5385
3775 -4874.5424
3776 -4874.5445
3777 -4874.5454
3778 -4874.5458
3779 -4874.5461
3780 -4873.9486
3781 -4874.3415
3782 -4874.4664
3783 -4874.5118
3784 -4874.5304
3785 -4874.5384
3786 -4874.5423
3787 -4874.5443
3788 -4874.5452
3789 -4874.5456
3790 -4874.5459
3791 -4873.9480
3792 -4874.3431
3793 -4874.4672
3794 -4874.5121
3795 -4874.5305
3796 -4874.5384
3797 -4874.5422
3798 -4874.5442
3799 -4874.5450
3800 -4874.5455
3801 -4874.5456
3802 -4873.9473
3803 -4874.3446
3804 -4874.4681
3805 -4874.5125
3806 -4874.5306
3807 -4874.5384
3808 -4874.5421
3809 -4874.5440
3810 -4874.5448
3811 -4874.5453
3812 -4874.5455
3813 -4873.9255
3814 -4874.3359
3815 -4874.4641
3816 -4874.5105
3817 -4874.5296
3818 -4874.5378
3819 -4874.5417
3820 -4874.5437
3821 -4874.5446
3822 -4874.5451
3823 -4874.5453
3824 -4873.9249
3825 -4874.3376
3826 -4874.4650
3827 -4874.5109
3828 -4874.5297
3829 -4874.5377
3830 -4874.5416
3831 -4874.5436
3832 -4874.5444
3833 -4874.5449
3834 -4874.5451
3835 -4873.9243
3836 -4874.3393
3837 -4874.4659
3838 -4874.5113
3839 -4874.5299
3840 -4874.5377
3841 -4874.5415
3842 -4874.5434
3843 -4874.5443
3844 -4874.5447
3845 -4874.5449
3846 -4873.9459
3847 -4874.3335
3848 -4874.4611
3849 -4874.5084
3850 -4874.5282
3851 -4874.5367
3852 -4874.5408
3853 -4874.5428
3854 -4874.5439
3855 -4874.5444
3856 -4874.5446
3857 -4873.9451
3858 -4874.3351
3859 -4874.4619
3860 -4874.5088
3861 -4874.5283
3862 -4874.5366
3863 -4874.5406
3864 -4874.5426
3865 -4874.5437
3866 -4874.5442
3867 -4874.5444
3868 -4873.9444
3869 -4874.3366
3870 -4874.4629
3871 -4874.5091
3872 -4874.5284
3873 -4874.5366
3874 -4874.5405
3875 -4874.5424
3876 -4874.5435
3877 -4874.5440
3878 -4874.5442
3879 -4873.9437
3880 -4874.3382
3881 -4874.4637
3882 -4874.5095
3883 -4874.5285
3884 -4874.5365
3885 -4874.5404
3886 -4874.5422
3887 -4874.5433
3888 -4874.5438
3889 -4874.5440
3890 -4873.9432
3891 -4874.3397
3892 -4874.4646
3893 -4874.5099
3894 -4874.5285
3895 -4874.5365
3896 -4874.5402
3897 -4874.5421
3898 -4874.5431
3899 -4874.5436
3900 -4874.5438
3901 -4873.9426
3902 -4874.3412
3903 -4874.4654
3904 -4874.5102
3905 -4874.5287
3906 -4874.5364
3907 -4874.5401
3908 -4874.5419
3909 -4874.5428
3910 -4874.5434
3911 -4874.5436
3912 -4873.9208
3913 -4874.3326
3914 -4874.4615
3915 -4874.5083
3916 -4874.5276
3917 -4874.5359
3918 -4874.5397
3919 -4874.5416
3920 -4874.5425
3921 -4874.5432
3922 -4874.5434
3923 -4873.9202
3924 -4874.3344
3925 -4874.4624
3926 -4874.5087
3927 -4874.5276
3928 -4874.5358
3929 -4874.5396
3930 -4874.5415
3931 -4874.5424
3932 -4874.5430
3933 -4874.5432
3934 -4873.9196
3935 -4874.3360
3936 -4874.4634
3937 -4874.5091
3938 -4874.5278
3939 -4874.5358
3940 -4874.5396
3941 -4874.5413
3942 -4874.5422
3943 -4874.5427
3944 -4874.5430
3945 -4873.9411
3946 -4874.3300
3947 -4874.4584
3948 -4874.5062
3949 -4874.5259
3950 -4874.5348
3951 -4874.5388
3952 -4874.5408
3953 -4874.5419
3954 -4874.5423
3955 -4874.5426
3956 -4873.9404
3957 -4874.3316
3958 -4874.4593
3959 -4874.5065
3960 -4874.5260
3961 -4874.5348
3962 -4874.5387
3963 -4874.5407
3964 -4874.5417
3965 -4874.5421
3966 -4874.5424
3967 -4873.9396
3968 -4874.3332
3969 -4874.4602
3970 -4874.5068
3971 -4874.5261
3972 -4874.5348
3973 -4874.5386
3974 -4874.5405
3975 -4874.5415
3976 -4874.5419
3977 -4874.5421
3978 -4873.9389
3979 -4874.3347
3980 -4874.4610
3981 -4874.5072
3982 -4874.5262
3983 -4874.5347
3984 -4874.5384
3985 -4874.5403
3986 -4874.5412
3987 -4874.5417
3988 -4874.5419
3989 -4873.9382
3990 -4874.3363
3991 -4874.4619
3992 -4874.5076
3993 -4874.5263
3994 -4874.5346
3995 -4874.5383
3996 -4874.5401
3997 -4874.5411
3998 -4874.5415
3999 -4874.5417
4000 -4873.9376
4001 -4874.3379
4002 -4874.4628
4003 -4874.5079
4004 -4874.5265
4005 -4874.5346
4006 -4874.5382
4007 -4874.5400
4008 -4874.5409
4009 -4874.5413
4010 -4874.5415
4011 -4873.9160
4012 -4874.3294
4013 -4874.4588
4014 -4874.5060
4015 -4874.5255
4016 -4874.5341
4017 -4874.5378
4018 -4874.5397
4019 -4874.5406
4020 -4874.5411
4021 -4874.5413
4022 -4873.9153
4023 -4874.3310
4024 -4874.4598
4025 -4874.5064
4026 -4874.5256
4027 -4874.5340
4028 -4874.5377
4029 -4874.5396
4030 -4874.5404
4031 -4874.5409
4032 -4874.5411
4033 -4873.9148
4034 -4874.3327
4035 -4874.4607
4036 -4874.5068
4037 -4874.5258
4038 -4874.5340
4039 -4874.5376
4040 -4874.5394
4041 -4874.5403
4042 -4874.5407
4043 -4874.5409
4044 -4873.9362
4045 -4874.3265
4046 -4874.4557
4047 -4874.5038
4048 -4874.5238
4049 -4874.5329
4050 -4874.5369
4051 -4874.5389
4052 -4874.5399
4053 -4874.5404
4054 -4874.5406
4055 -4873.9354
4056 -4874.3280
4057 -4874.4566
4058 -4874.5042
4059 -4874.5239
4060 -4874.5328
4061 -4874.5368
4062 -4874.5387
4063 -4874.5397
4064 -4874.5402
4065 -4874.5404
4066 -4873.9346
4067 -4874.3296
4068 -4874.4575
4069 -4874.5045
4070 -4874.5240
4071 -4874.5327
4072 -4874.5366
4073 -4874.5385
4074 -4874.5395
4075 -4874.5400
4076 -4874.5402
4077 -4873.9339
4078 -4874.3313
4079 -4874.4583
4080 -4874.5049
4081 -4874.5241
4082 -4874.5327
4083 -4874.5365
4084 -4874.5383
4085 -4874.5393
4086 -4874.5397
4087 -4874.5400
4088 -4873.9332
4089 -4874.3328
4090 -4874.4592
4091 -4874.5053
4092 -4874.5242
4093 -4874.5326
4094 -4874.5364
4095 -4874.5382
4096 -4874.5391
4097 -4874.5395
4098 -4874.5398
4099 -4873.9326
4100 -4874.3345
4101 -4874.4601
4102 -4874.5056
4103 -4874.5243
4104 -4874.5326
4105 -4874.5363
4106 -4874.5380
4107 -4874.5389
4108 -4874.5393
4109 -4874.5395
4110 -4873.9110
4111 -4874.3261
4112 -4874.4562
4113 -4874.5037
4114 -4874.5233
4115 -4874.5320
4116 -4874.5359
4117 -4874.5377
4118 -4874.5387
4119 -4874.5391
4120 -4874.5393
4121 -4873.9105
4122 -4874.3278
4123 -4874.4572
4124 -4874.5041
4125 -4874.5234
4126 -4874.5320
4127 -4874.5358
4128 -4874.5376
4129 -4874.5385
4130 -4874.5389
4131 -4874.5391
4132 -4873.9099
4133 -4874.3295
4134 -4874.4581
4135 -4874.5045
4136 -4874.5235
4137 -4874.5320
4138 -4874.5357
4139 -4874.5374
4140 -4874.5383
4141 -4874.5387
4142 -4874.5390
4143 -4873.9312
4144 -4874.3229
4145 -4874.4529
4146 -4874.5015
4147 -4874.5217
4148 -4874.5308
4149 -4874.5349
4150 -4874.5370
4151 -4874.5379
4152 -4874.5385
4153 -4874.5387
4154 -4873.9304
4155 -4874.3245
4156 -4874.4538
4157 -4874.5019
4158 -4874.5218
4159 -4874.5308
4160 -4874.5348
4161 -4874.5368
4162 -4874.5377
4163 -4874.5382
4164 -4874.5385
4165 -4873.9297
4166 -4874.3261
4167 -4874.4547
4168 -4874.5022
4169 -4874.5219
4170 -4874.5307
4171 -4874.5348
4172 -4874.5366
4173 -4874.5375
4174 -4874.5380
4175 -4874.5382
4176 -4873.9290
4177 -4874.3277
4178 -4874.4556
4179 -4874.5026
4180 -4874.5220
4181 -4874.5306
4182 -4874.5347
4183 -4874.5364
4184 -4874.5373
4185 -4874.5378
4186 -4874.5380
4187 -4873.9283
4188 -4874.3293
4189 -4874.4565
4190 -4874.5029
4191 -4874.5220
4192 -4874.5306
4193 -4874.5345
4194 -4874.5362
4195 -4874.5372
4196 -4874.5376
4197 -4874.5378
4198 -4873.9276
4199 -4874.3309
4200 -4874.4574
4201 -4874.5033
4202 -4874.5221
4203 -4874.5305
4204 -4874.5344
4205 -4874.5361
4206 -4874.5370
4207 -4874.5374
4208 -4874.5376
4209 -4873.9062
4210 -4874.3227
4211 -4874.4536
4212 -4874.5014
4213 -4874.5212
4214 -4874.5300
4215 -4874.5341
4216 -4874.5358
4217 -4874.5368
4218 -4874.5371
4219 -4874.5374
4220 -4873.9056
4221 -4874.3244
4222 -4874.4546
4223 -4874.5018
4224 -4874.5213
4225 -4874.5299
4226 -4874.5339
4227 -4874.5357
4228 -4874.5366
4229 -4874.5370
4230 -4874.5372
4231 -4873.9050
4232 -4874.3262
4233 -4874.4555
4234 -4874.5022
4235 -4874.5214
4236 -4874.5299
4237 -4874.5338
4238 -4874.5355
4239 -4874.5364
4240 -4874.5368
4241 -4874.5370
4242 -4873.9262
4243 -4874.3193
4244 -4874.4501
4245 -4874.4991
4246 -4874.5195
4247 -4874.5289
4248 -4874.5331
4249 -4874.5350
4250 -4874.5360
4251 -4874.5365
4252 -4874.5368
4253 -4873.9254
4254 -4874.3210
4255 -4874.4510
4256 -4874.4995
4257 -4874.5196
4258 -4874.5288
4259 -4874.5329
4260 -4874.5348
4261 -4874.5358
4262 -4874.5363
4263 -4874.5365
4264 -4873.9247
4265 -4874.3226
4266 -4874.4520
4267 -4874.4999
4268 -4874.5197
4269 -4874.5287
4270 -4874.5328
4271 -4874.5348
4272 -4874.5356
4273 -4874.5361
4274 -4874.5363
4275 -4873.9240
4276 -4874.3242
4277 -4874.4529
4278 -4874.5002
4279 -4874.5198
4280 -4874.5287
4281 -4874.5326
4282 -4874.5346
4283 -4874.5354
4284 -4874.5359
4285 -4874.5361
4286 -4873.9233
4287 -4874.3258
4288 -4874.4538
4289 -4874.5006
4290 -4874.5199
4291 -4874.5286
4292 -4874.5325
4293 -4874.5344
4294 -4874.5352
4295 -4874.5357
4296 -4874.5359
4297 -4873.9226
4298 -4874.3275
4299 -4874.4547
4300 -4874.5010
4301 -4874.5200
4302 -4874.5286
4303 -4874.5324
4304 -4874.5343
4305 -4874.5350
4306 -4874.5355
4307 -4874.5357
4308 -4873.9013
4309 -4874.3192
4310 -4874.4509
4311 -4874.4991
4312 -4874.5190
4313 -4874.5280
4314 -4874.5320
4315 -4874.5340
4316 -4874.5347
4317 -4874.5352
4318 -4874.5355
4319 -4873.9005
4320 -4874.3210
4321 -4874.4519
4322 -4874.4996
4323 -4874.5192
4324 -4874.5280
4325 -4874.5319
4326 -4874.5338
4327 -4874.5346
4328 -4874.5350
4329 -4874.5353
4330 -4873.9000
4331 -4874.3228
4332 -4874.4529
4333 -4874.5000
4334 -4874.5193
4335 -4874.5280
4336 -4874.5318
4337 -4874.5337
4338 -4874.5346
4339 -4874.5348
4340 -4874.5350
4341 -4873.9210
4342 -4874.3157
4343 -4874.4471
4344 -4874.4967
4345 -4874.5173
4346 -4874.5267
4347 -4874.5310
4348 -4874.5332
4349 -4874.5342
4350 -4874.5347
4351 -4874.5348
4352 -4873.9203
4353 -4874.3174
4354 -4874.4482
4355 -4874.4971
4356 -4874.5174
4357 -4874.5266
4358 -4874.5309
4359 -4874.5330
4360 -4874.5340
4361 -4874.5345
4362 -4874.5347
4363 -4873.9195
4364 -4874.3190
4365 -4874.4491
4366 -4874.4975
4367 -4874.5175
4368 -4874.5266
4369 -4874.5307
4370 -4874.5328
4371 -4874.5337
4372 -4874.5343
4373 -4874.5345
4374 -4873.9188
4375 -4874.3207
4376 -4874.4501
4377 -4874.4979
4378 -4874.5176
4379 -4874.5264
4380 -4874.5306
4381 -4874.5326
4382 -4874.5335
4383 -4874.5340
4384 -4874.5343
4385 -4873.9181
4386 -4874.3223
4387 -4874.4511
4388 -4874.4982
4389 -4874.5177
4390 -4874.5264
4391 -4874.5305
4392 -4874.5324
4393 -4874.5334
4394 -4874.5338
4395 -4874.5340
4396 -4873.9175
4397 -4874.3240
4398 -4874.4520
4399 -4874.4986
4400 -4874.5178
4401 -4874.5263
4402 -4874.5304
4403 -4874.5322
4404 -4874.5332
4405 -4874.5336
4406 -4874.5338
4407 -4873.8963
4408 -4874.3158
4409 -4874.4482
4410 -4874.4968
4411 -4874.5168
4412 -4874.5258
4413 -4874.5300
4414 -4874.5320
4415 -4874.5329
4416 -4874.5334
4417 -4874.5336
4418 -4873.8957
4419 -4874.3176
4420 -4874.4492
4421 -4874.4972
4422 -4874.5170
4423 -4874.5258
4424 -4874.5299
4425 -4874.5318
4426 -4874.5327
4427 -4874.5332
4428 -4874.5334
4429 -4873.8952
4430 -4874.3194
4431 -4874.4502
4432 -4874.4977
4433 -4874.5171
4434 -4874.5257
4435 -4874.5298
4436 -4874.5317
4437 -4874.5326
4438 -4874.5330
4439 -4874.5332
4440 -4873.9161
4441 -4874.3121
4442 -4874.4444
4443 -4874.4943
4444 -4874.5151
4445 -4874.5245
4446 -4874.5290
4447 -4874.5311
4448 -4874.5322
4449 -4874.5327
4450 -4874.5330
4451 -4873.9153
4452 -4874.3138
4453 -4874.4453
4454 -4874.4947
4455 -4874.5152
4456 -4874.5244
4457 -4874.5288
4458 -4874.5309
4459 -4874.5320
4460 -4874.5325
4461 -4874.5327
4462 -4873.9146
4463 -4874.3154
4464 -4874.4462
4465 -4874.4951
4466 -4874.5153
4467 -4874.5243
4468 -4874.5288
4469 -4874.5307
4470 -4874.5317
4471 -4874.5322
4472 -4874.5325
4473 -4873.9139
4474 -4874.3171
4475 -4874.4471
4476 -4874.4954
4477 -4874.5154
4478 -4874.5243
4479 -4874.5287
4480 -4874.5306
4481 -4874.5315
4482 -4874.5320
4483 -4874.5323
4484 -4873.9132
4485 -4874.3188
4486 -4874.4482
4487 -4874.4958
4488 -4874.5155
4489 -4874.5243
4490 -4874.5285
4491 -4874.5304
4492 -4874.5313
4493 -4874.5318
4494 -4874.5320
4495 -4873.9125
4496 -4874.3205
4497 -4874.4491
4498 -4874.4963
4499 -4874.5156
4500 -4874.5242
4501 -4874.5284
4502 -4874.5302
4503 -4874.5312
4504 -4874.5316
4505 -4874.5318
4506 -4873.8913
4507 -4874.3124
4508 -4874.4455
4509 -4874.4944
4510 -4874.5147
4511 -4874.5237
4512 -4874.5280
4513 -4874.5299
4514 -4874.5309
4515 -4874.5314
4516 -4874.5316
4517 -4873.8907
4518 -4874.3142
4519 -4874.4466
4520 -4874.4949
4521 -4874.5148
4522 -4874.5237
4523 -4874.5279
4524 -4874.5298
4525 -4874.5307
4526 -4874.5312
4527 -4874.5314
4528 -4873.8902
4529 -4874.3160
4530 -4874.4476
4531 -4874.4953
4532 -4874.5149
4533 -4874.5236
4534 -4874.5278
4535 -4874.5296
4536 -4874.5305
4537 -4874.5310
4538 -4874.5312
4539 -4873.9111
4540 -4874.3085
4541 -4874.4416
4542 -4874.4918
4543 -4874.5128
4544 -4874.5223
4545 -4874.5269
4546 -4874.5291
4547 -4874.5302
4548 -4874.5307
4549 -4874.5309
4550 -4873.9103
4551 -4874.3102
4552 -4874.4425
4553 -4874.4922
4554 -4874.5129
4555 -4874.5223
4556 -4874.5268
4557 -4874.5289
4558 -4874.5299
4559 -4874.5304
4560 -4874.5307
4561 -4873.9095
4562 -4874.3119
4563 -4874.4435
4564 -4874.4926
4565 -4874.5130
4566 -4874.5222
4567 -4874.5267
4568 -4874.5288
4569 -4874.5297
4570 -4874.5302
4571 -4874.5304
4572 -4873.9088
4573 -4874.3136
4574 -4874.4445
4575 -4874.4930
4576 -4874.5131
4577 -4874.5222
4578 -4874.5264
4579 -4874.5286
4580 -4874.5295
4581 -4874.5300
4582 -4874.5302
4583 -4873.9081
4584 -4874.3153
4585 -4874.4454
4586 -4874.4935
4587 -4874.5132
4588 -4874.5221
4589 -4874.5263
4590 -4874.5284
4591 -4874.5292
4592 -4874.5297
4593 -4874.5300
4594 -4873.9075
4595 -4874.3170
4596 -4874.4464
4597 -4874.4939
4598 -4874.5134
4599 -4874.5221
4600 -4874.5261
4601 -4874.5282
4602 -4874.5291
4603 -4874.5295
4604 -4874.5298
4605 -4873.8864
4606 -4874.3090
4607 -4874.4426
4608 -4874.4921
4609 -4874.5124
4610 -4874.5216
4611 -4874.5258
4612 -4874.5279
4613 -4874.5288
4614 -4874.5293
4615 -4874.5295
4616 -4873.8858
4617 -4874.3108
4618 -4874.4438
4619 -4874.4925
4620 -4874.5126
4621 -4874.5215
4622 -4874.5257
4623 -4874.5278
4624 -4874.5288
4625 -4874.5291
4626 -4874.5293
4627 -4873.8853
4628 -4874.3126
4629 -4874.4448
4630 -4874.4930
4631 -4874.5127
4632 -4874.5215
4633 -4874.5256
4634 -4874.5276
4635 -4874.5286
4636 -4874.5289
4637 -4874.5291
4638 -4873.9061
4639 -4874.3049
4640 -4874.4388
4641 -4874.4895
4642 -4874.5106
4643 -4874.5202
4644 -4874.5247
4645 -4874.5270
4646 -4874.5281
4647 -4874.5287
4648 -4874.5289
4649 -4873.9053
4650 -4874.3067
4651 -4874.4398
4652 -4874.4899
4653 -4874.5106
4654 -4874.5201
4655 -4874.5246
4656 -4874.5268
4657 -4874.5279
4658 -4874.5285
4659 -4874.5287
4660 -4873.9045
4661 -4874.3083
4662 -4874.4407
4663 -4874.4903
4664 -4874.5108
4665 -4874.5201
4666 -4874.5244
4667 -4874.5266
4668 -4874.5277
4669 -4874.5282
4670 -4874.5285
4671 -4873.9038
4672 -4874.3100
4673 -4874.4417
4674 -4874.4907
4675 -4874.5109
4676 -4874.5200
4677 -4874.5243
4678 -4874.5263
4679 -4874.5275
4680 -4874.5279
4681 -4874.5283
4682 -4873.9031
4683 -4874.3117
4684 -4874.4426
4685 -4874.4912
4686 -4874.5110
4687 -4874.5200
4688 -4874.5242
4689 -4874.5262
4690 -4874.5273
4691 -4874.5277
4692 -4874.5280
4693 -4873.9025
4694 -4874.3134
4695 -4874.4436
4696 -4874.4914
4697 -4874.5111
4698 -4874.5199
4699 -4874.5241
4700 -4874.5260
4701 -4874.5271
4702 -4874.5275
4703 -4874.5277
4704 -4873.8815
4705 -4874.3054
4706 -4874.4400
4707 -4874.4897
4708 -4874.5102
4709 -4874.5194
4710 -4874.5237
4711 -4874.5257
4712 -4874.5268
4713 -4874.5273
4714 -4874.5275
4715 -4873.8809
4716 -4874.3073
4717 -4874.4410
4718 -4874.4901
4719 -4874.5104
4720 -4874.5194
4721 -4874.5236
4722 -4874.5256
4723 -4874.5267
4724 -4874.5271
4725 -4874.5273
4726 -4873.8803
4727 -4874.3092
4728 -4874.4420
4729 -4874.4906
4730 -4874.5105
4731 -4874.5194
4732 -4874.5235
4733 -4874.5254
4734 -4874.5265
4735 -4874.5269
4736 -4874.5271
4737 -4873.9010
4738 -4874.3011
4739 -4874.4357
4740 -4874.4870
4741 -4874.5083
4742 -4874.5180
4743 -4874.5226
4744 -4874.5248
4745 -4874.5259
4746 -4874.5266
4747 -4874.5269
4748 -4873.9002
4749 -4874.3029
4750 -4874.4367
4751 -4874.4874
4752 -4874.5084
4753 -4874.5180
4754 -4874.5225
4755 -4874.5246
4756 -4874.5257
4757 -4874.5262
4758 -4874.5266
4759 -4873.8995
4760 -4874.3048
4761 -4874.4377
4762 -4874.4879
4763 -4874.5085
4764 -4874.5179
4765 -4874.5223
4766 -4874.5245
4767 -4874.5255
4768 -4874.5260
4769 -4874.5262
4770 -4873.8988
4771 -4874.3065
4772 -4874.4389
4773 -4874.4883
4774 -4874.5086
4775 -4874.5179
4776 -4874.5222
4777 -4874.5243
4778 -4874.5253
4779 -4874.5258
4780 -4874.5260
4781 -4873.8981
4782 -4874.3082
4783 -4874.4399
4784 -4874.4887
4785 -4874.5088
4786 -4874.5179
4787 -4874.5221
4788 -4874.5241
4789 -4874.5251
4790 -4874.5255
4791 -4874.5258
4792 -4873.8974
4793 -4874.3099
4794 -4874.4409
4795 -4874.4892
4796 -4874.5089
4797 -4874.5178
4798 -4874.5219
4799 -4874.5239
4800 -4874.5249
4801 -4874.5253
4802 -4874.5256
4803 -4873.8766
4804 -4874.3020
4805 -4874.4372
4806 -4874.4874
4807 -4874.5080
4808 -4874.5173
4809 -4874.5216
4810 -4874.5236
4811 -4874.5246
4812 -4874.5251
4813 -4874.5253
4814 -4873.8759
4815 -4874.3039
4816 -4874.4383
4817 -4874.4879
4818 -4874.5081
4819 -4874.5173
4820 -4874.5215
4821 -4874.5235
4822 -4874.5245
4823 -4874.5249
4824 -4874.5251
4825 -4873.8754
4826 -4874.3057
4827 -4874.4393
4828 -4874.4884
4829 -4874.5083
4830 -4874.5172
4831 -4874.5214
4832 -4874.5233
4833 -4874.5242
4834 -4874.5247
4835 -4874.5249
4836 -4873.8960
4837 -4874.2975
4838 -4874.4328
4839 -4874.4843
4840 -4874.5060
4841 -4874.5159
4842 -4874.5205
4843 -4874.5227
4844 -4874.5239
4845 -4874.5244
4846 -4874.5247
4847 -4873.8952
4848 -4874.2992
4849 -4874.4338
4850 -4874.4847
4851 -4874.5061
4852 -4874.5158
4853 -4874.5203
4854 -4874.5226
4855 -4874.5236
4856 -4874.5241
4857 -4874.5244
4858 -4873.8944
4859 -4874.3009
4860 -4874.4348
4861 -4874.4852
4862 -4874.5063
4863 -4874.5157
4864 -4874.5202
4865 -4874.5223
4866 -4874.5234
4867 -4874.5239
4868 -4874.5241
4869 -4873.8937
4870 -4874.3027
4871 -4874.4358
4872 -4874.4856
4873 -4874.5063
4874 -4874.5157
4875 -4874.5200
4876 -4874.5221
4877 -4874.5232
4878 -4874.5237
4879 -4874.5239
4880 -4873.8930
4881 -4874.3046
4882 -4874.4368
4883 -4874.4863
4884 -4874.5065
4885 -4874.5157
4886 -4874.5199
4887 -4874.5220
4888 -4874.5230
4889 -4874.5234
4890 -4874.5237
4891 -4873.8924
4892 -4874.3064
4893 -4874.4378
4894 -4874.4867
4895 -4874.5066
4896 -4874.5156
4897 -4874.5198
4898 -4874.5218
4899 -4874.5228
4900 -4874.5232
4901 -4874.5235
4902 -4873.8716
4903 -4874.2986
4904 -4874.4345
4905 -4874.4850
4906 -4874.5057
4907 -4874.5151
4908 -4874.5194
4909 -4874.5215
4910 -4874.5225
4911 -4874.5230
4912 -4874.5233
4913 -4873.8710
4914 -4874.3004
4915 -4874.4356
4916 -4874.4855
4917 -4874.5059
4918 -4874.5151
4919 -4874.5193
4920 -4874.5214
4921 -4874.5223
4922 -4874.5228
4923 -4874.5230
4924 -4873.8705
4925 -4874.3023
4926 -4874.4367
4927 -4874.4859
4928 -4874.5060
4929 -4874.5151
4930 -4874.5192
4931 -4874.5212
4932 -4874.5221
4933 -4874.5226
4934 -4874.5228
4935 -4873.8909
4936 -4874.2938
4937 -4874.4299
4938 -4874.4818
4939 -4874.5037
4940 -4874.5136
4941 -4874.5183
4942 -4874.5206
4943 -4874.5217
4944 -4874.5223
4945 -4874.5226
4946 -4873.8902
4947 -4874.2955
4948 -4874.4309
4949 -4874.4823
4950 -4874.5038
4951 -4874.5135
4952 -4874.5182
4953 -4874.5204
4954 -4874.5215
4955 -4874.5220
4956 -4874.5223
4957 -4873.8894
4958 -4874.2974
4959 -4874.4320
4960 -4874.4827
4961 -4874.5040
4962 -4874.5135
4963 -4874.5180
4964 -4874.5202
4965 -4874.5212
4966 -4874.5218
4967 -4874.5220
4968 -4873.8887
4969 -4874.2991
4970 -4874.4330
4971 -4874.4831
4972 -4874.5041
4973 -4874.5135
4974 -4874.5179
4975 -4874.5200
4976 -4874.5210
4977 -4874.5216
4978 -4874.5218
4979 -4873.8880
4980 -4874.3008
4981 -4874.4340
4982 -4874.4836
4983 -4874.5042
4984 -4874.5134
4985 -4874.5178
4986 -4874.5198
4987 -4874.5209
4988 -4874.5213
4989 -4874.5216
4990 -4873.8873
4991 -4874.3026
4992 -4874.4350
4993 -4874.4840
4994 -4874.5043
4995 -4874.5134
4996 -4874.5176
4997 -4874.5196
4998 -4874.5206
4999 -4874.5211
5000 -4874.5213
5001 -4873.8667
5002 -4874.2950
5003 -4874.4315
5004 -4874.4823
5005 -4874.5035
5006 -4874.5129
5007 -4874.5173
5008 -4874.5194
5009 -4874.5204
5010 -4874.5209
5011 -4874.5211
5012 -4873.8660
5013 -4874.2970
5014 -4874.4326
5015 -4874.4828
5016 -4874.5036
5017 -4874.5129
5018 -4874.5172
5019 -4874.5192
5020 -4874.5202
5021 -4874.5207
5022 -4874.5209
5023 -4873.8655
5024 -4874.2989
5025 -4874.4337
5026 -4874.4833
5027 -4874.5038
5028 -4874.5129
5029 -4874.5171
5030 -4874.5191
5031 -4874.5200
5032 -4874.5205
5033 -4874.5207
5034 -4873.8859
5035 -4874.2900
5036 -4874.4270
5037 -4874.4793
5038 -4874.5014
5039 -4874.5114
5040 -4874.5161
5041 -4874.5184
5042 -4874.5196
5043 -4874.5201
5044 -4874.5204
5045 -4873.8851
5046 -4874.2918
5047 -4874.4281
5048 -4874.4798
5049 -4874.5015
5050 -4874.5113
5051 -4874.5160
5052 -4874.5182
5053 -4874.5193
5054 -4874.5199
5055 -4874.5201
5056 -4873.8844
5057 -4874.2936
5058 -4874.4291
5059 -4874.4802
5060 -4874.5016
5061 -4874.5113
5062 -4874.5159
5063 -4874.5180
5064 -4874.5191
5065 -4874.5196
5066 -4874.5199
5067 -4873.8836
5068 -4874.2954
5069 -4874.4301
5070 -4874.4806
5071 -4874.5018
5072 -4874.5112
5073 -4874.5157
5074 -4874.5179
5075 -4874.5189
5076 -4874.5194
5077 -4874.5197
5078 -4873.8830
5079 -4874.2972
5080 -4874.4312
5081 -4874.4811
5082 -4874.5019
5083 -4874.5112
5084 -4874.5156
5085 -4874.5177
5086 -4874.5187
5087 -4874.5192
5088 -4874.5194
5089 -4873.8823
5090 -4874.2990
5091 -4874.4322
5092 -4874.4815
5093 -4874.5020
5094 -4874.5112
5095 -4874.5155
5096 -4874.5175
5097 -4874.5185
5098 -4874.5190
5099 -4874.5192
5100 -4873.8617
5101 -4874.2913
5102 -4874.4287
5103 -4874.4799
5104 -4874.5012
5105 -4874.5106
5106 -4874.5151
5107 -4874.5172
5108 -4874.5183
5109 -4874.5188
5110 -4874.5190
5111 -4873.8611
5112 -4874.2933
5113 -4874.4298
5114 -4874.4804
5115 -4874.5013
5116 -4874.5106
5117 -4874.5150
5118 -4874.5171
5119 -4874.5180
5120 -4874.5185
5121 -4874.5188
5122 -4873.8606
5123 -4874.2953
5124 -4874.4309
5125 -4874.4809
5126 -4874.5015
5127 -4874.5106
5128 -4874.5149
5129 -4874.5169
5130 -4874.5179
5131 -4874.5183
5132 -4874.5185
5133 -4873.8809
5134 -4874.2864
5135 -4874.4241
5136 -4874.4767
5137 -4874.4990
5138 -4874.5091
5139 -4874.5139
5140 -4874.5162
5141 -4874.5174
5142 -4874.5180
5143 -4874.5183
5144 -4873.8801
5145 -4874.2882
5146 -4874.4251
5147 -4874.4772
5148 -4874.4992
5149 -4874.5091
5150 -4874.5138
5151 -4874.5160
5152 -4874.5172
5153 -4874.5178
5154 -4874.5180
5155 -4873.8793
5156 -4874.2900
5157 -4874.4262
5158 -4874.4777
5159 -4874.4993
5160 -4874.5090
5161 -4874.5136
5162 -4874.5159
5163 -4874.5170
5164 -4874.5175
5165 -4874.5178
5166 -4873.8785
5167 -4874.2918
5168 -4874.4272
5169 -4874.4781
5170 -4874.4995
5171 -4874.5090
5172 -4874.5135
5173 -4874.5157
5174 -4874.5167
5175 -4874.5173
5176 -4874.5175
5177 -4873.8778
5178 -4874.2936
5179 -4874.4283
5180 -4874.4786
5181 -4874.4996
5182 -4874.5090
5183 -4874.5134
5184 -4874.5155
5185 -4874.5165
5186 -4874.5170
5187 -4874.5173
5188 -4873.8772
5189 -4874.2954
5190 -4874.4293
5191 -4874.4791
5192 -4874.4997
5193 -4874.5089
5194 -4874.5132
5195 -4874.5153
5196 -4874.5163
5197 -4874.5168
5198 -4874.5170
5199 -4873.8568
5200 -4874.2878
5201 -4874.4259
5202 -4874.4774
5203 -4874.4988
5204 -4874.5084
5205 -4874.5129
5206 -4874.5150
5207 -4874.5160
5208 -4874.5165
5209 -4874.5168
5210 -4873.8561
5211 -4874.2898
5212 -4874.4270
5213 -4874.4779
5214 -4874.4990
5215 -4874.5084
5216 -4874.5128
5217 -4874.5149
5218 -4874.5159
5219 -4874.5163
5220 -4874.5165
5221 -4873.8556
5222 -4874.2917
5223 -4874.4281
5224 -4874.4784
5225 -4874.4992
5226 -4874.5084
5227 -4874.5127
5228 -4874.5147
5229 -4874.5157
5230 -4874.5161
5231 -4874.5163
5232 -4873.8758
5233 -4874.2828
5234 -4874.4209
5235 -4874.4742
5236 -4874.4967
5237 -4874.5069
5238 -4874.5117
5239 -4874.5141
5240 -4874.5153
5241 -4874.5158
5242 -4874.5161
5243 -4873.8750
5244 -4874.2845
5245 -4874.4220
5246 -4874.4747
5247 -4874.4968
5248 -4874.5068
5249 -4874.5116
5250 -4874.5139
5251 -4874.5150
5252 -4874.5156
5253 -4874.5159
5254 -4873.8742
5255 -4874.2863
5256 -4874.4233
5257 -4874.4751
5258 -4874.4970
5259 -4874.5068
5260 -4874.5114
5261 -4874.5136
5262 -4874.5147
5263 -4874.5153
5264 -4874.5156
5265 -4873.8735
5266 -4874.2882
5267 -4874.4243
5268 -4874.4756
5269 -4874.4971
5270 -4874.5067
5271 -4874.5113
5272 -4874.5134
5273 -4874.5145
5274 -4874.5150
5275 -4874.5153
5276 -4873.8728
5277 -4874.2900
5278 -4874.4254
5279 -4874.4761
5280 -4874.4973
5281 -4874.5067
5282 -4874.5111
5283 -4874.5133
5284 -4874.5143
5285 -4874.5148
5286 -4874.5151
5287 -4873.8721
5288 -4874.2918
5289 -4874.4265
5290 -4874.4766
5291 -4874.4974
5292 -4874.5067
5293 -4874.5110
5294 -4874.5131
5295 -4874.5141
5296 -4874.5146
5297 -4874.5148
5298 -4873.8518
5299 -4874.2842
5300 -4874.4231
5301 -4874.4749
5302 -4874.4965
5303 -4874.5062
5304 -4874.5107
5305 -4874.5128
5306 -4874.5139
5307 -4874.5143
5308 -4874.5146
5309 -4873.8512
5310 -4874.2862
5311 -4874.4242
5312 -4874.4754
5313 -4874.4967
5314 -4874.5062
5315 -4874.5105
5316 -4874.5126
5317 -4874.5137
5318 -4874.5141
5319 -4874.5144
5320 -4873.8506
5321 -4874.2882
5322 -4874.4253
5323 -4874.4759
5324 -4874.4969
5325 -4874.5062
5326 -4874.5104
5327 -4874.5125
5328 -4874.5135
5329 -4874.5140
5330 -4874.5142
5331 -4873.8707
5332 -4874.2791
5333 -4874.4179
5334 -4874.4716
5335 -4874.4943
5336 -4874.5046
5337 -4874.5094
5338 -4874.5118
5339 -4874.5130
5340 -4874.5136
5341 -4874.5139
5342 -4873.8699
5343 -4874.2809
5344 -4874.4190
5345 -4874.4721
5346 -4874.4944
5347 -4874.5045
5348 -4874.5093
5349 -4874.5116
5350 -4874.5127
5351 -4874.5133
5352 -4874.5136
5353 -4873.8692
5354 -4874.2827
5355 -4874.4201
5356 -4874.4726
5357 -4874.4946
5358 -4874.5045
5359 -4874.5092
5360 -4874.5114
5361 -4874.5125
5362 -4874.5131
5363 -4874.5133
5364 -4873.8684
5365 -4874.2845
5366 -4874.4212
5367 -4874.4731
5368 -4874.4947
5369 -4874.5044
5370 -4874.5090
5371 -4874.5112
5372 -4874.5123
5373 -4874.5128
5374 -4874.5131
5375 -4873.8677
5376 -4874.2863
5377 -4874.4223
5378 -4874.4736
5379 -4874.4949
5380 -4874.5044
5381 -4874.5089
5382 -4874.5111
5383 -4874.5121
5384 -4874.5126
5385 -4874.5128
5386 -4873.8671
5387 -4874.2882
5388 -4874.4236
5389 -4874.4740
5390 -4874.4950
5391 -4874.5044
5392 -4874.5088
5393 -4874.5109
5394 -4874.5119
5395 -4874.5124
5396 -4874.5126
5397 -4873.8468
5398 -4874.2807
5399 -4874.4202
5400 -4874.4724
5401 -4874.4942
5402 -4874.5039
5403 -4874.5084
5404 -4874.5106
5405 -4874.5116
5406 -4874.5122
5407 -4874.5124
5408 -4873.8462
5409 -4874.2827
5410 -4874.4214
5411 -4874.4729
5412 -4874.4944
5413 -4874.5039
5414 -4874.5083
5415 -4874.5104
5416 -4874.5115
5417 -4874.5119
5418 -4874.5122
5419 -4873.8456
5420 -4874.2846
5421 -4874.4225
5422 -4874.4734
5423 -4874.4946
5424 -4874.5039
5425 -4874.5082
5426 -4874.5103
5427 -4874.5113
5428 -4874.5117
5429 -4874.5119
5430 -4873.8657
5431 -4874.2753
5432 -4874.4150
5433 -4874.4690
5434 -4874.4920
5435 -4874.5023
5436 -4874.5072
5437 -4874.5096
5438 -4874.5108
5439 -4874.5114
5440 -4874.5117
5441 -4873.8649
5442 -4874.2772
5443 -4874.4161
5444 -4874.4696
5445 -4874.4922
5446 -4874.5023
5447 -4874.5071
5448 -4874.5094
5449 -4874.5106
5450 -4874.5111
5451 -4874.5114
5452 -4873.8641
5453 -4874.2791
5454 -4874.4172
5455 -4874.4700
5456 -4874.4922
5457 -4874.5022
5458 -4874.5069
5459 -4874.5092
5460 -4874.5103
5461 -4874.5108
5462 -4874.5111
5463 -4873.8634
5464 -4874.2809
5465 -4874.4183
5466 -4874.4705
5467 -4874.4924
5468 -4874.5022
5469 -4874.5068
5470 -4874.5090
5471 -4874.5101
5472 -4874.5106
5473 -4874.5109
5474 -4873.8627
5475 -4874.2828
5476 -4874.4194
5477 -4874.4710
5478 -4874.4925
5479 -4874.5021
5480 -4874.5067
5481 -4874.5088
5482 -4874.5099
5483 -4874.5104
5484 -4874.5106
5485 -4873.8620
5486 -4874.2846
5487 -4874.4204
5488 -4874.4715
5489 -4874.4926
5490 -4874.5021
5491 -4874.5065
5492 -4874.5086
5493 -4874.5097
5494 -4874.5102
5495 -4874.5104
5496 -4873.8419
5497 -4874.2771
5498 -4874.4171
5499 -4874.4699
5500 -4874.4918
5501 -4874.5016
5502 -4874.5062
5503 -4874.5084
5504 -4874.5094
5505 -4874.5099
5506 -4874.5102
5507 -4873.8412
5508 -4874.2791
5509 -4874.4183
5510 -4874.4704
5511 -4874.4920
5512 -4874.5016
5513 -4874.5061
5514 -4874.5082
5515 -4874.5092
5516 -4874.5097
5517 -4874.5099
5518 -4873.8407
5519 -4874.2811
5520 -4874.4197
5521 -4874.4709
5522 -4874.4922
5523 -4874.5016
5524 -4874.5060
5525 -4874.5080
5526 -4874.5090
5527 -4874.5095
5528 -4874.5097
5529 -4873.8606
5530 -4874.2716
5531 -4874.4119
5532 -4874.4664
5533 -4874.4896
5534 -4874.5000
5535 -4874.5050
5536 -4874.5074
5537 -4874.5086
5538 -4874.5092
5539 -4874.5094
5540 -4873.8597
5541 -4874.2735
5542 -4874.4130
5543 -4874.4669
5544 -4874.4898
5545 -4874.4999
5546 -4874.5048
5547 -4874.5072
5548 -4874.5083
5549 -4874.5089
5550 -4874.5092
5551 -4873.8590
5552 -4874.2754
5553 -4874.4142
5554 -4874.4674
5555 -4874.4899
5556 -4874.4999
5557 -4874.5047
5558 -4874.5070
5559 -4874.5081
5560 -4874.5086
5561 -4874.5089
5562 -4873.8583
5563 -4874.2773
5564 -4874.4153
5565 -4874.4679
5566 -4874.4901
5567 -4874.4998
5568 -4874.5045
5569 -4874.5067
5570 -4874.5078
5571 -4874.5084
5572 -4874.5086
5573 -4873.8576
5574 -4874.2791
5575 -4874.4164
5576 -4874.4684
5577 -4874.4902
5578 -4874.4998
5579 -4874.5044
5580 -4874.5066
5581 -4874.5076
5582 -4874.5081
5583 -4874.5084
5584 -4873.8569
5585 -4874.2810
5586 -4874.4175
5587 -4874.4689
5588 -4874.4904
5589 -4874.4998
5590 -4874.5043
5591 -4874.5064
5592 -4874.5074
5593 -4874.5079
5594 -4874.5081
5595 -4873.8368
5596 -4874.2736
5597 -4874.4142
5598 -4874.4673
5599 -4874.4896
5600 -4874.4993
5601 -4874.5039
5602 -4874.5061
5603 -4874.5072
5604 -4874.5077
5605 -4874.5079
5606 -4873.8362
5607 -4874.2756
5608 -4874.4154
5609 -4874.4679
5610 -4874.4897
5611 -4874.4993
5612 -4874.5038
5613 -4874.5059
5614 -4874.5070
5615 -4874.5075
5616 -4874.5077
5617 -4873.8356
5618 -4874.2776
5619 -4874.4166
5620 -4874.4684
5621 -4874.4899
5622 -4874.4993
5623 -4874.5037
5624 -4874.5058
5625 -4874.5068
5626 -4874.5073
5627 -4874.5075
5628 -4873.8555
5629 -4874.2679
5630 -4874.4089
5631 -4874.4638
5632 -4874.4872
5633 -4874.4977
5634 -4874.5027
5635 -4874.5051
5636 -4874.5063
5637 -4874.5069
5638 -4874.5072
5639 -4873.8546
5640 -4874.2697
5641 -4874.4101
5642 -4874.4643
5643 -4874.4873
5644 -4874.4976
5645 -4874.5025
5646 -4874.5049
5647 -4874.5060
5648 -4874.5066
5649 -4874.5069
5650 -4873.8539
5651 -4874.2717
5652 -4874.4112
5653 -4874.4648
5654 -4874.4875
5655 -4874.4976
5656 -4874.5024
5657 -4874.5047
5658 -4874.5058
5659 -4874.5064
5660 -4874.5066
5661 -4873.8532
5662 -4874.2735
5663 -4874.4123
5664 -4874.4653
5665 -4874.4876
5666 -4874.4975
5667 -4874.5022
5668 -4874.5045
5669 -4874.5056
5670 -4874.5061
5671 -4874.5064
5672 -4873.8525
5673 -4874.2754
5674 -4874.4134
5675 -4874.4658
5676 -4874.4878
5677 -4874.4975
5678 -4874.5021
5679 -4874.5043
5680 -4874.5054
5681 -4874.5059
5682 -4874.5061
5683 -4873.8518
5684 -4874.2773
5685 -4874.4146
5686 -4874.4663
5687 -4874.4880
5688 -4874.4975
5689 -4874.5020
5690 -4874.5041
5691 -4874.5052
5692 -4874.5057
5693 -4874.5059
5694 -4873.8318
5695 -4874.2700
5696 -4874.4113
5697 -4874.4647
5698 -4874.4872
5699 -4874.4970
5700 -4874.5016
5701 -4874.5038
5702 -4874.5049
5703 -4874.5054
5704 -4874.5056
5705 -4873.8312
5706 -4874.2721
5707 -4874.4126
5708 -4874.4653
5709 -4874.4874
5710 -4874.4970
5711 -4874.5015
5712 -4874.5037
5713 -4874.5047
5714 -4874.5052
5715 -4874.5054
5716 -4873.8306
5717 -4874.2741
5718 -4874.4137
5719 -4874.4659
5720 -4874.4875
5721 -4874.4970
5722 -4874.5014
5723 -4874.5035
5724 -4874.5045
5725 -4874.5050
5726 -4874.5052
5727 -4873.8504
5728 -4874.2641
5729 -4874.4059
5730 -4874.4612
5731 -4874.4845
5732 -4874.4953
5733 -4874.5004
5734 -4874.5028
5735 -4874.5040
5736 -4874.5047
5737 -4874.5049
5738 -4873.8496
5739 -4874.2660
5740 -4874.4070
5741 -4874.4617
5742 -4874.4846
5743 -4874.4952
5744 -4874.5002
5745 -4874.5026
5746 -4874.5038
5747 -4874.5044
5748 -4874.5047
5749 -4873.8488
5750 -4874.2680
5751 -4874.4082
5752 -4874.4622
5753 -4874.4848
5754 -4874.4952
5755 -4874.5001
5756 -4874.5024
5757 -4874.5035
5758 -4874.5041
5759 -4874.5044
5760 -4873.8482
5761 -4874.2699
5762 -4874.4094
5763 -4874.4627
5764 -4874.4850
5765 -4874.4952
5766 -4874.4999
5767 -4874.5022
5768 -4874.5033
5769 -4874.5038
5770 -4874.5041
5771 -4873.8475
5772 -4874.2718
5773 -4874.4105
5774 -4874.4632
5775 -4874.4851
5776 -4874.4951
5777 -4874.4998
5778 -4874.5020
5779 -4874.5031
5780 -4874.5036
5781 -4874.5039
5782 -4873.8469
5783 -4874.2737
5784 -4874.4116
5785 -4874.4637
5786 -4874.4853
5787 -4874.4951
5788 -4874.4997
5789 -4874.5018
5790 -4874.5029
5791 -4874.5034
5792 -4874.5036
5793 -4873.8269
5794 -4874.2664
5795 -4874.4084
5796 -4874.4622
5797 -4874.4845
5798 -4874.4946
5799 -4874.4993
5800 -4874.5015
5801 -4874.5026
5802 -4874.5031
5803 -4874.5034
5804 -4873.8265
5805 -4874.2685
5806 -4874.4096
5807 -4874.4627
5808 -4874.4847
5809 -4874.4946
5810 -4874.4992
5811 -4874.5014
5812 -4874.5024
5813 -4874.5029
5814 -4874.5032
5815 -4873.8259
5816 -4874.2705
5817 -4874.4109
5818 -4874.4633
5819 -4874.4849
5820 -4874.4946
5821 -4874.4991
5822 -4874.5012
5823 -4874.5022
5824 -4874.5027
5825 -4874.5030
5826 -4873.8455
5827 -4874.2601
5828 -4874.4029
5829 -4874.4585
5830 -4874.4820
5831 -4874.4929
5832 -4874.4980
5833 -4874.5005
5834 -4874.5018
5835 -4874.5024
5836 -4874.5027
5837 -4873.8447
5838 -4874.2623
5839 -4874.4040
5840 -4874.4590
5841 -4874.4822
5842 -4874.4929
5843 -4874.4979
5844 -4874.5003
5845 -4874.5015
5846 -4874.5021
5847 -4874.5024
5848 -4873.8439
5849 -4874.2643
5850 -4874.4052
5851 -4874.4596
5852 -4874.4823
5853 -4874.4928
5854 -4874.4977
5855 -4874.5001
5856 -4874.5012
5857 -4874.5018
5858 -4874.5021
5859 -4873.8432
5860 -4874.2661
5861 -4874.4063
5862 -4874.4601
5863 -4874.4825
5864 -4874.4928
5865 -4874.4976
5866 -4874.4999
5867 -4874.5010
5868 -4874.5016
5869 -4874.5018
5870 -4873.8425
5871 -4874.2681
5872 -4874.4075
5873 -4874.4606
5874 -4874.4827
5875 -4874.4928
5876 -4874.4975
5877 -4874.4997
5878 -4874.5008
5879 -4874.5013
5880 -4874.5016
5881 -4873.8418
5882 -4874.2700
5883 -4874.4086
5884 -4874.4611
5885 -4874.4829
5886 -4874.4927
5887 -4874.4973
5888 -4874.4995
5889 -4874.5006
5890 -4874.5011
5891 -4874.5013
5892 -4873.8220
5893 -4874.2628
5894 -4874.4055
5895 -4874.4596
5896 -4874.4821
5897 -4874.4923
5898 -4874.4970
5899 -4874.4992
5900 -4874.5004
5901 -4874.5009
5902 -4874.5011
5903 -4873.8214
5904 -4874.2649
5905 -4874.4067
5906 -4874.4601
5907 -4874.4823
5908 -4874.4923
5909 -4874.4969
5910 -4874.4991
5911 -4874.5001
5912 -4874.5006
5913 -4874.5009
5914 -4873.8209
5915 -4874.2670
5916 -4874.4079
5917 -4874.4607
5918 -4874.4825
5919 -4874.4923
5920 -4874.4968
5921 -4874.4989
5922 -4874.4999
5923 -4874.5004
5924 -4874.5007
5925 -4873.8404
5926 -4874.2564
5927 -4874.3998
5928 -4874.4558
5929 -4874.4795
5930 -4874.4907
5931 -4874.4957
5932 -4874.4982
5933 -4874.4994
5934 -4874.5001
5935 -4874.5004
5936 -4873.8396
5937 -4874.2582
5938 -4874.4010
5939 -4874.4563
5940 -4874.4797
5941 -4874.4906
5942 -4874.4955
5943 -4874.4980
5944 -4874.4992
5945 -4874.4998
5946 -4874.5001
5947 -4873.8389
5948 -4874.2602
5949 -4874.4022
5950 -4874.4569
5951 -4874.4799
5952 -4874.4905
5953 -4874.4954
5954 -4874.4978
5955 -4874.4989
5956 -4874.4995
5957 -4874.4998
5958 -4873.8381
5959 -4874.2624
5960 -4874.4033
5961 -4874.4574
5962 -4874.4801
5963 -4874.4905
5964 -4874.4952
5965 -4874.4976
5966 -4874.4987
5967 -4874.4992
5968 -4874.4995
5969 -4873.8375
5970 -4874.2644
5971 -4874.4045
5972 -4874.4579
5973 -4874.4802
5974 -4874.4905
5975 -4874.4951
5976 -4874.4974
5977 -4874.4985
5978 -4874.4990
5979 -4874.4993
5980 -4873.8368
5981 -4874.2663
5982 -4874.4056
5983 -4874.4585
5984 -4874.4804
5985 -4874.4905
5986 -4874.4950
5987 -4874.4972
5988 -4874.4983
5989 -4874.4988
5990 -4874.4990
5991 -4873.8170
5992 -4874.2592
5993 -4874.4025
5994 -4874.4570
5995 -4874.4796
5996 -4874.4900
5997 -4874.4947
5998 -4874.4969
5999 -4874.4980
6000 -4874.4985
6001 -4874.4988
6002 -4873.8164
6003 -4874.2613
6004 -4874.4038
6005 -4874.4576
6006 -4874.4798
6007 -4874.4900
6008 -4874.4946
6009 -4874.4968
6010 -4874.4978
6011 -4874.4983
6012 -4874.4986
6013 -4873.8159
6014 -4874.2634
6015 -4874.4050
6016 -4874.4581
6017 -4874.4800
6018 -4874.4900
6019 -4874.4945
6020 -4874.4966
6021 -4874.4976
6022 -4874.4981
6023 -4874.4983
6024 -4873.8354
6025 -4874.2525
6026 -4874.3968
6027 -4874.4531
6028 -4874.4770
6029 -4874.4882
6030 -4874.4933
6031 -4874.4958
6032 -4874.4971
6033 -4874.4978
6034 -4874.4980
6035 -4873.8346
6036 -4874.2545
6037 -4874.3979
6038 -4874.4536
6039 -4874.4772
6040 -4874.4882
6041 -4874.4932
6042 -4874.4957
6043 -4874.4969
6044 -4874.4975
6045 -4874.4978
6046 -4873.8338
6047 -4874.2565
6048 -4874.3991
6049 -4874.4542
6050 -4874.4774
6051 -4874.4881
6052 -4874.4930
6053 -4874.4954
6054 -4874.4966
6055 -4874.4972
6056 -4874.4975
6057 -4873.8331
6058 -4874.2584
6059 -4874.4003
6060 -4874.4548
6061 -4874.4776
6062 -4874.4881
6063 -4874.4929
6064 -4874.4952
6065 -4874.4964
6066 -4874.4969
6067 -4874.4972
6068 -4873.8324
6069 -4874.2604
6070 -4874.4015
6071 -4874.4553
6072 -4874.4777
6073 -4874.4881
6074 -4874.4927
6075 -4874.4950
6076 -4874.4961
6077 -4874.4967
6078 -4874.4970
6079 -4873.8317
6080 -4874.2626
6081 -4874.4026
6082 -4874.4558
6083 -4874.4779
6084 -4874.4881
6085 -4874.4926
6086 -4874.4948
6087 -4874.4959
6088 -4874.4964
6089 -4874.4967
6090 -4873.8121
6091 -4874.2556
6092 -4874.3995
6093 -4874.4543
6094 -4874.4771
6095 -4874.4876
6096 -4874.4923
6097 -4874.4946
6098 -4874.4957
6099 -4874.4962
6100 -4874.4964
6101 -4873.8115
6102 -4874.2576
6103 -4874.4008
6104 -4874.4549
6105 -4874.4774
6106 -4874.4876
6107 -4874.4922
6108 -4874.4944
6109 -4874.4955
6110 -4874.4960
6111 -4874.4962
6112 -4873.8109
6113 -4874.2598
6114 -4874.4021
6115 -4874.4555
6116 -4874.4775
6117 -4874.4876
6118 -4874.4921
6119 -4874.4942
6120 -4874.4953
6121 -4874.4958
6122 -4874.4960
6123 -4873.8303
6124 -4874.2487
6125 -4874.3936
6126 -4874.4503
6127 -4874.4745
6128 -4874.4856
6129 -4874.4911
6130 -4874.4935
6131 -4874.4948
6132 -4874.4954
6133 -4874.4957
6134 -4873.8294
6135 -4874.2507
6136 -4874.3949
6137 -4874.4508
6138 -4874.4747
6139 -4874.4855
6140 -4874.4909
6141 -4874.4933
6142 -4874.4945
6143 -4874.4951
6144 -4874.4954
6145 -4873.8287
6146 -4874.2526
6147 -4874.3961
6148 -4874.4513
6149 -4874.4749
6150 -4874.4855
6151 -4874.4907
6152 -4874.4931
6153 -4874.4943
6154 -4874.4949
6155 -4874.4951
6156 -4873.8280
6157 -4874.2547
6158 -4874.3973
6159 -4874.4519
6160 -4874.4751
6161 -4874.4855
6162 -4874.4906
6163 -4874.4928
6164 -4874.4940
6165 -4874.4946
6166 -4874.4949
6167 -4873.8273
6168 -4874.2567
6169 -4874.3984
6170 -4874.4526
6171 -4874.4752
6172 -4874.4854
6173 -4874.4905
6174 -4874.4927
6175 -4874.4938
6176 -4874.4943
6177 -4874.4946
6178 -4873.8266
6179 -4874.2587
6180 -4874.3996
6181 -4874.4531
6182 -4874.4754
6183 -4874.4854
6184 -4874.4903
6185 -4874.4925
6186 -4874.4936
6187 -4874.4941
6188 -4874.4943
6189 -4873.8071
6190 -4874.2516
6191 -4874.3966
6192 -4874.4517
6193 -4874.4747
6194 -4874.4850
6195 -4874.4900
6196 -4874.4922
6197 -4874.4933
6198 -4874.4939
6199 -4874.4941
6200 -4873.8065
6201 -4874.2540
6202 -4874.3978
6203 -4874.4523
6204 -4874.4749
6205 -4874.4850
6206 -4874.4900
6207 -4874.4922
6208 -4874.4931
6209 -4874.4936
6210 -4874.4939
6211 -4873.8059
6212 -4874.2562
6213 -4874.3991
6214 -4874.4529
6215 -4874.4751
6216 -4874.4850
6217 -4874.4898
6218 -4874.4920
6219 -4874.4929
6220 -4874.4934
6221 -4874.4936
6222 -4873.8252
6223 -4874.2449
6224 -4874.3908
6225 -4874.4476
6226 -4874.4720
6227 -4874.4831
6228 -4874.4887
6229 -4874.4912
6230 -4874.4924
6231 -4874.4931
6232 -4874.4933
6233 -4873.8244
6234 -4874.2469
6235 -4874.3919
6236 -4874.4481
6237 -4874.4722
6238 -4874.4831
6239 -4874.4885
6240 -4874.4910
6241 -4874.4922
6242 -4874.4928
6243 -4874.4931
6244 -4873.8236
6245 -4874.2489
6246 -4874.3931
6247 -4874.4487
6248 -4874.4724
6249 -4874.4830
6250 -4874.4884
6251 -4874.4908
6252 -4874.4920
6253 -4874.4925
6254 -4874.4928
6255 -4873.8228
6256 -4874.2509
6257 -4874.3942
6258 -4874.4493
6259 -4874.4725
6260 -4874.4830
6261 -4874.4882
6262 -4874.4906
6263 -4874.4918
6264 -4874.4923
6265 -4874.4925
6266 -4873.8221
6267 -4874.2529
6268 -4874.3954
6269 -4874.4498
6270 -4874.4727
6271 -4874.4830
6272 -4874.4881
6273 -4874.4904
6274 -4874.4915
6275 -4874.4921
6276 -4874.4922
6277 -4873.8215
6278 -4874.2549
6279 -4874.3966
6280 -4874.4504
6281 -4874.4729
6282 -4874.4830
6283 -4874.4879
6284 -4874.4902
6285 -4874.4913
6286 -4874.4918
6287 -4874.4921
6288 -4873.8020
6289 -4874.2480
6290 -4874.3936
6291 -4874.4488
6292 -4874.4722
6293 -4874.4826
6294 -4874.4876
6295 -4874.4900
6296 -4874.4910
6297 -4874.4916
6298 -4874.4919
6299 -4873.8014
6300 -4874.2502
6301 -4874.3949
6302 -4874.4494
6303 -4874.4724
6304 -4874.4826
6305 -4874.4875
6306 -4874.4898
6307 -4874.4909
6308 -4874.4914
6309 -4874.4916
6310 -4873.8009
6311 -4874.2523
6312 -4874.3962
6313 -4874.4500
6314 -4874.4726
6315 -4874.4826
6316 -4874.4874
6317 -4874.4896
6318 -4874.4907
6319 -4874.4912
6320 -4874.4914
6321 -4873.8200
6322 -4874.2410
6323 -4874.3877
6324 -4874.4449
6325 -4874.4694
6326 -4874.4807
6327 -4874.4860
6328 -4874.4889
6329 -4874.4901
6330 -4874.4908
6331 -4874.4911
6332 -4873.8192
6333 -4874.2431
6334 -4874.3889
6335 -4874.4455
6336 -4874.4696
6337 -4874.4806
6338 -4874.4859
6339 -4874.4886
6340 -4874.4899
6341 -4874.4905
6342 -4874.4908
6343 -4873.8185
6344 -4874.2451
6345 -4874.3902
6346 -4874.4460
6347 -4874.4698
6348 -4874.4806
6349 -4874.4857
6350 -4874.4884
6351 -4874.4896
6352 -4874.4902
6353 -4874.4905
6354 -4873.8177
6355 -4874.2471
6356 -4874.3914
6357 -4874.4465
6358 -4874.4700
6359 -4874.4806
6360 -4874.4856
6361 -4874.4882
6362 -4874.4894
6363 -4874.4899
6364 -4874.4902
6365 -4873.8171
6366 -4874.2492
6367 -4874.3925
6368 -4874.4471
6369 -4874.4702
6370 -4874.4806
6371 -4874.4854
6372 -4874.4880
6373 -4874.4892
6374 -4874.4897
6375 -4874.4900
6376 -4873.8164
6377 -4874.2512
6378 -4874.3937
6379 -4874.4477
6380 -4874.4704
6381 -4874.4805
6382 -4874.4853
6383 -4874.4878
6384 -4874.4889
6385 -4874.4895
6386 -4874.4897
6387 -4873.7970
6388 -4874.2443
6389 -4874.3905
6390 -4874.4462
6391 -4874.4696
6392 -4874.4801
6393 -4874.4850
6394 -4874.4875
6395 -4874.4887
6396 -4874.4892
6397 -4874.4895
6398 -4873.7964
6399 -4874.2465
6400 -4874.3919
6401 -4874.4469
6402 -4874.4699
6403 -4874.4801
6404 -4874.4849
6405 -4874.4874
6406 -4874.4885
6407 -4874.4890
6408 -4874.4892
6409 -4873.7958
6410 -4874.2487
6411 -4874.3932
6412 -4874.4475
6413 -4874.4701
6414 -4874.4801
6415 -4874.4848
6416 -4874.4872
6417 -4874.4883
6418 -4874.4888
6419 -4874.4890
6420 -4873.8149
6421 -4874.2372
6422 -4874.3846
6423 -4874.4419
6424 -4874.4668
6425 -4874.4782
6426 -4874.4836
6427 -4874.4862
6428 -4874.4877
6429 -4874.4884
6430 -4874.4887
6431 -4873.8141
6432 -4874.2393
6433 -4874.3858
6434 -4874.4427
6435 -4874.4670
6436 -4874.4781
6437 -4874.4834
6438 -4874.4860
6439 -4874.4875
6440 -4874.4881
6441 -4874.4884
6442 -4873.8133
6443 -4874.2413
6444 -4874.3870
6445 -4874.4433
6446 -4874.4672
6447 -4874.4781
6448 -4874.4833
6449 -4874.4858
6450 -4874.4872
6451 -4874.4878
6452 -4874.4881
6453 -4873.8126
6454 -4874.2433
6455 -4874.3883
6456 -4874.4439
6457 -4874.4674
6458 -4874.4781
6459 -4874.4831
6460 -4874.4856
6461 -4874.4870
6462 -4874.4876
6463 -4874.4878
6464 -4873.8118
6465 -4874.2454
6466 -4874.3896
6467 -4874.4444
6468 -4874.4676
6469 -4874.4781
6470 -4874.4830
6471 -4874.4854
6472 -4874.4865
6473 -4874.4873
6474 -4874.4876
6475 -4873.8112
6476 -4874.2474
6477 -4874.3908
6478 -4874.4450
6479 -4874.4678
6480 -4874.4781
6481 -4874.4829
6482 -4874.4852
6483 -4874.4863
6484 -4874.4871
6485 -4874.4873
6486 -4873.7919
6487 -4874.2406
6488 -4874.3878
6489 -4874.4436
6490 -4874.4670
6491 -4874.4777
6492 -4874.4826
6493 -4874.4849
6494 -4874.4861
6495 -4874.4866
6496 -4874.4871
6497 -4873.7913
6498 -4874.2429
6499 -4874.3891
6500 -4874.4442
6501 -4874.4673
6502 -4874.4777
6503 -4874.4825
6504 -4874.4847
6505 -4874.4859
6506 -4874.4864
6507 -4874.4866
6508 -4873.7908
6509 -4874.2450
6510 -4874.3902
6511 -4874.4449
6512 -4874.4676
6513 -4874.4777
6514 -4874.4824
6515 -4874.4846
6516 -4874.4857
6517 -4874.4862
6518 -4874.4864
6519 -4873.8098
6520 -4874.2333
6521 -4874.3814
6522 -4874.4391
6523 -4874.4643
6524 -4874.4757
6525 -4874.4812
6526 -4874.4838
6527 -4874.4851
6528 -4874.4858
6529 -4874.4861
6530 -4873.8090
6531 -4874.2355
6532 -4874.3827
6533 -4874.4397
6534 -4874.4645
6535 -4874.4757
6536 -4874.4810
6537 -4874.4836
6538 -4874.4848
6539 -4874.4855
6540 -4874.4858
6541 -4873.8082
6542 -4874.2375
6543 -4874.3839
6544 -4874.4403
6545 -4874.4647
6546 -4874.4757
6547 -4874.4808
6548 -4874.4834
6549 -4874.4846
6550 -4874.4852
6551 -4874.4855
6552 -4873.8075
6553 -4874.2396
6554 -4874.3852
6555 -4874.4409
6556 -4874.4649
6557 -4874.4756
6558 -4874.4807
6559 -4874.4832
6560 -4874.4844
6561 -4874.4849
6562 -4874.4852
6563 -4873.8068
6564 -4874.2417
6565 -4874.3865
6566 -4874.4415
6567 -4874.4651
6568 -4874.4756
6569 -4874.4806
6570 -4874.4830
6571 -4874.4841
6572 -4874.4847
6573 -4874.4850
6574 -4873.8061
6575 -4874.2437
6576 -4874.3877
6577 -4874.4421
6578 -4874.4653
6579 -4874.4756
6580 -4874.4804
6581 -4874.4828
6582 -4874.4839
6583 -4874.4844
6584 -4874.4847
6585 -4873.7870
6586 -4874.2370
6587 -4874.3848
6588 -4874.4409
6589 -4874.4645
6590 -4874.4752
6591 -4874.4801
6592 -4874.4825
6593 -4874.4836
6594 -4874.4842
6595 -4874.4845
6596 -4873.7864
6597 -4874.2392
6598 -4874.3862
6599 -4874.4416
6600 -4874.4648
6601 -4874.4752
6602 -4874.4800
6603 -4874.4823
6604 -4874.4834
6605 -4874.4840
6606 -4874.4842
6607 -4873.7858
6608 -4874.2414
6609 -4874.3875
6610 -4874.4422
6611 -4874.4650
6612 -4874.4752
6613 -4874.4800
6614 -4874.4821
6615 -4874.4832
6616 -4874.4837
6617 -4874.4840
6618 -4873.8048
6619 -4874.2293
6620 -4874.3783
6621 -4874.4364
6622 -4874.4617
6623 -4874.4732
6624 -4874.4787
6625 -4874.4814
6626 -4874.4827
6627 -4874.4833
6628 -4874.4837
6629 -4873.8040
6630 -4874.2314
6631 -4874.3795
6632 -4874.4370
6633 -4874.4619
6634 -4874.4732
6635 -4874.4785
6636 -4874.4811
6637 -4874.4824
6638 -4874.4830
6639 -4874.4834
6640 -4873.8032
6641 -4874.2336
6642 -4874.3808
6643 -4874.4375
6644 -4874.4621
6645 -4874.4731
6646 -4874.4784
6647 -4874.4809
6648 -4874.4821
6649 -4874.4828
6650 -4874.4831
6651 -4873.8025
6652 -4874.2358
6653 -4874.3821
6654 -4874.4381
6655 -4874.4623
6656 -4874.4731
6657 -4874.4782
6658 -4874.4807
6659 -4874.4819
6660 -4874.4825
6661 -4874.4828
6662 -4873.8018
6663 -4874.2379
6664 -4874.3834
6665 -4874.4387
6666 -4874.4625
6667 -4874.4731
6668 -4874.4781
6669 -4874.4805
6670 -4874.4817
6671 -4874.4822
6672 -4874.4825
6673 -4873.8011
6674 -4874.2400
6675 -4874.3847
6676 -4874.4393
6677 -4874.4627
6678 -4874.4731
6679 -4874.4780
6680 -4874.4803
6681 -4874.4814
6682 -4874.4820
6683 -4874.4822
6684 -4873.7820
6685 -4874.2333
6686 -4874.3818
6687 -4874.4380
6688 -4874.4620
6689 -4874.4727
6690 -4874.4777
6691 -4874.4801
6692 -4874.4812
6693 -4874.4817
6694 -4874.4820
6695 -4873.7814
6696 -4874.2355
6697 -4874.3831
6698 -4874.4386
6699 -4874.4622
6700 -4874.4727
6701 -4874.4776
6702 -4874.4799
6703 -4874.4810
6704 -4874.4815
6705 -4874.4818
6706 -4873.7808
6707 -4874.2377
6708 -4874.3844
6709 -4874.4393
6710 -4874.4625
6711 -4874.4727
6712 -4874.4775
6713 -4874.4797
6714 -4874.4808
6715 -4874.4813
6716 -4874.4815
6717 -4873.7996
6718 -4874.2255
6719 -4874.3748
6720 -4874.4335
6721 -4874.4591
6722 -4874.4707
6723 -4874.4762
6724 -4874.4789
6725 -4874.4802
6726 -4874.4809
6727 -4874.4812
6728 -4873.7988
6729 -4874.2275
6730 -4874.3761
6731 -4874.4342
6732 -4874.4592
6733 -4874.4706
6734 -4874.4761
6735 -4874.4787
6736 -4874.4800
6737 -4874.4806
6738 -4874.4809
6739 -4873.7981
6740 -4874.2296
6741 -4874.3776
6742 -4874.4348
6743 -4874.4594
6744 -4874.4706
6745 -4874.4759
6746 -4874.4785
6747 -4874.4797
6748 -4874.4803
6749 -4874.4806
6750 -4873.7973
6751 -4874.2317
6752 -4874.3790
6753 -4874.4354
6754 -4874.4597
6755 -4874.4706
6756 -4874.4758
6757 -4874.4783
6758 -4874.4795
6759 -4874.4801
6760 -4874.4803
6761 -4873.7966
6762 -4874.2339
6763 -4874.3803
6764 -4874.4360
6765 -4874.4598
6766 -4874.4706
6767 -4874.4757
6768 -4874.4780
6769 -4874.4792
6770 -4874.4798
6771 -4874.4801
6772 -4873.7959
6773 -4874.2361
6774 -4874.3815
6775 -4874.4366
6776 -4874.4601
6777 -4874.4706
6778 -4874.4755
6779 -4874.4779
6780 -4874.4790
6781 -4874.4796
6782 -4874.4798
6783 -4873.7769
6784 -4874.2295
6785 -4874.3787
6786 -4874.4352
6787 -4874.4594
6788 -4874.4702
6789 -4874.4752
6790 -4874.4776
6791 -4874.4787
6792 -4874.4793
6793 -4874.4796
6794 -4873.7763
6795 -4874.2318
6796 -4874.3801
6797 -4874.4359
6798 -4874.4596
6799 -4874.4702
6800 -4874.4751
6801 -4874.4774
6802 -4874.4785
6803 -4874.4790
6804 -4874.4793
6805 -4873.7757
6806 -4874.2340
6807 -4874.3814
6808 -4874.4365
6809 -4874.4599
6810 -4874.4702
6811 -4874.4750
6812 -4874.4773
6813 -4874.4783
6814 -4874.4788
6815 -4874.4791
6816 -4873.7945
6817 -4874.2216
6818 -4874.3716
6819 -4874.4307
6820 -4874.4564
6821 -4874.4681
6822 -4874.4737
6823 -4874.4764
6824 -4874.4778
6825 -4874.4784
6826 -4874.4788
6827 -4873.7937
6828 -4874.2237
6829 -4874.3729
6830 -4874.4313
6831 -4874.4566
6832 -4874.4681
6833 -4874.4736
6834 -4874.4762
6835 -4874.4775
6836 -4874.4781
6837 -4874.4785
6838 -4873.7929
6839 -4874.2258
6840 -4874.3742
6841 -4874.4319
6842 -4874.4568
6843 -4874.4681
6844 -4874.4734
6845 -4874.4760
6846 -4874.4772
6847 -4874.4778
6848 -4874.4782
6849 -4873.7921
6850 -4874.2279
6851 -4874.3756
6852 -4874.4326
6853 -4874.4571
6854 -4874.4680
6855 -4874.4733
6856 -4874.4758
6857 -4874.4770
6858 -4874.4776
6859 -4874.4779
6860 -4873.7915
6861 -4874.2300
6862 -4874.3769
6863 -4874.4332
6864 -4874.4573
6865 -4874.4681
6866 -4874.4731
6867 -4874.4756
6868 -4874.4767
6869 -4874.4773
6870 -4874.4776
6871 -4873.7908
6872 -4874.2321
6873 -4874.3783
6874 -4874.4338
6875 -4874.4575
6876 -4874.4681
6877 -4874.4730
6878 -4874.4754
6879 -4874.4765
6880 -4874.4771
6881 -4874.4773
6882 -4873.7719
6883 -4874.2257
6884 -4874.3756
6885 -4874.4325
6886 -4874.4568
6887 -4874.4676
6888 -4874.4727
6889 -4874.4751
6890 -4874.4763
6891 -4874.4768
6892 -4874.4771
6893 -4873.7713
6894 -4874.2281
6895 -4874.3770
6896 -4874.4331
6897 -4874.4570
6898 -4874.4676
6899 -4874.4726
6900 -4874.4750
6901 -4874.4761
6902 -4874.4766
6903 -4874.4769
6904 -4873.7707
6905 -4874.2304
6906 -4874.3784
6907 -4874.4338
6908 -4874.4573
6909 -4874.4677
6910 -4874.4725
6911 -4874.4748
6912 -4874.4759
6913 -4874.4764
6914 -4874.4766
6915 -4873.7893
6916 -4874.2177
6917 -4874.3684
6918 -4874.4279
6919 -4874.4537
6920 -4874.4656
6921 -4874.4712
6922 -4874.4739
6923 -4874.4753
6924 -4874.4760
6925 -4874.4763
6926 -4873.7885
6927 -4874.2198
6928 -4874.3697
6929 -4874.4285
6930 -4874.4539
6931 -4874.4655
6932 -4874.4710
6933 -4874.4737
6934 -4874.4750
6935 -4874.4757
6936 -4874.4760
6937 -4873.7878
6938 -4874.2219
6939 -4874.3710
6940 -4874.4292
6941 -4874.4541
6942 -4874.4655
6943 -4874.4709
6944 -4874.4735
6945 -4874.4748
6946 -4874.4754
6947 -4874.4757
6948 -4873.7870
6949 -4874.2241
6950 -4874.3724
6951 -4874.4298
6952 -4874.4544
6953 -4874.4655
6954 -4874.4707
6955 -4874.4733
6956 -4874.4745
6957 -4874.4751
6958 -4874.4754
6959 -4873.7863
6960 -4874.2262
6961 -4874.3737
6962 -4874.4304
6963 -4874.4546
6964 -4874.4655
6965 -4874.4706
6966 -4874.4731
6967 -4874.4743
6968 -4874.4748
6969 -4874.4751
6970 -4873.7856
6971 -4874.2283
6972 -4874.3750
6973 -4874.4310
6974 -4874.4549
6975 -4874.4655
6976 -4874.4705
6977 -4874.4729
6978 -4874.4740
6979 -4874.4746
6980 -4874.4749
6981 -4873.7668
6982 -4874.2218
6983 -4874.3723
6984 -4874.4297
6985 -4874.4542
6986 -4874.4651
6987 -4874.4702
6988 -4874.4726
6989 -4874.4738
6990 -4874.4743
6991 -4874.4746
6992 -4873.7662
6993 -4874.2241
6994 -4874.3738
6995 -4874.4304
6996 -4874.4544
6997 -4874.4651
6998 -4874.4701
6999 -4874.4725
7000 -4874.4736
7001 -4874.4741
7002 -4874.4744
7003 -4873.7656
7004 -4874.2265
7005 -4874.3753
7006 -4874.4310
7007 -4874.4547
7008 -4874.4652
7009 -4874.4700
7010 -4874.4723
7011 -4874.4734
7012 -4874.4739
7013 -4874.4741
7014 -4873.7842
7015 -4874.2137
7016 -4874.3652
7017 -4874.4248
7018 -4874.4510
7019 -4874.4630
7020 -4874.4686
7021 -4874.4714
7022 -4874.4728
7023 -4874.4735
7024 -4874.4738
7025 -4873.7834
7026 -4874.2159
7027 -4874.3665
7028 -4874.4254
7029 -4874.4512
7030 -4874.4629
7031 -4874.4685
7032 -4874.4712
7033 -4874.4725
7034 -4874.4732
7035 -4874.4735
7036 -4873.7827
7037 -4874.2181
7038 -4874.3678
7039 -4874.4261
7040 -4874.4513
7041 -4874.4629
7042 -4874.4683
7043 -4874.4710
7044 -4874.4722
7045 -4874.4729
7046 -4874.4732
7047 -4873.7819
7048 -4874.2202
7049 -4874.3692
7050 -4874.4267
7051 -4874.4515
7052 -4874.4629
7053 -4874.4682
7054 -4874.4708
7055 -4874.4720
7056 -4874.4726
7057 -4874.4729
7058 -4873.7812
7059 -4874.2224
7060 -4874.3705
7061 -4874.4276
7062 -4874.4517
7063 -4874.4629
7064 -4874.4681
7065 -4874.4706
7066 -4874.4718
7067 -4874.4723
7068 -4874.4726
7069 -4873.7805
7070 -4874.2245
7071 -4874.3718
7072 -4874.4282
7073 -4874.4520
7074 -4874.4629
7075 -4874.4680
7076 -4874.4704
7077 -4874.4715
7078 -4874.4721
7079 -4874.4724
7080 -4873.7618
7081 -4874.2181
7082 -4874.3691
7083 -4874.4269
7084 -4874.4513
7085 -4874.4625
7086 -4874.4677
7087 -4874.4701
7088 -4874.4712
7089 -4874.4718
7090 -4874.4721
7091 -4873.7612
7092 -4874.2204
7093 -4874.3706
7094 -4874.4276
7095 -4874.4516
7096 -4874.4626
7097 -4874.4675
7098 -4874.4699
7099 -4874.4710
7100 -4874.4716
7101 -4874.4719
7102 -4873.7606
7103 -4874.2227
7104 -4874.3719
7105 -4874.4283
7106 -4874.4518
7107 -4874.4626
7108 -4874.4675
7109 -4874.4697
7110 -4874.4709
7111 -4874.4714
7112 -4874.4716
7113 -4873.7791
7114 -4874.2099
7115 -4874.3620
7116 -4874.4219
7117 -4874.4483
7118 -4874.4604
7119 -4874.4661
7120 -4874.4689
7121 -4874.4703
7122 -4874.4710
7123 -4874.4713
7124 -4873.7783
7125 -4874.2120
7126 -4874.3634
7127 -4874.4226
7128 -4874.4485
7129 -4874.4604
7130 -4874.4660
7131 -4874.4686
7132 -4874.4700
7133 -4874.4707
7134 -4874.4710
7135 -4873.7775
7136 -4874.2142
7137 -4874.3647
7138 -4874.4232
7139 -4874.4487
7140 -4874.4604
7141 -4874.4658
7142 -4874.4684
7143 -4874.4697
7144 -4874.4704
7145 -4874.4707
7146 -4873.7767
7147 -4874.2164
7148 -4874.3660
7149 -4874.4239
7150 -4874.4490
7151 -4874.4603
7152 -4874.4657
7153 -4874.4682
7154 -4874.4695
7155 -4874.4701
7156 -4874.4704
7157 -4873.7760
7158 -4874.2185
7159 -4874.3673
7160 -4874.4245
7161 -4874.4492
7162 -4874.4603
7163 -4874.4655
7164 -4874.4680
7165 -4874.4692
7166 -4874.4698
7167 -4874.4701
7168 -4873.7754
7169 -4874.2207
7170 -4874.3687
7171 -4874.4251
7172 -4874.4494
7173 -4874.4603
7174 -4874.4654
7175 -4874.4678
7176 -4874.4690
7177 -4874.4696
7178 -4874.4698
7179 -4873.7566
7180 -4874.2144
7181 -4874.3660
7182 -4874.4239
7183 -4874.4488
7184 -4874.4600
7185 -4874.4651
7186 -4874.4676
7187 -4874.4688
7188 -4874.4693
7189 -4874.4696
7190 -4873.7560
7191 -4874.2167
7192 -4874.3674
7193 -4874.4246
7194 -4874.4491
7195 -4874.4600
7196 -4874.4650
7197 -4874.4674
7198 -4874.4685
7199 -4874.4691
7200 -4874.4693
7201 -4873.7554
7202 -4874.2190
7203 -4874.3689
7204 -4874.4255
7205 -4874.4493
7206 -4874.4600
7207 -4874.4649
7208 -4874.4672
7209 -4874.4683
7210 -4874.4689
7211 -4874.4691
7212 -4873.7738
7213 -4874.2059
7214 -4874.3589
7215 -4874.4191
7216 -4874.4456
7217 -4874.4578
7218 -4874.4636
7219 -4874.4664
7220 -4874.4677
7221 -4874.4684
7222 -4874.4688
7223 -4873.7730
7224 -4874.2081
7225 -4874.3601
7226 -4874.4197
7227 -4874.4459
7228 -4874.4578
7229 -4874.4634
7230 -4874.4661
7231 -4874.4675
7232 -4874.4681
7233 -4874.4685
7234 -4873.7722
7235 -4874.2103
7236 -4874.3615
7237 -4874.4204
7238 -4874.4461
7239 -4874.4578
7240 -4874.4632
7241 -4874.4659
7242 -4874.4672
7243 -4874.4678
7244 -4874.4681
7245 -4873.7715
7246 -4874.2125
7247 -4874.3628
7248 -4874.4210
7249 -4874.4463
7250 -4874.4578
7251 -4874.4631
7252 -4874.4657
7253 -4874.4669
7254 -4874.4676
7255 -4874.4678
7256 -4873.7708
7257 -4874.2147
7258 -4874.3642
7259 -4874.4217
7260 -4874.4466
7261 -4874.4578
7262 -4874.4629
7263 -4874.4655
7264 -4874.4667
7265 -4874.4673
7266 -4874.4676
7267 -4873.7701
7268 -4874.2169
7269 -4874.3655
7270 -4874.4223
7271 -4874.4467
7272 -4874.4578
7273 -4874.4629
7274 -4874.4653
7275 -4874.4665
7276 -4874.4670
7277 -4874.4673
7278 -4873.7515
7279 -4874.2106
7280 -4874.3629
7281 -4874.4211
7282 -4874.4461
7283 -4874.4573
7284 -4874.4626
7285 -4874.4650
7286 -4874.4662
7287 -4874.4668
7288 -4874.4671
7289 -4873.7509
7290 -4874.2130
7291 -4874.3643
7292 -4874.4218
7293 -4874.4464
7294 -4874.4574
7295 -4874.4624
7296 -4874.4649
7297 -4874.4660
7298 -4874.4665
7299 -4874.4668
7300 -4873.7503
7301 -4874.2153
7302 -4874.3657
7303 -4874.4225
7304 -4874.4467
7305 -4874.4574
7306 -4874.4624
7307 -4874.4647
7308 -4874.4658
7309 -4874.4663
7310 -4874.4666
7311 -4873.7687
7312 -4874.2021
7313 -4874.3556
7314 -4874.4161
7315 -4874.4427
7316 -4874.4551
7317 -4874.4610
7318 -4874.4638
7319 -4874.4652
7320 -4874.4659
7321 -4874.4663
7322 -4873.7676
7323 -4874.2042
7324 -4874.3570
7325 -4874.4168
7326 -4874.4432
7327 -4874.4551
7328 -4874.4608
7329 -4874.4636
7330 -4874.4649
7331 -4874.4656
7332 -4874.4659
7333 -4873.7668
7334 -4874.2064
7335 -4874.3584
7336 -4874.4174
7337 -4874.4434
7338 -4874.4551
7339 -4874.4606
7340 -4874.4633
7341 -4874.4646
7342 -4874.4653
7343 -4874.4656
7344 -4873.7661
7345 -4874.2086
7346 -4874.3597
7347 -4874.4181
7348 -4874.4436
7349 -4874.4551
7350 -4874.4605
7351 -4874.4631
7352 -4874.4644
7353 -4874.4650
7354 -4874.4653
7355 -4873.7654
7356 -4874.2108
7357 -4874.3610
7358 -4874.4188
7359 -4874.4439
7360 -4874.4551
7361 -4874.4604
7362 -4874.4629
7363 -4874.4641
7364 -4874.4647
7365 -4874.4650
7366 -4873.7647
7367 -4874.2130
7368 -4874.3624
7369 -4874.4194
7370 -4874.4441
7371 -4874.4551
7372 -4874.4603
7373 -4874.4627
7374 -4874.4639
7375 -4874.4645
7376 -4874.4648
7377 -4873.7462
7378 -4874.2068
7379 -4874.3598
7380 -4874.4182
7381 -4874.4435
7382 -4874.4547
7383 -4874.4600
7384 -4874.4624
7385 -4874.4637
7386 -4874.4642
7387 -4874.4645
7388 -4873.7456
7389 -4874.2092
7390 -4874.3612
7391 -4874.4189
7392 -4874.4438
7393 -4874.4548
7394 -4874.4599
7395 -4874.4623
7396 -4874.4634
7397 -4874.4640
7398 -4874.4643
7399 -4873.7450
7400 -4874.2115
7401 -4874.3626
7402 -4874.4196
7403 -4874.4440
7404 -4874.4548
7405 -4874.4598
7406 -4874.4621
7407 -4874.4632
7408 -4874.4638
7409 -4874.4640
7410 -4873.7632
7411 -4874.1981
7412 -4874.3523
7413 -4874.4132
7414 -4874.4400
7415 -4874.4523
7416 -4874.4583
7417 -4874.4612
7418 -4874.4626
7419 -4874.4634
7420 -4874.4637
7421 -4873.7624
7422 -4874.2004
7423 -4874.3538
7424 -4874.4139
7425 -4874.4402
7426 -4874.4523
7427 -4874.4582
7428 -4874.4610
7429 -4874.4624
7430 -4874.4630
7431 -4874.4634
7432 -4873.7617
7433 -4874.2026
7434 -4874.3551
7435 -4874.4145
7436 -4874.4404
7437 -4874.4523
7438 -4874.4581
7439 -4874.4608
7440 -4874.4621
7441 -4874.4627
7442 -4874.4631
7443 -4873.7609
7444 -4874.2047
7445 -4874.3565
7446 -4874.4152
7447 -4874.4407
7448 -4874.4523
7449 -4874.4579
7450 -4874.4606
7451 -4874.4618
7452 -4874.4624
7453 -4874.4628
7454 -4873.7601
7455 -4874.2070
7456 -4874.3579
7457 -4874.4159
7458 -4874.4409
7459 -4874.4523
7460 -4874.4578
7461 -4874.4603
7462 -4874.4616
7463 -4874.4622
7464 -4874.4625
7465 -4873.7594
7466 -4874.2092
7467 -4874.3593
7468 -4874.4165
7469 -4874.4412
7470 -4874.4523
7471 -4874.4577
7472 -4874.4602
7473 -4874.4613
7474 -4874.4619
7475 -4874.4622
7476 -4873.7410
7477 -4874.2030
7478 -4874.3566
7479 -4874.4153
7480 -4874.4406
7481 -4874.4519
7482 -4874.4574
7483 -4874.4599
7484 -4874.4611
7485 -4874.4617
7486 -4874.4620
7487 -4873.7405
7488 -4874.2054
7489 -4874.3581
7490 -4874.4161
7491 -4874.4408
7492 -4874.4519
7493 -4874.4573
7494 -4874.4597
7495 -4874.4609
7496 -4874.4614
7497 -4874.4617
7498 -4873.7399
7499 -4874.2078
7500 -4874.3595
7501 -4874.4169
7502 -4874.4411
7503 -4874.4520
7504 -4874.4572
7505 -4874.4596
7506 -4874.4607
7507 -4874.4612
7508 -4874.4615
7509 -4873.7581
7510 -4874.1942
7511 -4874.3490
7512 -4874.4103
7513 -4874.4372
7514 -4874.4498
7515 -4874.4558
7516 -4874.4586
7517 -4874.4600
7518 -4874.4608
7519 -4874.4611
7520 -4873.7573
7521 -4874.1963
7522 -4874.3505
7523 -4874.4110
7524 -4874.4375
7525 -4874.4497
7526 -4874.4556
7527 -4874.4584
7528 -4874.4598
7529 -4874.4605
7530 -4874.4608
7531 -4873.7565
7532 -4874.1986
7533 -4874.3519
7534 -4874.4116
7535 -4874.4377
7536 -4874.4497
7537 -4874.4554
7538 -4874.4582
7539 -4874.4595
7540 -4874.4601
7541 -4874.4605
7542 -4873.7557
7543 -4874.2010
7544 -4874.3533
7545 -4874.4123
7546 -4874.4379
7547 -4874.4497
7548 -4874.4553
7549 -4874.4579
7550 -4874.4592
7551 -4874.4598
7552 -4874.4602
7553 -4873.7550
7554 -4874.2032
7555 -4874.3547
7556 -4874.4130
7557 -4874.4382
7558 -4874.4497
7559 -4874.4552
7560 -4874.4578
7561 -4874.4590
7562 -4874.4596
7563 -4874.4599
7564 -4873.7543
7565 -4874.2055
7566 -4874.3561
7567 -4874.4137
7568 -4874.4384
7569 -4874.4497
7570 -4874.4551
7571 -4874.4576
7572 -4874.4587
7573 -4874.4593
7574 -4874.4596
7575 -4873.7360
7576 -4874.1992
7577 -4874.3536
7578 -4874.4125
7579 -4874.4378
7580 -4874.4494
7581 -4874.4548
7582 -4874.4573
7583 -4874.4585
7584 -4874.4591
7585 -4874.4593
7586 -4873.7354
7587 -4874.2016
7588 -4874.3551
7589 -4874.4132
7590 -4874.4381
7591 -4874.4494
7592 -4874.4547
7593 -4874.4571
7594 -4874.4582
7595 -4874.4588
7596 -4874.4591
7597 -4873.7348
7598 -4874.2040
7599 -4874.3564
7600 -4874.4139
7601 -4874.4384
7602 -4874.4495
7603 -4874.4546
7604 -4874.4570
7605 -4874.4581
7606 -4874.4586
7607 -4874.4589
7608 -4873.7529
7609 -4874.1902
7610 -4874.3457
7611 -4874.4073
7612 -4874.4345
7613 -4874.4471
7614 -4874.4529
7615 -4874.4561
7616 -4874.4575
7617 -4874.4582
7618 -4874.4585
7619 -4873.7521
7620 -4874.1925
7621 -4874.3472
7622 -4874.4080
7623 -4874.4347
7624 -4874.4471
7625 -4874.4527
7626 -4874.4558
7627 -4874.4572
7628 -4874.4579
7629 -4874.4582
7630 -4873.7513
7631 -4874.1947
7632 -4874.3486
7633 -4874.4087
7634 -4874.4349
7635 -4874.4470
7636 -4874.4526
7637 -4874.4556
7638 -4874.4569
7639 -4874.4576
7640 -4874.4578
7641 -4873.7505
7642 -4874.1969
7643 -4874.3501
7644 -4874.4094
7645 -4874.4352
7646 -4874.4470
7647 -4874.4524
7648 -4874.4554
7649 -4874.4566
7650 -4874.4572
7651 -4874.4576
7652 -4873.7498
7653 -4874.1992
7654 -4874.3515
7655 -4874.4101
7656 -4874.4355
7657 -4874.4471
7658 -4874.4523
7659 -4874.4551
7660 -4874.4564
7661 -4874.4570
7662 -4874.4573
7663 -4873.7492
7664 -4874.2016
7665 -4874.3529
7666 -4874.4108
7667 -4874.4357
7668 -4874.4471
7669 -4874.4522
7670 -4874.4549
7671 -4874.4562
7672 -4874.4567
7673 -4874.4570
7674 -4873.7309
7675 -4874.1955
7676 -4874.3504
7677 -4874.4096
7678 -4874.4351
7679 -4874.4467
7680 -4874.4519
7681 -4874.4547
7682 -4874.4559
7683 -4874.4565
7684 -4874.4567
7685 -4873.7303
7686 -4874.1978
7687 -4874.3519
7688 -4874.4104
7689 -4874.4354
7690 -4874.4467
7691 -4874.4518
7692 -4874.4544
7693 -4874.4557
7694 -4874.4562
7695 -4874.4565
7696 -4873.7297
7697 -4874.2003
7698 -4874.3534
7699 -4874.4111
7700 -4874.4357
7701 -4874.4468
7702 -4874.4517
7703 -4874.4543
7704 -4874.4555
7705 -4874.4560
7706 -4874.4563
7707 -4873.7477
7708 -4874.1862
7709 -4874.3424
7710 -4874.4044
7711 -4874.4317
7712 -4874.4444
7713 -4874.4504
7714 -4874.4533
7715 -4874.4549
7716 -4874.4556
7717 -4874.4559
7718 -4873.7468
7719 -4874.1885
7720 -4874.3439
7721 -4874.4051
7722 -4874.4319
7723 -4874.4444
7724 -4874.4502
7725 -4874.4531
7726 -4874.4545
7727 -4874.4553
7728 -4874.4556
7729 -4873.7460
7730 -4874.1908
7731 -4874.3453
7732 -4874.4058
7733 -4874.4322
7734 -4874.4444
7735 -4874.4501
7736 -4874.4527
7737 -4874.4542
7738 -4874.4549
7739 -4874.4553
7740 -4873.7453
7741 -4874.1931
7742 -4874.3468
7743 -4874.4065
7744 -4874.4324
7745 -4874.4444
7746 -4874.4499
7747 -4874.4525
7748 -4874.4540
7749 -4874.4546
7750 -4874.4550
7751 -4873.7446
7752 -4874.1954
7753 -4874.3482
7754 -4874.4072
7755 -4874.4327
7756 -4874.4444
7757 -4874.4498
7758 -4874.4523
7759 -4874.4537
7760 -4874.4543
7761 -4874.4547
7762 -4873.7439
7763 -4874.1976
7764 -4874.3496
7765 -4874.4078
7766 -4874.4329
7767 -4874.4445
7768 -4874.4497
7769 -4874.4521
7770 -4874.4535
7771 -4874.4540
7772 -4874.4544
7773 -4873.7258
7774 -4874.1916
7775 -4874.3472
7776 -4874.4067
7777 -4874.4324
7778 -4874.4441
7779 -4874.4494
7780 -4874.4518
7781 -4874.4532
7782 -4874.4538
7783 -4874.4541
7784 -4873.7252
7785 -4874.1941
7786 -4874.3487
7787 -4874.4075
7788 -4874.4327
7789 -4874.4441
7790 -4874.4493
7791 -4874.4517
7792 -4874.4528
7793 -4874.4536
7794 -4874.4538
7795 -4873.7246
7796 -4874.1966
7797 -4874.3502
7798 -4874.4082
7799 -4874.4330
7800 -4874.4442
7801 -4874.4492
7802 -4874.4515
7803 -4874.4526
7804 -4874.4533
7805 -4874.4536
7806 -4873.7425
7807 -4874.1823
7808 -4874.3391
7809 -4874.4014
7810 -4874.4289
7811 -4874.4415
7812 -4874.4477
7813 -4874.4507
7814 -4874.4520
7815 -4874.4527
7816 -4874.4533
7817 -4873.7417
7818 -4874.1845
7819 -4874.3406
7820 -4874.4021
7821 -4874.4292
7822 -4874.4415
7823 -4874.4476
7824 -4874.4504
7825 -4874.4517
7826 -4874.4524
7827 -4874.4527
7828 -4873.7409
7829 -4874.1868
7830 -4874.3421
7831 -4874.4028
7832 -4874.4294
7833 -4874.4415
7834 -4874.4474
7835 -4874.4502
7836 -4874.4515
7837 -4874.4521
7838 -4874.4524
7839 -4873.7401
7840 -4874.1892
7841 -4874.3435
7842 -4874.4035
7843 -4874.4297
7844 -4874.4415
7845 -4874.4473
7846 -4874.4500
7847 -4874.4513
7848 -4874.4518
7849 -4874.4521
7850 -4873.7394
7851 -4874.1915
7852 -4874.3450
7853 -4874.4042
7854 -4874.4299
7855 -4874.4415
7856 -4874.4471
7857 -4874.4498
7858 -4874.4510
7859 -4874.4515
7860 -4874.4518
7861 -4873.7388
7862 -4874.1938
7863 -4874.3464
7864 -4874.4049
7865 -4874.4302
7866 -4874.4415
7867 -4874.4470
7868 -4874.4496
7869 -4874.4508
7870 -4874.4514
7871 -4874.4516
7872 -4873.7206
7873 -4874.1878
7874 -4874.3439
7875 -4874.4038
7876 -4874.4296
7877 -4874.4412
7878 -4874.4467
7879 -4874.4493
7880 -4874.4505
7881 -4874.4511
7882 -4874.4513
7883 -4873.7200
7884 -4874.1902
7885 -4874.3455
7886 -4874.4045
7887 -4874.4299
7888 -4874.4412
7889 -4874.4466
7890 -4874.4491
7891 -4874.4503
7892 -4874.4509
7893 -4874.4512
7894 -4873.7195
7895 -4874.1927
7896 -4874.3470
7897 -4874.4053
7898 -4874.4302
7899 -4874.4412
7900 -4874.4466
7901 -4874.4489
7902 -4874.4501
7903 -4874.4506
7904 -4874.4509
7905 -4873.7373
7906 -4874.1782
7907 -4874.3357
7908 -4874.3983
7909 -4874.4258
7910 -4874.4388
7911 -4874.4451
7912 -4874.4480
7913 -4874.4495
7914 -4874.4502
7915 -4874.4506
7916 -4873.7365
7917 -4874.1805
7918 -4874.3372
7919 -4874.3991
7920 -4874.4261
7921 -4874.4388
7922 -4874.4449
7923 -4874.4478
7924 -4874.4492
7925 -4874.4499
7926 -4874.4502
7927 -4873.7357
7928 -4874.1829
7929 -4874.3387
7930 -4874.3998
7931 -4874.4264
7932 -4874.4388
7933 -4874.4448
7934 -4874.4475
7935 -4874.4489
7936 -4874.4496
7937 -4874.4499
7938 -4873.7350
7939 -4874.1852
7940 -4874.3402
7941 -4874.4006
7942 -4874.4266
7943 -4874.4388
7944 -4874.4446
7945 -4874.4473
7946 -4874.4486
7947 -4874.4493
7948 -4874.4496
7949 -4873.7343
7950 -4874.1875
7951 -4874.3417
7952 -4874.4013
7953 -4874.4269
7954 -4874.4388
7955 -4874.4445
7956 -4874.4471
7957 -4874.4484
7958 -4874.4490
7959 -4874.4493
7960 -4873.7336
7961 -4874.1899
7962 -4874.3431
7963 -4874.4020
7964 -4874.4272
7965 -4874.4388
7966 -4874.4444
7967 -4874.4469
7968 -4874.4481
7969 -4874.4487
7970 -4874.4490
7971 -4873.7156
7972 -4874.1840
7973 -4874.3407
7974 -4874.4009
7975 -4874.4266
7976 -4874.4385
7977 -4874.4441
7978 -4874.4467
7979 -4874.4479
7980 -4874.4485
7981 -4874.4488
7982 -4873.7149
7983 -4874.1864
7984 -4874.3423
7985 -4874.4016
7986 -4874.4271
7987 -4874.4385
7988 -4874.4440
7989 -4874.4465
7990 -4874.4477
7991 -4874.4482
7992 -4874.4485
7993 -4873.7144
7994 -4874.1889
7995 -4874.3438
7996 -4874.4024
7997 -4874.4275
7998 -4874.4386
7999 -4874.4440
8000 -4874.4463
8001 -4874.4475
8002 -4874.4480
8003 -4874.4483
8004 -4873.7322
8005 -4874.1742
8006 -4874.3324
8007 -4874.3957
8008 -4874.4230
8009 -4874.4361
8010 -4874.4422
8011 -4874.4454
8012 -4874.4468
8013 -4874.4475
8014 -4874.4479
8015 -4873.7313
8016 -4874.1765
8017 -4874.3339
8018 -4874.3963
8019 -4874.4233
8020 -4874.4360
8021 -4874.4420
8022 -4874.4451
8023 -4874.4465
8024 -4874.4472
8025 -4874.4476
8026 -4873.7305
8027 -4874.1788
8028 -4874.3354
8029 -4874.3971
8030 -4874.4236
8031 -4874.4360
8032 -4874.4419
8033 -4874.4449
8034 -4874.4463
8035 -4874.4469
8036 -4874.4472
8037 -4873.7298
8038 -4874.1812
8039 -4874.3368
8040 -4874.3977
8041 -4874.4238
8042 -4874.4361
8043 -4874.4417
8044 -4874.4447
8045 -4874.4460
8046 -4874.4467
8047 -4874.4469
8048 -4873.7291
8049 -4874.1836
8050 -4874.3384
8051 -4874.3983
8052 -4874.4241
8053 -4874.4361
8054 -4874.4416
8055 -4874.4445
8056 -4874.4457
8057 -4874.4464
8058 -4874.4467
8059 -4873.7284
8060 -4874.1859
8061 -4874.3399
8062 -4874.3989
8063 -4874.4244
8064 -4874.4361
8065 -4874.4415
8066 -4874.4443
8067 -4874.4455
8068 -4874.4461
8069 -4874.4464
8070 -4873.7104
8071 -4874.1801
8072 -4874.3375
8073 -4874.3980
8074 -4874.4238
8075 -4874.4357
8076 -4874.4412
8077 -4874.4440
8078 -4874.4453
8079 -4874.4458
8080 -4874.4461
8081 -4873.7096
8082 -4874.1826
8083 -4874.3390
8084 -4874.3987
8085 -4874.4242
8086 -4874.4358
8087 -4874.4411
8088 -4874.4439
8089 -4874.4450
8090 -4874.4456
8091 -4874.4459
8092 -4873.7091
8093 -4874.1851
8094 -4874.3406
8095 -4874.3995
8096 -4874.4245
8097 -4874.4359
8098 -4874.4410
8099 -4874.4437
8100 -4874.4449
8101 -4874.4454
8102 -4874.4456
8103 -4873.7267
8104 -4874.1702
8105 -4874.3290
8106 -4874.3926
8107 -4874.4202
8108 -4874.4333
8109 -4874.4395
8110 -4874.4425
8111 -4874.4442
8112 -4874.4449
8113 -4874.4453
8114 -4873.7259
8115 -4874.1725
8116 -4874.3305
8117 -4874.3934
8118 -4874.4204
8119 -4874.4333
8120 -4874.4393
8121 -4874.4422
8122 -4874.4439
8123 -4874.4446
8124 -4874.4449
8125 -4873.7251
8126 -4874.1749
8127 -4874.3320
8128 -4874.3942
8129 -4874.4207
8130 -4874.4333
8131 -4874.4391
8132 -4874.4420
8133 -4874.4436
8134 -4874.4443
8135 -4874.4446
8136 -4873.7244
8137 -4874.1772
8138 -4874.3335
8139 -4874.3949
8140 -4874.4210
8141 -4874.4333
8142 -4874.4390
8143 -4874.4418
8144 -4874.4434
8145 -4874.4440
8146 -4874.4443
8147 -4873.7236
8148 -4874.1796
8149 -4874.3351
8150 -4874.3956
8151 -4874.4213
8152 -4874.4333
8153 -4874.4389
8154 -4874.4416
8155 -4874.4429
8156 -4874.4437
8157 -4874.4440
8158 -4873.7230
8159 -4874.1820
8160 -4874.3365
8161 -4874.3963
8162 -4874.4216
8163 -4874.4333
8164 -4874.4388
8165 -4874.4414
8166 -4874.4426
8167 -4874.4435
8168 -4874.4438
8169 -4873.7051
8170 -4874.1763
8171 -4874.3343
8172 -4874.3952
8173 -4874.4210
8174 -4874.4330
8175 -4874.4385
8176 -4874.4411
8177 -4874.4424
8178 -4874.4430
8179 -4874.4435
8180 -4873.7046
8181 -4874.1788
8182 -4874.3358
8183 -4874.3960
8184 -4874.4213
8185 -4874.4331
8186 -4874.4384
8187 -4874.4409
8188 -4874.4421
8189 -4874.4427
8190 -4874.4433
8191 -4873.7041
8192 -4874.1813
8193 -4874.3374
8194 -4874.3966
8195 -4874.4217
8196 -4874.4332
8197 -4874.4383
8198 -4874.4408
8199 -4874.4419
8200 -4874.4425
8201 -4874.4428
8202 -4873.7217
8203 -4874.1660
8204 -4874.3257
8205 -4874.3896
8206 -4874.4173
8207 -4874.4306
8208 -4874.4368
8209 -4874.4398
8210 -4874.4413
8211 -4874.4420
8212 -4874.4424
8213 -4873.7209
8214 -4874.1683
8215 -4874.3273
8216 -4874.3904
8217 -4874.4176
8218 -4874.4305
8219 -4874.4366
8220 -4874.4396
8221 -4874.4410
8222 -4874.4417
8223 -4874.4421
8224 -4873.7201
8225 -4874.1710
8226 -4874.3287
8227 -4874.3911
8228 -4874.4178
8229 -4874.4306
8230 -4874.4365
8231 -4874.4393
8232 -4874.4407
8233 -4874.4414
8234 -4874.4417
8235 -4873.7193
8236 -4874.1733
8237 -4874.3303
8238 -4874.3919
8239 -4874.4181
8240 -4874.4306
8241 -4874.4363
8242 -4874.4391
8243 -4874.4404
8244 -4874.4411
8245 -4874.4414
8246 -4873.7185
8247 -4874.1757
8248 -4874.3318
8249 -4874.3926
8250 -4874.4184
8251 -4874.4306
8252 -4874.4362
8253 -4874.4389
8254 -4874.4402
8255 -4874.4408
8256 -4874.4411
8257 -4873.7178
8258 -4874.1781
8259 -4874.3333
8260 -4874.3934
8261 -4874.4187
8262 -4874.4306
8263 -4874.4361
8264 -4874.4387
8265 -4874.4400
8266 -4874.4405
8267 -4874.4408
8268 -4873.7000
8269 -4874.1723
8270 -4874.3309
8271 -4874.3924
8272 -4874.4182
8273 -4874.4303
8274 -4874.4358
8275 -4874.4384
8276 -4874.4397
8277 -4874.4403
8278 -4874.4406
8279 -4873.6994
8280 -4874.1750
8281 -4874.3326
8282 -4874.3932
8283 -4874.4186
8284 -4874.4303
8285 -4874.4357
8286 -4874.4382
8287 -4874.4394
8288 -4874.4400
8289 -4874.4403
8290 -4873.6988
8291 -4874.1775
8292 -4874.3342
8293 -4874.3939
8294 -4874.4189
8295 -4874.4304
8296 -4874.4356
8297 -4874.4381
8298 -4874.4392
8299 -4874.4398
8300 -4874.4401
8301 -4873.7164
8302 -4874.1619
8303 -4874.3221
8304 -4874.3866
8305 -4874.4145
8306 -4874.4275
8307 -4874.4340
8308 -4874.4371
8309 -4874.4386
8310 -4874.4393
8311 -4874.4397
8312 -4873.7155
8313 -4874.1643
8314 -4874.3238
8315 -4874.3873
8316 -4874.4147
8317 -4874.4275
8318 -4874.4339
8319 -4874.4368
8320 -4874.4383
8321 -4874.4390
8322 -4874.4394
8323 -4873.7147
8324 -4874.1667
8325 -4874.3254
8326 -4874.3881
8327 -4874.4150
8328 -4874.4275
8329 -4874.4337
8330 -4874.4366
8331 -4874.4380
8332 -4874.4387
8333 -4874.4390
8334 -4873.7140
8335 -4874.1691
8336 -4874.3270
8337 -4874.3889
8338 -4874.4153
8339 -4874.4275
8340 -4874.4336
8341 -4874.4364
8342 -4874.4377
8343 -4874.4384
8344 -4874.4387
8345 -4873.7133
8346 -4874.1718
8347 -4874.3284
8348 -4874.3896
8349 -4874.4156
8350 -4874.4276
8351 -4874.4335
8352 -4874.4362
8353 -4874.4375
8354 -4874.4381
8355 -4874.4384
8356 -4873.7126
8357 -4874.1741
8358 -4874.3300
8359 -4874.3904
8360 -4874.4158
8361 -4874.4276
8362 -4874.4333
8363 -4874.4360
8364 -4874.4372
8365 -4874.4378
8366 -4874.4381
8367 -4873.6949
8368 -4874.1685
8369 -4874.3277
8370 -4874.3893
8371 -4874.4153
8372 -4874.4273
8373 -4874.4331
8374 -4874.4357
8375 -4874.4370
8376 -4874.4376
8377 -4874.4379
8378 -4873.6943
8379 -4874.1710
8380 -4874.3293
8381 -4874.3901
8382 -4874.4157
8383 -4874.4273
8384 -4874.4330
8385 -4874.4355
8386 -4874.4368
8387 -4874.4373
8388 -4874.4376
8389 -4873.6937
8390 -4874.1736
8391 -4874.3309
8392 -4874.3910
8393 -4874.4160
8394 -4874.4276
8395 -4874.4329
8396 -4874.4354
8397 -4874.4365
8398 -4874.4371
8399 -4874.4374
8400 -4873.7112
8401 -4874.1578
8402 -4874.3187
8403 -4874.3835
8404 -4874.4116
8405 -4874.4247
8406 -4874.4313
8407 -4874.4344
8408 -4874.4359
8409 -4874.4366
8410 -4874.4370
8411 -4873.7103
8412 -4874.1603
8413 -4874.3203
8414 -4874.3843
8415 -4874.4119
8416 -4874.4247
8417 -4874.4311
8418 -4874.4341
8419 -4874.4356
8420 -4874.4363
8421 -4874.4366
8422 -4873.7095
8423 -4874.1627
8424 -4874.3219
8425 -4874.3851
8426 -4874.4121
8427 -4874.4248
8428 -4874.4310
8429 -4874.4339
8430 -4874.4353
8431 -4874.4360
8432 -4874.4363
8433 -4873.7087
8434 -4874.1651
8435 -4874.3234
8436 -4874.3858
8437 -4874.4124
8438 -4874.4248
8439 -4874.4308
8440 -4874.4337
8441 -4874.4350
8442 -4874.4357
8443 -4874.4360
8444 -4873.7080
8445 -4874.1676
8446 -4874.3252
8447 -4874.3866
8448 -4874.4127
8449 -4874.4248
8450 -4874.4307
8451 -4874.4335
8452 -4874.4347
8453 -4874.4354
8454 -4874.4357
8455 -4873.7073
8456 -4874.1700
8457 -4874.3267
8458 -4874.3873
8459 -4874.4130
8460 -4874.4248
8461 -4874.4306
8462 -4874.4332
8463 -4874.4345
8464 -4874.4351
8465 -4874.4354
8466 -4873.6896
8467 -4874.1645
8468 -4874.3245
8469 -4874.3863
8470 -4874.4125
8471 -4874.4245
8472 -4874.4303
8473 -4874.4330
8474 -4874.4342
8475 -4874.4348
8476 -4874.4351
8477 -4873.6891
8478 -4874.1671
8479 -4874.3261
8480 -4874.3872
8481 -4874.4128
8482 -4874.4245
8483 -4874.4302
8484 -4874.4328
8485 -4874.4340
8486 -4874.4346
8487 -4874.4349
8488 -4873.6885
8489 -4874.1697
8490 -4874.3276
8491 -4874.3880
8492 -4874.4131
8493 -4874.4246
8494 -4874.4302
8495 -4874.4326
8496 -4874.4338
8497 -4874.4344
8498 -4874.4346
8499 -4873.7059
8500 -4874.1538
8501 -4874.3152
8502 -4874.3802
8503 -4874.4087
8504 -4874.4219
8505 -4874.4285
8506 -4874.4316
8507 -4874.4331
8508 -4874.4339
8509 -4874.4343
8510 -4873.7051
8511 -4874.1562
8512 -4874.3168
8513 -4874.3809
8514 -4874.4089
8515 -4874.4219
8516 -4874.4283
8517 -4874.4313
8518 -4874.4328
8519 -4874.4336
8520 -4874.4339
8521 -4873.7043
8522 -4874.1587
8523 -4874.3184
8524 -4874.3819
8525 -4874.4093
8526 -4874.4219
8527 -4874.4282
8528 -4874.4311
8529 -4874.4325
8530 -4874.4332
8531 -4874.4336
8532 -4873.7035
8533 -4874.1612
8534 -4874.3200
8535 -4874.3828
8536 -4874.4095
8537 -4874.4220
8538 -4874.4280
8539 -4874.4309
8540 -4874.4323
8541 -4874.4329
8542 -4874.4333
8543 -4873.7029
8544 -4874.1636
8545 -4874.3216
8546 -4874.3836
8547 -4874.4098
8548 -4874.4220
8549 -4874.4277
8550 -4874.4307
8551 -4874.4320
8552 -4874.4327
8553 -4874.4329
8554 -4873.7022
8555 -4874.1660
8556 -4874.3231
8557 -4874.3843
8558 -4874.4102
8559 -4874.4220
8560 -4874.4276
8561 -4874.4305
8562 -4874.4318
8563 -4874.4324
8564 -4874.4327
8565 -4873.6846
8566 -4874.1605
8567 -4874.3211
8568 -4874.3833
8569 -4874.4096
8570 -4874.4217
8571 -4874.4273
8572 -4874.4302
8573 -4874.4315
8574 -4874.4321
8575 -4874.4324
8576 -4873.6840
8577 -4874.1631
8578 -4874.3228
8579 -4874.3842
8580 -4874.4100
8581 -4874.4217
8582 -4874.4272
8583 -4874.4301
8584 -4874.4313
8585 -4874.4319
8586 -4874.4321
8587 -4873.6835
8588 -4874.1658
8589 -4874.3245
8590 -4874.3850
8591 -4874.4103
8592 -4874.4218
8593 -4874.4272
8594 -4874.4299
8595 -4874.4311
8596 -4874.4317
8597 -4874.4319
8598 -4873.7008
8599 -4874.1497
8600 -4874.3118
8601 -4874.3771
8602 -4874.4057
8603 -4874.4190
8604 -4874.4255
8605 -4874.4288
8606 -4874.4304
8607 -4874.4312
8608 -4874.4315
8609 -4873.6999
8610 -4874.1521
8611 -4874.3134
8612 -4874.3779
8613 -4874.4060
8614 -4874.4191
8615 -4874.4253
8616 -4874.4286
8617 -4874.4301
8618 -4874.4308
8619 -4874.4312
8620 -4873.6991
8621 -4874.1547
8622 -4874.3150
8623 -4874.3787
8624 -4874.4063
8625 -4874.4191
8626 -4874.4252
8627 -4874.4284
8628 -4874.4298
8629 -4874.4305
8630 -4874.4308
8631 -4873.6984
8632 -4874.1571
8633 -4874.3166
8634 -4874.3794
8635 -4874.4066
8636 -4874.4191
8637 -4874.4251
8638 -4874.4281
8639 -4874.4295
8640 -4874.4302
8641 -4874.4305
8642 -4873.6976
8643 -4874.1596
8644 -4874.3182
8645 -4874.3802
8646 -4874.4070
8647 -4874.4191
8648 -4874.4249
8649 -4874.4277
8650 -4874.4293
8651 -4874.4299
8652 -4874.4302
8653 -4873.6970
8654 -4874.1621
8655 -4874.3198
8656 -4874.3810
8657 -4874.4072
8658 -4874.4192
8659 -4874.4248
8660 -4874.4275
8661 -4874.4290
8662 -4874.4296
8663 -4874.4300
8664 -4873.6795
8665 -4874.1566
8666 -4874.3177
8667 -4874.3802
8668 -4874.4068
8669 -4874.4188
8670 -4874.4245
8671 -4874.4272
8672 -4874.4287
8673 -4874.4294
8674 -4874.4297
8675 -4873.6789
8676 -4874.1592
8677 -4874.3193
8678 -4874.3812
8679 -4874.4071
8680 -4874.4190
8681 -4874.4245
8682 -4874.4271
8683 -4874.4285
8684 -4874.4291
8685 -4874.4294
8686 -4873.6784
8687 -4874.1618
8688 -4874.3211
8689 -4874.3820
8690 -4874.4075
8691 -4874.4191
8692 -4874.4244
8693 -4874.4269
8694 -4874.4283
8695 -4874.4289
8696 -4874.4291
8697 -4873.6956
8698 -4874.1455
8699 -4874.3084
8700 -4874.3740
8701 -4874.4028
8702 -4874.4162
8703 -4874.4227
8704 -4874.4259
8705 -4874.4274
8706 -4874.4284
8707 -4874.4288
8708 -4873.6947
8709 -4874.1481
8710 -4874.3100
8711 -4874.3747
8712 -4874.4031
8713 -4874.4162
8714 -4874.4225
8715 -4874.4256
8716 -4874.4271
8717 -4874.4280
8718 -4874.4284
8719 -4873.6939
8720 -4874.1506
8721 -4874.3116
8722 -4874.3755
8723 -4874.4034
8724 -4874.4162
8725 -4874.4224
8726 -4874.4254
8727 -4874.4268
8728 -4874.4275
8729 -4874.4281
8730 -4873.6932
8731 -4874.1530
8732 -4874.3132
8733 -4874.3764
8734 -4874.4037
8735 -4874.4163
8736 -4874.4223
8737 -4874.4251
8738 -4874.4265
8739 -4874.4272
8740 -4874.4275
8741 -4873.6925
8742 -4874.1556
8743 -4874.3148
8744 -4874.3772
8745 -4874.4041
8746 -4874.4163
8747 -4874.4221
8748 -4874.4249
8749 -4874.4263
8750 -4874.4269
8751 -4874.4272
8752 -4873.6918
8753 -4874.1581
8754 -4874.3164
8755 -4874.3780
8756 -4874.4043
8757 -4874.4163
8758 -4874.4220
8759 -4874.4247
8760 -4874.4260
8761 -4874.4266
8762 -4874.4270
8763 -4873.6744
8764 -4874.1526
8765 -4874.3143
8766 -4874.3770
8767 -4874.4039
8768 -4874.4160
8769 -4874.4218
8770 -4874.4244
8771 -4874.4258
8772 -4874.4263
8773 -4874.4267
8774 -4873.6738
8775 -4874.1553
8776 -4874.3160
8777 -4874.3779
8778 -4874.4042
8779 -4874.4161
8780 -4874.4217
8781 -4874.4243
8782 -4874.4255
8783 -4874.4261
8784 -4874.4264
8785 -4873.6732
8786 -4874.1579
8787 -4874.3176
8788 -4874.3787
8789 -4874.4046
8790 -4874.4162
8791 -4874.4216
8792 -4874.4241
8793 -4874.4253
8794 -4874.4259
8795 -4874.4262
8796 -4873.6904
8797 -4874.1414
8798 -4874.3049
8799 -4874.3708
8800 -4874.3998
8801 -4874.4134
8802 -4874.4199
8803 -4874.4231
8804 -4874.4246
8805 -4874.4254
8806 -4874.4258
8807 -4873.6895
8808 -4874.1439
8809 -4874.3065
8810 -4874.3716
8811 -4874.4002
8812 -4874.4134
8813 -4874.4198
8814 -4874.4228
8815 -4874.4243
8816 -4874.4251
8817 -4874.4254
8818 -4873.6887
8819 -4874.1464
8820 -4874.3082
8821 -4874.3724
8822 -4874.4005
8823 -4874.4134
8824 -4874.4196
8825 -4874.4226
8826 -4874.4240
8827 -4874.4247
8828 -4874.4251
8829 -4873.6880
8830 -4874.1490
8831 -4874.3098
8832 -4874.3733
8833 -4874.4008
8834 -4874.4134
8835 -4874.4195
8836 -4874.4223
8837 -4874.4237
8838 -4874.4244
8839 -4874.4247
8840 -4873.6872
8841 -4874.1515
8842 -4874.3114
8843 -4874.3741
8844 -4874.4011
8845 -4874.4135
8846 -4874.4193
8847 -4874.4221
8848 -4874.4235
8849 -4874.4241
8850 -4874.4245
8851 -4873.6866
8852 -4874.1541
8853 -4874.3130
8854 -4874.3748
8855 -4874.4014
8856 -4874.4135
8857 -4874.4191
8858 -4874.4219
8859 -4874.4232
8860 -4874.4239
8861 -4874.4242
8862 -4873.6692
8863 -4874.1487
8864 -4874.3109
8865 -4874.3739
8866 -4874.4010
8867 -4874.4132
8868 -4874.4189
8869 -4874.4217
8870 -4874.4230
8871 -4874.4236
8872 -4874.4239
8873 -4873.6686
8874 -4874.1514
8875 -4874.3126
8876 -4874.3749
8877 -4874.4013
8878 -4874.4132
8879 -4874.4188
8880 -4874.4215
8881 -4874.4227
8882 -4874.4233
8883 -4874.4236
8884 -4873.6680
8885 -4874.1540
8886 -4874.3143
8887 -4874.3757
8888 -4874.4017
8889 -4874.4133
8890 -4874.4187
8891 -4874.4213
8892 -4874.4226
8893 -4874.4231
8894 -4874.4234
8895 -4873.6851
8896 -4874.1373
8897 -4874.3015
8898 -4874.3678
8899 -4874.3971
8900 -4874.4105
8901 -4874.4170
8902 -4874.4202
8903 -4874.4218
8904 -4874.4226
8905 -4874.4230
8906 -4873.6842
8907 -4874.1398
8908 -4874.3032
8909 -4874.3686
8910 -4874.3974
8911 -4874.4105
8912 -4874.4169
8913 -4874.4200
8914 -4874.4215
8915 -4874.4223
8916 -4874.4226
8917 -4873.6834
8918 -4874.1423
8919 -4874.3047
8920 -4874.3693
8921 -4874.3978
8922 -4874.4105
8923 -4874.4167
8924 -4874.4198
8925 -4874.4212
8926 -4874.4219
8927 -4874.4223
8928 -4873.6827
8929 -4874.1448
8930 -4874.3064
8931 -4874.3702
8932 -4874.3980
8933 -4874.4105
8934 -4874.4166
8935 -4874.4195
8936 -4874.4209
8937 -4874.4216
8938 -4874.4220
8939 -4873.6819
8940 -4874.1474
8941 -4874.3080
8942 -4874.3710
8943 -4874.3984
8944 -4874.4106
8945 -4874.4165
8946 -4874.4193
8947 -4874.4207
8948 -4874.4213
8949 -4874.4217
8950 -4873.6813
8951 -4874.1500
8952 -4874.3096
8953 -4874.3718
8954 -4874.3987
8955 -4874.4106
8956 -4874.4163
8957 -4874.4191
8958 -4874.4204
8959 -4874.4210
8960 -4874.4214
8961 -4873.6640
8962 -4874.1447
8963 -4874.3076
8964 -4874.3709
8965 -4874.3980
8966 -4874.4103
8967 -4874.4160
8968 -4874.4188
8969 -4874.4202
8970 -4874.4208
8971 -4874.4211
8972 -4873.6634
8973 -4874.1474
8974 -4874.3092
8975 -4874.3717
8976 -4874.3983
8977 -4874.4104
8978 -4874.4160
8979 -4874.4186
8980 -4874.4200
8981 -4874.4205
8982 -4874.4208
8983 -4873.6629
8984 -4874.1501
8985 -4874.3109
8986 -4874.3726
8987 -4874.3986
8988 -4874.4105
8989 -4874.4159
8990 -4874.4184
8991 -4874.4197
8992 -4874.4203
8993 -4874.4206
8994 -4873.6799
8995 -4874.1332
8996 -4874.2981
8997 -4874.3646
8998 -4874.3942
8999 -4874.4076
9000 -4874.4142
9001 -4874.4174
9002 -4874.4190
9003 -4874.4198
9004 -4874.4202
9005 -4873.6790
9006 -4874.1357
9007 -4874.2997
9008 -4874.3655
9009 -4874.3946
9010 -4874.4076
9011 -4874.4140
9012 -4874.4171
9013 -4874.4186
9014 -4874.4195
9015 -4874.4198
9016 -4873.6782
9017 -4874.1383
9018 -4874.3014
9019 -4874.3663
9020 -4874.3949
9021 -4874.4076
9022 -4874.4139
9023 -4874.4169
9024 -4874.4183
9025 -4874.4191
9026 -4874.4195
9027 -4873.6774
9028 -4874.1408
9029 -4874.3030
9030 -4874.3671
9031 -4874.3952
9032 -4874.4077
9033 -4874.4137
9034 -4874.4166
9035 -4874.4181
9036 -4874.4188
9037 -4874.4191
9038 -4873.6767
9039 -4874.1433
9040 -4874.3046
9041 -4874.3679
9042 -4874.3956
9043 -4874.4077
9044 -4874.4136
9045 -4874.4165
9046 -4874.4178
9047 -4874.4185
9048 -4874.4188
9049 -4873.6760
9050 -4874.1459
9051 -4874.3062
9052 -4874.3687
9053 -4874.3959
9054 -4874.4078
9055 -4874.4135
9056 -4874.4162
9057 -4874.4176
9058 -4874.4182
9059 -4874.4185
9060 -4873.6589
9061 -4874.1406
9062 -4874.3042
9063 -4874.3678
9064 -4874.3954
9065 -4874.4074
9066 -4874.4132
9067 -4874.4160
9068 -4874.4173
9069 -4874.4179
9070 -4874.4182
9071 -4873.6583
9072 -4874.1434
9073 -4874.3059
9074 -4874.3687
9075 -4874.3958
9076 -4874.4075
9077 -4874.4131
9078 -4874.4158
9079 -4874.4171
9080 -4874.4177
9081 -4874.4179
9082 -4873.6578
9083 -4874.1461
9084 -4874.3076
9085 -4874.3695
9086 -4874.3960
9087 -4874.4076
9088 -4874.4131
9089 -4874.4156
9090 -4874.4169
9091 -4874.4174
9092 -4874.4177
9093 -4873.6748
9094 -4874.1290
9095 -4874.2946
9096 -4874.3616
9097 -4874.3912
9098 -4874.4047
9099 -4874.4113
9100 -4874.4146
9101 -4874.4161
9102 -4874.4169
9103 -4874.4173
9104 -4873.6739
9105 -4874.1316
9106 -4874.2963
9107 -4874.3625
9108 -4874.3915
9109 -4874.4047
9110 -4874.4112
9111 -4874.4143
9112 -4874.4158
9113 -4874.4166
9114 -4874.4170
9115 -4873.6731
9116 -4874.1341
9117 -4874.2979
9118 -4874.3633
9119 -4874.3919
9120 -4874.4048
9121 -4874.4110
9122 -4874.4141
9123 -4874.4155
9124 -4874.4162
9125 -4874.4166
9126 -4873.6724
9127 -4874.1367
9128 -4874.2996
9129 -4874.3640
9130 -4874.3922
9131 -4874.4048
9132 -4874.4109
9133 -4874.4138
9134 -4874.4152
9135 -4874.4159
9136 -4874.4163
9137 -4873.6716
9138 -4874.1393
9139 -4874.3012
9140 -4874.3648
9141 -4874.3925
9142 -4874.4048
9143 -4874.4108
9144 -4874.4136
9145 -4874.4150
9146 -4874.4156
9147 -4874.4160
9148 -4873.6710
9149 -4874.1418
9150 -4874.3029
9151 -4874.3657
9152 -4874.3928
9153 -4874.4049
9154 -4874.4107
9155 -4874.4134
9156 -4874.4147
9157 -4874.4153
9158 -4874.4157
9159 -4873.6539
9160 -4874.1366
9161 -4874.3009
9162 -4874.3648
9163 -4874.3924
9164 -4874.4046
9165 -4874.4104
9166 -4874.4131
9167 -4874.4145
9168 -4874.4151
9169 -4874.4154
9170 -4873.6532
9171 -4874.1394
9172 -4874.3025
9173 -4874.3657
9174 -4874.3928
9175 -4874.4046
9176 -4874.4103
9177 -4874.4130
9178 -4874.4142
9179 -4874.4149
9180 -4874.4151
9181 -4873.6527
9182 -4874.1421
9183 -4874.3042
9184 -4874.3665
9185 -4874.3931
9186 -4874.4047
9187 -4874.4102
9188 -4874.4128
9189 -4874.4140
9190 -4874.4146
9191 -4874.4149
9192 -4873.6696
9193 -4874.1248
9194 -4874.2911
9195 -4874.3585
9196 -4874.3882
9197 -4874.4018
9198 -4874.4084
9199 -4874.4117
9200 -4874.4133
9201 -4874.4141
9202 -4874.4145
9203 -4873.6687
9204 -4874.1273
9205 -4874.2927
9206 -4874.3593
9207 -4874.3886
9208 -4874.4018
9209 -4874.4083
9210 -4874.4114
9211 -4874.4130
9212 -4874.4138
9213 -4874.4141
9214 -4873.6679
9215 -4874.1300
9216 -4874.2944
9217 -4874.3601
9218 -4874.3889
9219 -4874.4018
9220 -4874.4081
9221 -4874.4112
9222 -4874.4127
9223 -4874.4134
9224 -4874.4138
9225 -4873.6671
9226 -4874.1326
9227 -4874.2961
9228 -4874.3610
9229 -4874.3892
9230 -4874.4019
9231 -4874.4080
9232 -4874.4109
9233 -4874.4124
9234 -4874.4131
9235 -4874.4134
9236 -4873.6664
9237 -4874.1352
9238 -4874.2978
9239 -4874.3618
9240 -4874.3895
9241 -4874.4019
9242 -4874.4079
9243 -4874.4107
9244 -4874.4121
9245 -4874.4128
9246 -4874.4132
9247 -4873.6657
9248 -4874.1378
9249 -4874.2995
9250 -4874.3627
9251 -4874.3899
9252 -4874.4020
9253 -4874.4078
9254 -4874.4105
9255 -4874.4119
9256 -4874.4125
9257 -4874.4128
9258 -4873.6487
9259 -4874.1327
9260 -4874.2975
9261 -4874.3618
9262 -4874.3894
9263 -4874.4017
9264 -4874.4075
9265 -4874.4103
9266 -4874.4116
9267 -4874.4122
9268 -4874.4125
9269 -4873.6481
9270 -4874.1354
9271 -4874.2992
9272 -4874.3626
9273 -4874.3898
9274 -4874.4017
9275 -4874.4074
9276 -4874.4101
9277 -4874.4114
9278 -4874.4120
9279 -4874.4123
9280 -4873.6475
9281 -4874.1381
9282 -4874.3010
9283 -4874.3634
9284 -4874.3902
9285 -4874.4019
9286 -4874.4073
9287 -4874.4099
9288 -4874.4112
9289 -4874.4118
9290 -4874.4120
9291 -4873.6643
9292 -4874.1206
9293 -4874.2876
9294 -4874.3553
9295 -4874.3852
9296 -4874.3988
9297 -4874.4055
9298 -4874.4088
9299 -4874.4104
9300 -4874.4112
9301 -4874.4116
9302 -4873.6633
9303 -4874.1232
9304 -4874.2893
9305 -4874.3561
9306 -4874.3855
9307 -4874.3988
9308 -4874.4054
9309 -4874.4086
9310 -4874.4101
9311 -4874.4109
9312 -4874.4113
9313 -4873.6625
9314 -4874.1258
9315 -4874.2910
9316 -4874.3570
9317 -4874.3859
9318 -4874.3989
9319 -4874.4053
9320 -4874.4083
9321 -4874.4098
9322 -4874.4105
9323 -4874.4109
9324 -4873.6617
9325 -4874.1283
9326 -4874.2927
9327 -4874.3578
9328 -4874.3862
9329 -4874.3989
9330 -4874.4051
9331 -4874.4081
9332 -4874.4095
9333 -4874.4102
9334 -4874.4106
9335 -4873.6609
9336 -4874.1311
9337 -4874.2943
9338 -4874.3587
9339 -4874.3865
9340 -4874.3989
9341 -4874.4050
9342 -4874.4079
9343 -4874.4093
9344 -4874.4100
9345 -4874.4103
9346 -4873.6603
9347 -4874.1337
9348 -4874.2960
9349 -4874.3595
9350 -4874.3869
9351 -4874.3990
9352 -4874.4049
9353 -4874.4077
9354 -4874.4090
9355 -4874.4097
9356 -4874.4100
9357 -4873.6434
9358 -4874.1286
9359 -4874.2941
9360 -4874.3587
9361 -4874.3865
9362 -4874.3987
9363 -4874.4046
9364 -4874.4074
9365 -4874.4087
9366 -4874.4094
9367 -4874.4097
9368 -4873.6428
9369 -4874.1314
9370 -4874.2959
9371 -4874.3596
9372 -4874.3868
9373 -4874.3988
9374 -4874.4046
9375 -4874.4072
9376 -4874.4085
9377 -4874.4091
9378 -4874.4094
9379 -4873.6423
9380 -4874.1341
9381 -4874.2976
9382 -4874.3605
9383 -4874.3872
9384 -4874.3989
9385 -4874.4044
9386 -4874.4071
9387 -4874.4083
9388 -4874.4089
9389 -4874.4091
9390 -4873.6590
9391 -4874.1165
9392 -4874.2841
9393 -4874.3520
9394 -4874.3819
9395 -4874.3962
9396 -4874.4027
9397 -4874.4059
9398 -4874.4076
9399 -4874.4084
9400 -4874.4088
9401 -4873.6581
9402 -4874.1191
9403 -4874.2857
9404 -4874.3529
9405 -4874.3824
9406 -4874.3962
9407 -4874.4025
9408 -4874.4057
9409 -4874.4072
9410 -4874.4080
9411 -4874.4084
9412 -4873.6573
9413 -4874.1217
9414 -4874.2875
9415 -4874.3538
9416 -4874.3828
9417 -4874.3963
9418 -4874.4023
9419 -4874.4054
9420 -4874.4069
9421 -4874.4077
9422 -4874.4080
9423 -4873.6565
9424 -4874.1243
9425 -4874.2892
9426 -4874.3546
9427 -4874.3831
9428 -4874.3963
9429 -4874.4022
9430 -4874.4052
9431 -4874.4067
9432 -4874.4073
9433 -4874.4077
9434 -4873.6558
9435 -4874.1269
9436 -4874.2909
9437 -4874.3555
9438 -4874.3835
9439 -4874.3964
9440 -4874.4021
9441 -4874.4050
9442 -4874.4064
9443 -4874.4071
9444 -4874.4074
9445 -4873.6552
9446 -4874.1295
9447 -4874.2926
9448 -4874.3564
9449 -4874.3839
9450 -4874.3964
9451 -4874.4020
9452 -4874.4048
9453 -4874.4061
9454 -4874.4068
9455 -4874.4071
9456 -4873.6382
9457 -4874.1245
9458 -4874.2907
9459 -4874.3555
9460 -4874.3835
9461 -4874.3961
9462 -4874.4017
9463 -4874.4045
9464 -4874.4058
9465 -4874.4065
9466 -4874.4068
9467 -4873.6376
9468 -4874.1274
9469 -4874.2925
9470 -4874.3565
9471 -4874.3839
9472 -4874.3962
9473 -4874.4016
9474 -4874.4043
9475 -4874.4056
9476 -4874.4062
9477 -4874.4066
9478 -4873.6370
9479 -4874.1301
9480 -4874.2942
9481 -4874.3574
9482 -4874.3842
9483 -4874.3963
9484 -4874.4016
9485 -4874.4042
9486 -4874.4054
9487 -4874.4060
9488 -4874.4063
9489 -4873.6536
9490 -4874.1124
9491 -4874.2802
9492 -4874.3488
9493 -4874.3789
9494 -4874.3932
9495 -4874.3996
9496 -4874.4031
9497 -4874.4047
9498 -4874.4055
9499 -4874.4058
9500 -4873.6528
9501 -4874.1150
9502 -4874.2820
9503 -4874.3497
9504 -4874.3792
9505 -4874.3932
9506 -4874.3995
9507 -4874.4028
9508 -4874.4043
9509 -4874.4051
9510 -4874.4055
9511 -4873.6520
9512 -4874.1176
9513 -4874.2840
9514 -4874.3506
9515 -4874.3795
9516 -4874.3933
9517 -4874.3993
9518 -4874.4025
9519 -4874.4040
9520 -4874.4048
9521 -4874.4052
9522 -4873.6512
9523 -4874.1202
9524 -4874.2858
9525 -4874.3514
9526 -4874.3799
9527 -4874.3933
9528 -4874.3992
9529 -4874.4023
9530 -4874.4037
9531 -4874.4045
9532 -4874.4048
9533 -4873.6505
9534 -4874.1228
9535 -4874.2874
9536 -4874.3523
9537 -4874.3802
9538 -4874.3933
9539 -4874.3991
9540 -4874.4021
9541 -4874.4035
9542 -4874.4042
9543 -4874.4045
9544 -4873.6498
9545 -4874.1255
9546 -4874.2891
9547 -4874.3532
9548 -4874.3806
9549 -4874.3934
9550 -4874.3990
9551 -4874.4019
9552 -4874.4032
9553 -4874.4039
9554 -4874.4042
9555 -4873.6330
9556 -4874.1204
9557 -4874.2873
9558 -4874.3524
9559 -4874.3802
9560 -4874.3931
9561 -4874.3987
9562 -4874.4016
9563 -4874.4030
9564 -4874.4036
9565 -4874.4039
9566 -4873.6324
9567 -4874.1233
9568 -4874.2891
9569 -4874.3533
9570 -4874.3806
9571 -4874.3932
9572 -4874.3987
9573 -4874.4015
9574 -4874.4027
9575 -4874.4033
9576 -4874.4037
9577 -4873.6318
9578 -4874.1262
9579 -4874.2908
9580 -4874.3542
9581 -4874.3809
9582 -4874.3933
9583 -4874.3986
9584 -4874.4013
9585 -4874.4025
9586 -4874.4031
9587 -4874.4034
9588 -4873.6484
9589 -4874.1085
9590 -4874.2767
9591 -4874.3456
9592 -4874.3757
9593 -4874.3902
9594 -4874.3970
9595 -4874.4000
9596 -4874.4018
9597 -4874.4026
9598 -4874.4030
9599 -4873.6475
9600 -4874.1111
9601 -4874.2785
9602 -4874.3465
9603 -4874.3761
9604 -4874.3903
9605 -4874.3969
9606 -4874.3998
9607 -4874.4015
9608 -4874.4022
9609 -4874.4026
9610 -4873.6467
9611 -4874.1135
9612 -4874.2802
9613 -4874.3474
9614 -4874.3764
9615 -4874.3903
9616 -4874.3968
9617 -4874.3995
9618 -4874.4011
9619 -4874.4019
9620 -4874.4022
9621 -4873.6460
9622 -4874.1161
9623 -4874.2819
9624 -4874.3483
9625 -4874.3768
9626 -4874.3903
9627 -4874.3967
9628 -4874.3993
9629 -4874.4008
9630 -4874.4016
9631 -4874.4019
9632 -4873.6452
9633 -4874.1188
9634 -4874.2838
9635 -4874.3491
9636 -4874.3772
9637 -4874.3904
9638 -4874.3966
9639 -4874.3991
9640 -4874.4006
9641 -4874.4013
9642 -4874.4016
9643 -4873.6446
9644 -4874.1214
9645 -4874.2857
9646 -4874.3500
9647 -4874.3776
9648 -4874.3905
9649 -4874.3965
9650 -4874.3989
9651 -4874.4003
9652 -4874.4010
9653 -4874.4013
9654 -4873.6278
9655 -4874.1164
9656 -4874.2838
9657 -4874.3492
9658 -4874.3771
9659 -4874.3902
9660 -4874.3962
9661 -4874.3987
9662 -4874.4000
9663 -4874.4007
9664 -4874.4010
9665 -4873.6272
9666 -4874.1192
9667 -4874.2856
9668 -4874.3501
9669 -4874.3775
9670 -4874.3903
9671 -4874.3961
9672 -4874.3987
9673 -4874.3998
9674 -4874.4005
9675 -4874.4007
9676 -4873.6266
9677 -4874.1220
9678 -4874.2874
9679 -4874.3511
9680 -4874.3779
9681 -4874.3903
9682 -4874.3960
9683 -4874.3985
9684 -4874.3995
9685 -4874.4002
9686 -4874.4005
9687 -4873.6431
9688 -4874.1043
9689 -4874.2731
9690 -4874.3424
9691 -4874.3726
9692 -4874.3872
9693 -4874.3941
9694 -4874.3973
9695 -4874.3988
9696 -4874.3996
9697 -4874.4000
9698 -4873.6422
9699 -4874.1069
9700 -4874.2749
9701 -4874.3433
9702 -4874.3730
9703 -4874.3873
9704 -4874.3939
9705 -4874.3971
9706 -4874.3987
9707 -4874.3992
9708 -4874.3996
9709 -4873.6414
9710 -4874.1096
9711 -4874.2767
9712 -4874.3442
9713 -4874.3734
9714 -4874.3873
9715 -4874.3938
9716 -4874.3970
9717 -4874.3984
9718 -4874.3989
9719 -4874.3992
9720 -4873.6407
9721 -4874.1122
9722 -4874.2785
9723 -4874.3451
9724 -4874.3737
9725 -4874.3874
9726 -4874.3937
9727 -4874.3967
9728 -4874.3981
9729 -4874.3986
9730 -4874.3989
9731 -4873.6399
9732 -4874.1147
9733 -4874.2801
9734 -4874.3459
9735 -4874.3741
9736 -4874.3874
9737 -4874.3935
9738 -4874.3965
9739 -4874.3978
9740 -4874.3985
9741 -4874.3986
9742 -4873.6393
9743 -4874.1173
9744 -4874.2819
9745 -4874.3468
9746 -4874.3744
9747 -4874.3875
9748 -4874.3934
9749 -4874.3963
9750 -4874.3976
9751 -4874.3982
9752 -4874.3986
9753 -4873.6226
9754 -4874.1124
9755 -4874.2801
9756 -4874.3460
9757 -4874.3741
9758 -4874.3872
9759 -4874.3932
9760 -4874.3961
9761 -4874.3973
9762 -4874.3979
9763 -4874.3982
9764 -4873.6219
9765 -4874.1152
9766 -4874.2823
9767 -4874.3470
9768 -4874.3744
9769 -4874.3873
9770 -4874.3931
9771 -4874.3959
9772 -4874.3971
9773 -4874.3977
9774 -4874.3980
9775 -4873.6214
9776 -4874.1180
9777 -4874.2839
9778 -4874.3479
9779 -4874.3749
9780 -4874.3874
9781 -4874.3930
9782 -4874.3957
9783 -4874.3969
9784 -4874.3974
9785 -4874.3977
9786 -4873.6378
9787 -4874.1001
9788 -4874.2695
9789 -4874.3390
9790 -4874.3696
9791 -4874.3842
9792 -4874.3911
9793 -4874.3946
9794 -4874.3962
9795 -4874.3969
9796 -4874.3973
9797 -4873.6369
9798 -4874.1027
9799 -4874.2713
9800 -4874.3400
9801 -4874.3699
9802 -4874.3842
9803 -4874.3910
9804 -4874.3942
9805 -4874.3959
9806 -4874.3967
9807 -4874.3969
9808 -4873.6361
9809 -4874.1054
9810 -4874.2731
9811 -4874.3408
9812 -4874.3703
9813 -4874.3843
9814 -4874.3908
9815 -4874.3940
9816 -4874.3956
9817 -4874.3963
9818 -4874.3967
9819 -4873.6352
9820 -4874.1081
9821 -4874.2749
9822 -4874.3418
9823 -4874.3707
9824 -4874.3843
9825 -4874.3907
9826 -4874.3938
9827 -4874.3953
9828 -4874.3960
9829 -4874.3964
9830 -4873.6344
9831 -4874.1108
9832 -4874.2767
9833 -4874.3427
9834 -4874.3710
9835 -4874.3844
9836 -4874.3906
9837 -4874.3935
9838 -4874.3950
9839 -4874.3957
9840 -4874.3960
9841 -4873.6338
9842 -4874.1133
9843 -4874.2784
9844 -4874.3436
9845 -4874.3714
9846 -4874.3845
9847 -4874.3905
9848 -4874.3933
9849 -4874.3947
9850 -4874.3954
9851 -4874.3958
9852 -4873.6172
9853 -4874.1084
9854 -4874.2766
9855 -4874.3429
9856 -4874.3710
9857 -4874.3842
9858 -4874.3902
9859 -4874.3930
9860 -4874.3945
9861 -4874.3951
9862 -4874.3954
9863 -4873.6166
9864 -4874.1113
9865 -4874.2785
9866 -4874.3438
9867 -4874.3714
9868 -4874.3843
9869 -4874.3901
9870 -4874.3929
9871 -4874.3942
9872 -4874.3949
9873 -4874.3952
9874 -4873.6160
9875 -4874.1141
9876 -4874.2803
9877 -4874.3448
9878 -4874.3718
9879 -4874.3844
9880 -4874.3901
9881 -4874.3927
9882 -4874.3940
9883 -4874.3946
9884 -4874.3949
9885 -4873.6324
9886 -4874.0959
9887 -4874.2660
9888 -4874.3358
9889 -4874.3665
9890 -4874.3809
9891 -4874.3881
9892 -4874.3915
9893 -4874.3932
9894 -4874.3940
9895 -4874.3945
9896 -4873.6315
9897 -4874.0986
9898 -4874.2678
9899 -4874.3367
9900 -4874.3669
9901 -4874.3810
9902 -4874.3880
9903 -4874.3913
9904 -4874.3929
9905 -4874.3937
9906 -4874.3941
9907 -4873.6307
9908 -4874.1013
9909 -4874.2695
9910 -4874.3376
9911 -4874.3673
9912 -4874.3810
9913 -4874.3878
9914 -4874.3910
9915 -4874.3926
9916 -4874.3933
9917 -4874.3937
9918 -4873.6299
9919 -4874.1040
9920 -4874.2714
9921 -4874.3385
9922 -4874.3677
9923 -4874.3811
9924 -4874.3877
9925 -4874.3908
9926 -4874.3923
9927 -4874.3930
9928 -4874.3934
9929 -4873.6292
9930 -4874.1067
9931 -4874.2731
9932 -4874.3394
9933 -4874.3680
9934 -4874.3811
9935 -4874.3876
9936 -4874.3906
9937 -4874.3920
9938 -4874.3927
9939 -4874.3930
9940 -4873.6286
9941 -4874.1094
9942 -4874.2749
9943 -4874.3404
9944 -4874.3684
9945 -4874.3812
9946 -4874.3875
9947 -4874.3904
9948 -4874.3918
9949 -4874.3924
9950 -4874.3928
9951 -4873.6120
9952 -4874.1046
9953 -4874.2732
9954 -4874.3397
9955 -4874.3680
9956 -4874.3809
9957 -4874.3873
9958 -4874.3901
9959 -4874.3915
9960 -4874.3921
9961 -4874.3925
9962 -4873.6114
9963 -4874.1073
9964 -4874.2751
9965 -4874.3407
9966 -4874.3684
9967 -4874.3810
9968 -4874.3872
9969 -4874.3899
9970 -4874.3913
9971 -4874.3919
9972 -4874.3922
9973 -4873.6108
9974 -4874.1101
9975 -4874.2768
9976 -4874.3416
9977 -4874.3688
9978 -4874.3811
9979 -4874.3871
9980 -4874.3898
9981 -4874.3910
9982 -4874.3916
9983 -4874.3919
9984 -4873.6271
9985 -4874.0917
9986 -4874.2624
9987 -4874.3325
9988 -4874.3636
9989 -4874.3779
9990 -4874.3851
9991 -4874.3886
9992 -4874.3903
9993 -4874.3911
9994 -4874.3915
9995 -4873.6263
9996 -4874.0944
9997 -4874.2642
9998 -4874.3334
9999 -4874.3640
10000 -4874.3915

