Charm++: standalone mode (not using charmrun)
Charm++> Running in Multicore mode: 12 threads (PEs)
Charm++> Using recursive bisection (scheme 3) for topology aware partitions
Converse/Charm++ Commit ID: 
CharmLB> Load balancer assumes all CPUs are same.
Charm++> Running on 1 hosts (1 sockets x 6 cores x 2 PUs = 12-way SMP)
Charm++> cpu topology info is gathered in 0.058 seconds.
CharmLB> Load balancing instrumentation for communication is off.
Info: NAMD Git-2025-12-04 for Linux-x86_64-multicore
Info: 
Info: Please visit http://www.ks.uiuc.edu/Research/namd/
Info: for updates, documentation, and support information.
Info: 
Info: Please cite Phillips et al., J. Chem. Phys. 153:044130 (2020) doi:10.1063/5.0014475
Info: in all publications reporting results obtained with NAMD.
Info: 
Info: Based on Charm++/Converse 80000 for multicore-linux-x86_64-gcc
Info: Built Thu Dec 4 09:25:02 CST 2025 by dhardy on athine.ks.uiuc.edu
Info: Source code at Git commit ID b856a9378ca44bcf5aa708d4b681af4ceb86d8ca
Info: 1 NAMD  Git-2025-12-04  Linux-x86_64-multicore  12    CCBC-pc4-02-L  1667196@uab.cat
Info: Running on 12 processors, 1 nodes, 1 physical nodes.
Info: CPU topology information available.
Info: Charm++/Converse parallel runtime startup completed at 0.0810042 s
CkLoopLib is used in SMP with simple dynamic scheduling (converse-level notification)
Info: 819.949 MB of memory in use based on /proc/self/stat
Info: Configuration file is equilibrationNpzT.namd
Info: Working in the current directory /home/UAB/1667196/Desktop/simulation/equilibration
TCL: Suspending until startup complete.
Warning: Option "1-4scaling" has been deprecated. Instead use "oneFourScaling".
Info: EXTENDED SYSTEM FILE   ../minimize/minimized.restart.xsc
Warning: The Langevin gamma parameters differ over the particles,
Warning: requiring extra work per step to constrain rigid bonds.
Info: SIMULATION PARAMETERS:
Info: TIMESTEP               2
Info: NUMBER OF STEPS        0
Info: STEPS PER CYCLE        10
Info: PERIODIC CELL BASIS 1  23 0 0
Info: PERIODIC CELL BASIS 2  0 19.919 0
Info: PERIODIC CELL BASIS 3  0 0 52
Info: PERIODIC CELL CENTER   0 0 0
Info: WRAPPING WATERS AROUND PERIODIC BOUNDARIES ON OUTPUT.
Info: WRAPPING ALL CLUSTERS AROUND PERIODIC BOUNDARIES ON OUTPUT.
Info: LOAD BALANCER  Centralized
Info: LOAD BALANCING STRATEGY  New Load Balancers -- DEFAULT
Info: LDB PERIOD             2000 steps
Info: FIRST LDB TIMESTEP     50
Info: LAST LDB TIMESTEP     -1
Info: LDB BACKGROUND SCALING 1
Info: HOM BACKGROUND SCALING 1
Info: PME BACKGROUND SCALING 1
Info: MIN ATOMS PER PATCH    40
Info: EMPTY PATCH LOAD       40 ATOMS
Info: VELOCITY FILE          ../minimize/minimized.restart.vel
Info: CENTER OF MASS MOVING INITIALLY? NO
Info: DIELECTRIC             1
Info: EXCLUDE                SCALED ONE-FOUR
Info: 1-4 ELECTROSTATICS SCALED BY 1
Info: MODIFIED 1-4 VDW PARAMETERS WILL BE USED
Info: DCD FILENAME           MDequil.dcd
Info: DCD FREQUENCY          5000
Info: DCD FIRST STEP         5000
Info: DCD FILE WILL CONTAIN UNIT CELL DATA
Info: XST FILENAME           MDequil.xst
Info: XST FREQUENCY          5000
Info: NO VELOCITY DCD OUTPUT
Info: NO FORCE DCD OUTPUT
Info: OUTPUT FILENAME        MDequil
Info: BINARY OUTPUT FILES WILL BE USED
Info: RESTART FILENAME       MDequil.restart
Info: RESTART FREQUENCY      50000
Info: BINARY RESTART FILES WILL BE USED
Info: NAMD will save positions and velocities to MDequil.crash.csv when  atoms are moving too fast.
Info: SWITCHING ACTIVE
Info: SWITCHING ON           10
Info: SWITCHING OFF          12
Info: PAIRLIST DISTANCE      14
Info: PAIRLIST SHRINK RATE   0.01
Info: PAIRLIST GROW RATE     0.01
Info: PAIRLIST TRIGGER       0.3
Info: PAIRLISTS PER CYCLE    2
Info: PAIRLISTS ENABLED
Info: MARGIN                 0.99
Info: HYDROGEN GROUP CUTOFF  2.5
Info: PATCH DIMENSION        17.49
Info: ENERGY OUTPUT STEPS    5000
Info: ENERGY EVALUATION STEPS    5000
Info: OUTPUT ENERGY PRECISION 4
Info: CROSSTERM ENERGY INCLUDED IN DIHEDRAL
Info: TIMING OUTPUT STEPS    50000
Info: PRESSURE OUTPUT STEPS  5000
Info: FIXED ATOMS ACTIVE
Info: LANGEVIN DYNAMICS ACTIVE
Info: LANGEVIN TEMPERATURE   300
Info: LANGEVIN USING BBK INTEGRATOR
Info: LANGEVIN DAMPING COEFFICIENT IS 1 INVERSE PS
Info: LANGEVIN DYNAMICS NOT APPLIED TO HYDROGENS
Info: LANGEVIN PISTON PRESSURE CONTROL ACTIVE
Info:        TARGET PRESSURE IS 1.01325 BAR
Info:     OSCILLATION PERIOD IS 200 FS
Info:             DECAY TIME IS 100 FS
Info:     PISTON TEMPERATURE IS 300 K
Info:       PRESSURE CONTROL IS GROUP-BASED
Info:    INITIAL STRAIN RATE IS 0 0 0
Info:       CELL FLUCTUATION IS ANISOTROPIC
Info:     CONSTANT AREA PRESSURE CONTROL ACTIVE
Info: PARTICLE MESH EWALD (PME) ACTIVE
Info: PME TOLERANCE               1e-06
Info: PME EWALD COEFFICIENT       0.257952
Info: PME INTERPOLATION ORDER     4
Info: PME GRID DIMENSIONS         24 20 54
Info: PME MAXIMUM GRID SPACING    1
Info: Attempting to read FFTW data from FFTW_NAMD_Git-2025-12-04_Linux-x86_64-multicore.txt
Info: Optimizing 6 FFT steps.  1... 2... 3... 4... 5... 6...   Done.
Info: Writing FFTW data to FFTW_NAMD_Git-2025-12-04_Linux-x86_64-multicore.txt
Info: FULL ELECTROSTATIC EVALUATION FREQUENCY      2
Info: USING VERLET I (r-RESPA) MTS SCHEME.
Info: C1 SPLITTING OF LONG RANGE ELECTROSTATICS
Info: PLACING ATOMS IN PATCHES BY HYDROGEN GROUPS
Info: RIGID BONDS TO HYDROGEN : ALL
Info:         ERROR TOLERANCE : 1e-08
Info:          MAX ITERATIONS : 100
Info: RIGID WATER USING SETTLE ALGORITHM
Info: RANDOM NUMBER SEED     1777544281
Info: USE HYDROGEN BONDS?    NO
Info: COORDINATE PDB         ../input/system.pdb
Info: STRUCTURE FILE         ../input/system.psf
Info: PARAMETER file: CHARMM format! 
Info: PARAMETERS             ../input/par_nanotubes.inp
Info: PARAMETERS             ../input/par_water_ions.inp
Info: USING ARITHMETIC MEAN TO COMBINE L-J SIGMA PARAMETERS
Info: BINARY COORDINATES     ../minimize/minimized.restart.coor
Info: SUMMARY OF PARAMETERS:
Info: 4 BONDS
Info: 2 ANGLES
Info: 1 DIHEDRAL
Info: 0 IMPROPER
Info: 0 CROSSTERM
Info: 16 VDW
Info: 2 VDW_PAIRS
Info: 0 NBTHOLE_PAIRS
Info: TIME FOR READING PSF FILE: 0.00834936
Info: Reading pdb file ../input/system.pdb
Info: TIME FOR READING PDB FILE: 0.001983
Info: 
Info: ****************************
Info: STRUCTURE SUMMARY:
Info: 2160 ATOMS
Info: 1872 BONDS
Info: 2064 ANGLES
Info: 2928 DIHEDRALS
Info: 0 IMPROPERS
Info: 0 CROSSTERMS
Info: 0 EXCLUSIONS
Info: 576 FIXED ATOMS
Info: 1584 RIGID BONDS
Info: 0 RIGID BONDS BETWEEN FIXED ATOMS
Info: 3168 DEGREES OF FREEDOM
Info: 1104 HYDROGEN GROUPS
Info: 3 ATOMS IN LARGEST HYDROGEN GROUP
Info: 1104 MIGRATION GROUPS
Info: 3 ATOMS IN LARGEST MIGRATION GROUP
Info: 576 HYDROGEN GROUPS WITH ALL ATOMS FIXED
Info: TOTAL MASS = 16430.5 amu
Info: TOTAL CHARGE = 0 e
Info: MASS DENSITY = 1.14528 g/cm^3
Info: ATOM DENSITY = 0.0906682 atoms/A^3
Info: *****************************
Info: Reading from binary file ../minimize/minimized.restart.coor
Info: 
Info: Entering startup at 11.5266 s, 0.443348 MB of memory in use
Info: Startup phase 0 took 5.5627e-05 s, 0.443348 MB of memory in use
Info: ADDED 6144 IMPLICIT EXCLUSIONS
Info: Startup phase 1 took 0.00131011 s, 0.443348 MB of memory in use
Info: NONBONDED TABLE R-SQUARED SPACING: 0.0625
Info: NONBONDED TABLE SIZE: 769 POINTS
Info: INCONSISTENCY IN FAST TABLE ENERGY VS FORCE: 0.000325096 AT 11.9556
Info: INCONSISTENCY IN SCOR TABLE ENERGY VS FORCE: 0.000324844 AT 11.9556
Info: INCONSISTENCY IN VDWA TABLE ENERGY VS FORCE: 0.0040507 AT 0.251946
Info: INCONSISTENCY IN VDWB TABLE ENERGY VS FORCE: 0.00150189 AT 0.251946
Info: Startup phase 2 took 0.000274209 s, 0.443348 MB of memory in use
Info: Startup phase 3 took 3.54e-05 s, 0.443348 MB of memory in use
Info: Startup phase 4 took 9.486e-05 s, 0.443348 MB of memory in use
Info: Startup phase 5 took 6.2283e-05 s, 0.443348 MB of memory in use
Info: PATCH GRID IS 2 (PERIODIC) BY 1 (PERIODIC) BY 2 (PERIODIC)
Info: PATCH GRID IS 2-AWAY BY 1-AWAY BY 1-AWAY
Info: Reading from binary file ../minimize/minimized.restart.vel
Info: REMOVING COM VELOCITY 0 0 0
Info: LARGEST PATCH (0) HAS 564 ATOMS
Info: TORUS A SIZE 1 USING 0
Info: TORUS B SIZE 1 USING 0
Info: TORUS C SIZE 1 USING 0
Info: TORUS MINIMAL MESH SIZE IS 1 BY 1 BY 1
Info: Placed 100% of base nodes on same physical node as patch
Info: Startup phase 6 took 0.000422722 s, 0.443348 MB of memory in use
Info: PME using 12 and 10 processors for FFT and reciprocal sum.
Info: PME GRID LOCATIONS: 0 1 2 3 4 5 6 7 8 9 ...
Info: PME TRANS LOCATIONS: 1 2 3 4 5 6 8 9 10 11
Info: PME USING 1 GRID NODES AND 1 TRANS NODES
Info: Optimizing 4 FFT steps.  1... 2... 3... 4...   Done.
Info: Startup phase 7 took 0.000210633 s, 0.443348 MB of memory in use
Info: Startup phase 8 took 4.051e-05 s, 0.443348 MB of memory in use
Info: Startup phase 9 took 5.237e-05 s, 0.443348 MB of memory in use
Info: Startup phase 10 took 5.4204e-05 s, 0.443348 MB of memory in use
Info: Startup phase 11 took 6.0701e-05 s, 0.443348 MB of memory in use
LDB: Central LB being created...
Info: Startup phase 12 took 4.1933e-05 s, 0.443348 MB of memory in use
Info: Startup phase 13 took 3.7247e-05 s, 0.443348 MB of memory in use
Info: Startup phase 14 took 3.8103e-05 s, 0.443348 MB of memory in use
Info: Startup phase 15 took 3.3808e-05 s, 0.443348 MB of memory in use
Info: CREATING 136 COMPUTE OBJECTS
Info: useSync: 0 useProxySync: 0
Info: Startup phase 16 took 0.000214366 s, 0.443348 MB of memory in use
Info: Startup phase 17 took 6.0979e-05 s, 0.443348 MB of memory in use
Info: Startup phase 18 took 2.329e-05 s, 0.443348 MB of memory in use
Info: Finished startup at 11.5298 s, 0.443348 MB of memory in use

TCL: Running for 500000 steps
PRESSURE: 0 2921.08 147.195 539.045 -344.05 4237.06 -1130.15 -2331.38 -1092.05 12390.6
GPRESSURE: 0 2928.3 218.738 601.067 -128.146 4291.19 -1204.91 -2367.29 -977.99 12365.5
ETITLE:      TS           BOND          ANGLE          DIHED          IMPRP               ELECT            VDW       BOUNDARY           MISC        KINETIC               TOTAL           TEMP      POTENTIAL         TOTAL3        TEMPAVG            PRESSURE      GPRESSURE         VOLUME       PRESSAVG      GPRESSAVG

ENERGY:       0         0.0000         0.0000         0.0000         0.0000          -5460.6261       775.2767         0.0000         0.0000         0.0000          -4685.3494         0.0000     -4685.3494     -4684.5913         0.0000           6516.2625      6528.3401     23823.1240      6516.2625      6528.3401

OPENING EXTENDED SYSTEM TRAJECTORY FILE
LDB: ============= START OF LOAD BALANCING ============== 11.5739
LDB: ============== END OF LOAD BALANCING =============== 11.574
Info: useSync: 0 useProxySync: 0
LDB: =============== DONE WITH MIGRATION ================ 11.575
LDB: ============= START OF LOAD BALANCING ============== 11.6581
LDB: Largest compute 4 load 0.033930 is 103.6% of average load 0.032759
LDB: Average compute 0.003054 is 9.3% of average load 0.032759
LDB: Partitioning computes with target load 0.006109
LDB: Increased migratable compute count from 112 to 148
LDB: Largest unpartitionable compute is 0.000423
LDB: ============== END OF LOAD BALANCING =============== 11.6583
Info: useSync: 0 useProxySync: 0
LDB: =============== DONE WITH MIGRATION ================ 11.6586
Info: Initial time: 12 CPUs 0.00246219 s/step 0.0142488 days/ns 0.443348 MB memory
LDB: ============= START OF LOAD BALANCING ============== 11.678
LDB: ============== END OF LOAD BALANCING =============== 11.678
Info: useSync: 0 useProxySync: 0
LDB: =============== DONE WITH MIGRATION ================ 11.6781
LDB: ============= START OF LOAD BALANCING ============== 11.755
LDB: Largest compute 165 load 0.006485 is 19.8% of average load 0.032772
LDB: Average compute 0.002314 is 7.1% of average load 0.032772
LDB: TIME 11.7551 LOAD: AVG 0.0327715 MAX 0.0743446  PROXIES: TOTAL 24 MAXPE 4 MAXPATCH 6 None MEM: 0.443348 MB
LDB: TIME 11.7552 LOAD: AVG 0.0327715 MAX 0.0392658  PROXIES: TOTAL 24 MAXPE 4 MAXPATCH 6 TorusLB MEM: 0.443348 MB
LDB: ============== END OF LOAD BALANCING =============== 11.7553
Info: useSync: 0 useProxySync: 0
LDB: =============== DONE WITH MIGRATION ================ 11.7556
Info: Initial time: 12 CPUs 0.00188696 s/step 0.0109199 days/ns 0.443348 MB memory
LDB: ============= START OF LOAD BALANCING ============== 11.8134
LDB: Largest compute 142 load 0.010826 is 24.0% of average load 0.045026
LDB: Average compute 0.003159 is 7.0% of average load 0.045026
LDB: TIME 11.8135 LOAD: AVG 0.045026 MAX 0.0540124  PROXIES: TOTAL 24 MAXPE 4 MAXPATCH 6 None MEM: 0.443348 MB
LDB: TIME 11.8135 LOAD: AVG 0.045026 MAX 0.0540124  PROXIES: TOTAL 24 MAXPE 4 MAXPATCH 6 RefineTorusLB MEM: 0.443348 MB
LDB: TIME 11.8136 LOAD: AVG 0.045026 MAX 0.0490499  PROXIES: TOTAL 24 MAXPE 4 MAXPATCH 6 RefineTorusLB MEM: 0.443348 MB
LDB: ============== END OF LOAD BALANCING =============== 11.8137
Info: useSync: 0 useProxySync: 0
LDB: =============== DONE WITH MIGRATION ================ 11.8139
Info: Initial time: 12 CPUs 0.00115146 s/step 0.00666356 days/ns 0.443348 MB memory
LDB: ============= START OF LOAD BALANCING ============== 11.869
LDB: Largest compute 141 load 0.010829 is 23.7% of average load 0.045691
LDB: Average compute 0.003216 is 7.0% of average load 0.045691
LDB: TIME 11.8691 LOAD: AVG 0.0456906 MAX 0.0504168  PROXIES: TOTAL 24 MAXPE 4 MAXPATCH 6 None MEM: 0.443348 MB
LDB: TIME 11.8692 LOAD: AVG 0.0456906 MAX 0.0504168  PROXIES: TOTAL 24 MAXPE 4 MAXPATCH 6 RefineTorusLB MEM: 0.443348 MB
LDB: TIME 11.8692 LOAD: AVG 0.0456906 MAX 0.0497344  PROXIES: TOTAL 24 MAXPE 4 MAXPATCH 6 RefineTorusLB MEM: 0.443348 MB
LDB: ============== END OF LOAD BALANCING =============== 11.8693
Info: useSync: 0 useProxySync: 0
LDB: =============== DONE WITH MIGRATION ================ 11.8695
Info: Benchmark time: 12 CPUs 0.00110039 s/step 0.006368 days/ns 0.443348 MB memory
Info: Benchmark time: 12 CPUs 0.00107808 s/step 0.00623888 days/ns 0.443348 MB memory
Info: Benchmark time: 12 CPUs 0.00105808 s/step 0.00612316 days/ns 0.443348 MB memory
Info: Benchmark time: 12 CPUs 0.00107483 s/step 0.00622008 days/ns 0.443348 MB memory
Info: Benchmark time: 12 CPUs 0.00107289 s/step 0.00620888 days/ns 0.443348 MB memory
Info: Benchmark time: 12 CPUs 0.00120134 s/step 0.0069522 days/ns 0.443348 MB memory
LDB: ============= START OF LOAD BALANCING ============== 14.0566
LDB: ============== END OF LOAD BALANCING =============== 14.0567
Info: useSync: 0 useProxySync: 0
LDB: =============== DONE WITH MIGRATION ================ 14.0568
LDB: ============= START OF LOAD BALANCING ============== 14.1127
LDB: Largest compute 142 load 0.011139 is 23.5% of average load 0.047363
LDB: Average compute 0.003354 is 7.1% of average load 0.047363
LDB: TIME 14.1129 LOAD: AVG 0.0473626 MAX 0.0534396  PROXIES: TOTAL 24 MAXPE 4 MAXPATCH 6 None MEM: 0.443348 MB
LDB: TIME 14.1129 LOAD: AVG 0.0473626 MAX 0.0534396  PROXIES: TOTAL 24 MAXPE 4 MAXPATCH 6 RefineTorusLB MEM: 0.443348 MB
LDB: TIME 14.113 LOAD: AVG 0.0473626 MAX 0.0515354  PROXIES: TOTAL 24 MAXPE 4 MAXPATCH 6 RefineTorusLB MEM: 0.443348 MB
LDB: ============== END OF LOAD BALANCING =============== 14.113
Info: useSync: 0 useProxySync: 0
LDB: =============== DONE WITH MIGRATION ================ 14.1132
LDB: ============= START OF LOAD BALANCING ============== 16.3019
LDB: ============== END OF LOAD BALANCING =============== 16.3019
Info: useSync: 0 useProxySync: 0
LDB: =============== DONE WITH MIGRATION ================ 16.302
LDB: ============= START OF LOAD BALANCING ============== 16.3585
LDB: Largest compute 147 load 0.011481 is 24.6% of average load 0.046654
LDB: Average compute 0.003295 is 7.1% of average load 0.046654
LDB: TIME 16.3587 LOAD: AVG 0.046654 MAX 0.051657  PROXIES: TOTAL 24 MAXPE 4 MAXPATCH 6 None MEM: 0.443348 MB
LDB: TIME 16.3587 LOAD: AVG 0.046654 MAX 0.051657  PROXIES: TOTAL 24 MAXPE 4 MAXPATCH 6 RefineTorusLB MEM: 0.443348 MB
LDB: TIME 16.3587 LOAD: AVG 0.046654 MAX 0.0507116  PROXIES: TOTAL 24 MAXPE 4 MAXPATCH 6 RefineTorusLB MEM: 0.443348 MB
LDB: ============== END OF LOAD BALANCING =============== 16.3588
Info: useSync: 0 useProxySync: 0
LDB: =============== DONE WITH MIGRATION ================ 16.359
PRESSURE: 5000 -575.204 462.284 -61.5009 285.014 -102.544 -352.829 -230.184 -829.669 27.7245
GPRESSURE: 5000 -623.601 210.191 -279.238 384.122 -52.8154 -475.516 -190.891 -622.191 70.0867
PRESSAVG: 5000 -330.671 11.7839 42.6854 -16.445 -334.659 -11.4072 -30.3839 -36.3686 3.23926
GPRESSAVG: 5000 -330.441 11.5188 42.5838 -16.4435 -334.843 -11.2414 -30.1849 -36.5684 3.0323
ENERGY:    5000         0.0000         0.0000         0.0000         0.0000          -5656.6285       480.8669         0.0000         0.0000       898.4539          -4277.3077       285.4309     -5175.7617     -4276.2939       277.4753           -216.6747      -202.1100     23272.8232      -220.6970      -220.7507

OPENING COORDINATE DCD FILE
WRITING COORDINATES TO DCD FILE MDequil.dcd AT STEP 5000
The last position output (seq=5000) takes 0.001 seconds, 0.443 MB of memory in use
LDB: ============= START OF LOAD BALANCING ============== 18.6012
LDB: ============== END OF LOAD BALANCING =============== 18.6013
Info: useSync: 0 useProxySync: 0
LDB: =============== DONE WITH MIGRATION ================ 18.6013
LDB: ============= START OF LOAD BALANCING ============== 18.6579
LDB: Largest compute 145 load 0.010658 is 22.7% of average load 0.046991
LDB: Average compute 0.003325 is 7.1% of average load 0.046991
LDB: TIME 18.6581 LOAD: AVG 0.0469914 MAX 0.0512107  PROXIES: TOTAL 24 MAXPE 4 MAXPATCH 6 None MEM: 0.443348 MB
LDB: TIME 18.6581 LOAD: AVG 0.0469914 MAX 0.0512107  PROXIES: TOTAL 24 MAXPE 4 MAXPATCH 6 RefineTorusLB MEM: 0.443348 MB
LDB: TIME 18.6581 LOAD: AVG 0.0469914 MAX 0.0512107  PROXIES: TOTAL 24 MAXPE 4 MAXPATCH 6 RefineTorusLB MEM: 0.443348 MB
LDB: ============== END OF LOAD BALANCING =============== 18.6582
Info: useSync: 0 useProxySync: 0
LDB: =============== DONE WITH MIGRATION ================ 18.6584
LDB: ============= START OF LOAD BALANCING ============== 20.86
LDB: ============== END OF LOAD BALANCING =============== 20.8601
Info: useSync: 0 useProxySync: 0
LDB: =============== DONE WITH MIGRATION ================ 20.8601
LDB: ============= START OF LOAD BALANCING ============== 20.9152
LDB: Largest compute 141 load 0.011539 is 24.9% of average load 0.046429
LDB: Average compute 0.003282 is 7.1% of average load 0.046429
LDB: TIME 20.9153 LOAD: AVG 0.0464286 MAX 0.052384  PROXIES: TOTAL 24 MAXPE 4 MAXPATCH 6 None MEM: 0.443348 MB
LDB: TIME 20.9154 LOAD: AVG 0.0464286 MAX 0.052384  PROXIES: TOTAL 24 MAXPE 4 MAXPATCH 6 RefineTorusLB MEM: 0.443348 MB
LDB: TIME 20.9154 LOAD: AVG 0.0464286 MAX 0.0503758  PROXIES: TOTAL 24 MAXPE 4 MAXPATCH 6 RefineTorusLB MEM: 0.443348 MB
LDB: ============== END OF LOAD BALANCING =============== 20.9155
Info: useSync: 0 useProxySync: 0
LDB: =============== DONE WITH MIGRATION ================ 20.9156
WRITING COORDINATES TO DCD FILE MDequil.dcd AT STEP 10000
The last position output (seq=10000) takes 0.000 seconds, 0.443 MB of memory in use
PRESSURE: 10000 -331.971 -411.819 91.4775 -402.549 -501.149 -0.426472 50.5265 113.814 455.597
GPRESSURE: 10000 -223.4 -300.502 -49.6523 -426.685 -551.232 -65.9064 -37.5425 -21.8818 468.164
PRESSAVG: 10000 -172.131 47.9986 -2.02832 46.4951 -156.487 -19.6291 -38.8905 -61.305 13.598
GPRESSAVG: 10000 -171.913 48.0686 -1.63009 46.6006 -156.488 -19.6726 -39.1919 -61.3007 13.5829
ENERGY:   10000         0.0000         0.0000         0.0000         0.0000          -5573.6659       462.0077         0.0000         0.0000       949.5785          -4162.0796       301.6728     -5111.6582     -4159.1577       297.3235           -125.8411      -102.1559     23392.1760      -105.0067      -104.9394

LDB: ============= START OF LOAD BALANCING ============== 23.1384
LDB: ============== END OF LOAD BALANCING =============== 23.1384
Info: useSync: 0 useProxySync: 0
LDB: =============== DONE WITH MIGRATION ================ 23.1385
LDB: ============= START OF LOAD BALANCING ============== 23.194
LDB: Largest compute 141 load 0.011218 is 24.5% of average load 0.045725
LDB: Average compute 0.003222 is 7.0% of average load 0.045725
LDB: TIME 23.1941 LOAD: AVG 0.045725 MAX 0.0498393  PROXIES: TOTAL 24 MAXPE 4 MAXPATCH 6 None MEM: 0.443348 MB
LDB: TIME 23.1942 LOAD: AVG 0.045725 MAX 0.0498393  PROXIES: TOTAL 24 MAXPE 4 MAXPATCH 6 RefineTorusLB MEM: 0.443348 MB
LDB: TIME 23.1942 LOAD: AVG 0.045725 MAX 0.0498393  PROXIES: TOTAL 24 MAXPE 4 MAXPATCH 6 RefineTorusLB MEM: 0.443348 MB
LDB: ============== END OF LOAD BALANCING =============== 23.1943
Info: useSync: 0 useProxySync: 0
LDB: =============== DONE WITH MIGRATION ================ 23.1945
LDB: ============= START OF LOAD BALANCING ============== 25.4351
LDB: ============== END OF LOAD BALANCING =============== 25.4352
Info: useSync: 0 useProxySync: 0
LDB: =============== DONE WITH MIGRATION ================ 25.4352
LDB: ============= START OF LOAD BALANCING ============== 25.4923
LDB: Largest compute 148 load 0.010934 is 23.3% of average load 0.047003
LDB: Average compute 0.003321 is 7.1% of average load 0.047003
LDB: TIME 25.4925 LOAD: AVG 0.0470033 MAX 0.0520419  PROXIES: TOTAL 24 MAXPE 4 MAXPATCH 6 None MEM: 0.443348 MB
LDB: TIME 25.4925 LOAD: AVG 0.0470033 MAX 0.0520419  PROXIES: TOTAL 24 MAXPE 4 MAXPATCH 6 RefineTorusLB MEM: 0.443348 MB
LDB: TIME 25.4926 LOAD: AVG 0.0470033 MAX 0.0512252  PROXIES: TOTAL 24 MAXPE 4 MAXPATCH 6 RefineTorusLB MEM: 0.443348 MB
LDB: ============== END OF LOAD BALANCING =============== 25.4926
Info: useSync: 0 useProxySync: 0
LDB: =============== DONE WITH MIGRATION ================ 25.4928
LDB: ============= START OF LOAD BALANCING ============== 27.7152
LDB: ============== END OF LOAD BALANCING =============== 27.7153
Info: useSync: 0 useProxySync: 0
LDB: =============== DONE WITH MIGRATION ================ 27.7153
LDB: ============= START OF LOAD BALANCING ============== 27.777
LDB: Largest compute 144 load 0.011113 is 22.9% of average load 0.048474
LDB: Average compute 0.003425 is 7.1% of average load 0.048474
LDB: TIME 27.7771 LOAD: AVG 0.048474 MAX 0.0546898  PROXIES: TOTAL 24 MAXPE 4 MAXPATCH 6 None MEM: 0.443348 MB
LDB: TIME 27.7771 LOAD: AVG 0.048474 MAX 0.0546898  PROXIES: TOTAL 24 MAXPE 4 MAXPATCH 6 RefineTorusLB MEM: 0.443348 MB
LDB: TIME 27.7772 LOAD: AVG 0.048474 MAX 0.0526788  PROXIES: TOTAL 24 MAXPE 4 MAXPATCH 6 RefineTorusLB MEM: 0.443348 MB
LDB: ============== END OF LOAD BALANCING =============== 27.7772
Info: useSync: 0 useProxySync: 0
LDB: =============== DONE WITH MIGRATION ================ 27.7774
PRESSURE: 15000 -237.957 197.296 -26.7608 311.681 -153.368 245.208 251.431 268.339 846.926
GPRESSURE: 15000 -47.0408 120.348 -3.89888 154.391 -291.511 114.853 209.897 146.827 870.805
PRESSAVG: 15000 -366.792 40.9503 61.9425 33.6448 -221.728 -3.31794 28.7852 -86.4803 0.992706
GPRESSAVG: 15000 -367.361 40.9052 61.6161 33.4077 -221.272 -2.92578 28.7306 -86.7249 1.17759
ENERGY:   15000         0.0000         0.0000         0.0000         0.0000          -5646.2861       449.2152         0.0000         0.0000       943.0604          -4254.0105       299.6020     -5197.0709     -4251.1895       301.0196            151.8671       177.4177     22731.5598      -195.8425      -195.8184

WRITING COORDINATES TO DCD FILE MDequil.dcd AT STEP 15000
The last position output (seq=15000) takes 0.000 seconds, 0.443 MB of memory in use
LDB: ============= START OF LOAD BALANCING ============== 30.5414
LDB: ============== END OF LOAD BALANCING =============== 30.5415
Info: useSync: 0 useProxySync: 0
LDB: =============== DONE WITH MIGRATION ================ 30.5415
LDB: ============= START OF LOAD BALANCING ============== 30.5972
LDB: Largest compute 147 load 0.010906 is 23.5% of average load 0.046352
LDB: Average compute 0.003270 is 7.1% of average load 0.046352
LDB: TIME 30.5973 LOAD: AVG 0.0463516 MAX 0.0530949  PROXIES: TOTAL 24 MAXPE 4 MAXPATCH 6 None MEM: 0.443348 MB
LDB: TIME 30.5973 LOAD: AVG 0.0463516 MAX 0.0530949  PROXIES: TOTAL 24 MAXPE 4 MAXPATCH 6 RefineTorusLB MEM: 0.443348 MB
LDB: TIME 30.5974 LOAD: AVG 0.0463516 MAX 0.0504995  PROXIES: TOTAL 24 MAXPE 4 MAXPATCH 6 RefineTorusLB MEM: 0.443348 MB
LDB: ============== END OF LOAD BALANCING =============== 30.5975
Info: useSync: 0 useProxySync: 0
LDB: =============== DONE WITH MIGRATION ================ 30.5977
LDB: ============= START OF LOAD BALANCING ============== 32.8237
LDB: ============== END OF LOAD BALANCING =============== 32.8238
Info: useSync: 0 useProxySync: 0
LDB: =============== DONE WITH MIGRATION ================ 32.8239
LDB: ============= START OF LOAD BALANCING ============== 32.8803
LDB: Largest compute 145 load 0.010698 is 23.0% of average load 0.046520
LDB: Average compute 0.003284 is 7.1% of average load 0.046520
LDB: TIME 32.8804 LOAD: AVG 0.0465203 MAX 0.0521765  PROXIES: TOTAL 24 MAXPE 4 MAXPATCH 6 None MEM: 0.443348 MB
LDB: TIME 32.8805 LOAD: AVG 0.0465203 MAX 0.0521765  PROXIES: TOTAL 24 MAXPE 4 MAXPATCH 6 RefineTorusLB MEM: 0.443348 MB
LDB: TIME 32.8805 LOAD: AVG 0.0465203 MAX 0.050283  PROXIES: TOTAL 24 MAXPE 4 MAXPATCH 6 RefineTorusLB MEM: 0.443348 MB
LDB: ============== END OF LOAD BALANCING =============== 32.8806
Info: useSync: 0 useProxySync: 0
LDB: =============== DONE WITH MIGRATION ================ 32.8808
PRESSURE: 20000 -643.395 -360.441 201.148 -320.255 -817.651 -353.761 -64.1483 -749.788 280.893
GPRESSURE: 20000 -684.334 -510.822 68.4725 -359.742 -804.149 -208.553 -54.984 -847.057 384.659
PRESSAVG: 20000 -394.625 -74.103 71.4164 -60.605 -352.654 -27.9464 21.0357 1.27991 -7.09641
GPRESSAVG: 20000 -394.479 -74.1984 71.5104 -60.591 -352.973 -28.2201 20.8574 1.53093 -7.32568
ENERGY:   20000         0.0000         0.0000         0.0000         0.0000          -5575.4911       395.4077         0.0000         0.0000      1002.8765          -4177.2069       318.6051     -5180.0834     -4175.7940       301.0300           -393.3842      -367.9410     23148.1604      -251.4582      -251.5926

WRITING COORDINATES TO DCD FILE MDequil.dcd AT STEP 20000
The last position output (seq=20000) takes 0.000 seconds, 0.443 MB of memory in use
LDB: ============= START OF LOAD BALANCING ============== 35.2332
LDB: ============== END OF LOAD BALANCING =============== 35.2333
Info: useSync: 0 useProxySync: 0
LDB: =============== DONE WITH MIGRATION ================ 35.2333
LDB: ============= START OF LOAD BALANCING ============== 35.2892
LDB: Largest compute 145 load 0.010962 is 23.6% of average load 0.046497
LDB: Average compute 0.003284 is 7.1% of average load 0.046497
LDB: TIME 35.2893 LOAD: AVG 0.0464974 MAX 0.0499239  PROXIES: TOTAL 24 MAXPE 4 MAXPATCH 6 None MEM: 0.443348 MB
LDB: TIME 35.2894 LOAD: AVG 0.0464974 MAX 0.0499239  PROXIES: TOTAL 24 MAXPE 4 MAXPATCH 6 RefineTorusLB MEM: 0.443348 MB
LDB: TIME 35.2894 LOAD: AVG 0.0464974 MAX 0.0499239  PROXIES: TOTAL 24 MAXPE 4 MAXPATCH 6 RefineTorusLB MEM: 0.443348 MB
LDB: ============== END OF LOAD BALANCING =============== 35.2895
Info: useSync: 0 useProxySync: 0
LDB: =============== DONE WITH MIGRATION ================ 35.2896
LDB: ============= START OF LOAD BALANCING ============== 37.6923
LDB: ============== END OF LOAD BALANCING =============== 37.6924
Info: useSync: 0 useProxySync: 0
LDB: =============== DONE WITH MIGRATION ================ 37.6925
LDB: ============= START OF LOAD BALANCING ============== 37.7504
LDB: Largest compute 5 load 0.011741 is 24.8% of average load 0.047378
LDB: Average compute 0.003356 is 7.1% of average load 0.047378
LDB: TIME 37.7505 LOAD: AVG 0.0473779 MAX 0.0525569  PROXIES: TOTAL 24 MAXPE 4 MAXPATCH 6 None MEM: 0.443348 MB
LDB: TIME 37.7506 LOAD: AVG 0.0473779 MAX 0.0525569  PROXIES: TOTAL 24 MAXPE 4 MAXPATCH 6 RefineTorusLB MEM: 0.443348 MB
LDB: TIME 37.7507 LOAD: AVG 0.0473779 MAX 0.0516192  PROXIES: TOTAL 24 MAXPE 4 MAXPATCH 6 RefineTorusLB MEM: 0.443348 MB
LDB: ============== END OF LOAD BALANCING =============== 37.7507
Info: useSync: 0 useProxySync: 0
LDB: =============== DONE WITH MIGRATION ================ 37.7509
LDB: ============= START OF LOAD BALANCING ============== 40.0197
LDB: ============== END OF LOAD BALANCING =============== 40.0197
Info: useSync: 0 useProxySync: 0
LDB: =============== DONE WITH MIGRATION ================ 40.0198
LDB: ============= START OF LOAD BALANCING ============== 40.0776
LDB: Largest compute 144 load 0.011741 is 24.9% of average load 0.047122
LDB: Average compute 0.003330 is 7.1% of average load 0.047122
LDB: TIME 40.0777 LOAD: AVG 0.0471225 MAX 0.0514952  PROXIES: TOTAL 24 MAXPE 4 MAXPATCH 6 None MEM: 0.443348 MB
LDB: TIME 40.0778 LOAD: AVG 0.0471225 MAX 0.0514952  PROXIES: TOTAL 24 MAXPE 4 MAXPATCH 6 RefineTorusLB MEM: 0.443348 MB
LDB: TIME 40.0778 LOAD: AVG 0.0471225 MAX 0.0512612  PROXIES: TOTAL 24 MAXPE 4 MAXPATCH 6 RefineTorusLB MEM: 0.443348 MB
LDB: ============== END OF LOAD BALANCING =============== 40.0779
Info: useSync: 0 useProxySync: 0
LDB: =============== DONE WITH MIGRATION ================ 40.078
PRESSURE: 25000 -964.745 -112.717 -126.013 -436.082 -373.043 756.492 -346.694 396.357 1448.57
GPRESSURE: 25000 -989.447 -90.9841 12.647 -372.776 -276.313 997.152 -536.894 212.205 1449.38
PRESSAVG: 25000 -342.576 33.1233 65.2256 20.8313 -368.433 -29.31 -27.4905 -43.247 13.4113
GPRESSAVG: 25000 -342.51 33.676 64.986 20.7453 -368.417 -29.2019 -27.7119 -43.4837 13.6245
ENERGY:   25000         0.0000         0.0000         0.0000         0.0000          -5531.4098       375.3097         0.0000         0.0000       992.7421          -4163.3580       315.3854     -5156.1001     -4160.6999       304.6715             36.9273        61.2082     22727.0639      -232.5324      -232.4343

WRITING COORDINATES TO DCD FILE MDequil.dcd AT STEP 25000
The last position output (seq=25000) takes 0.000 seconds, 0.443 MB of memory in use
LDB: ============= START OF LOAD BALANCING ============== 42.368
LDB: ============== END OF LOAD BALANCING =============== 42.3681
Info: useSync: 0 useProxySync: 0
LDB: =============== DONE WITH MIGRATION ================ 42.3681
LDB: ============= START OF LOAD BALANCING ============== 42.4266
LDB: Largest compute 144 load 0.011840 is 25.0% of average load 0.047296
LDB: Average compute 0.003345 is 7.1% of average load 0.047296
LDB: TIME 42.4268 LOAD: AVG 0.0472965 MAX 0.0528921  PROXIES: TOTAL 24 MAXPE 4 MAXPATCH 6 None MEM: 0.443348 MB
LDB: TIME 42.4268 LOAD: AVG 0.0472965 MAX 0.0528921  PROXIES: TOTAL 24 MAXPE 4 MAXPATCH 6 RefineTorusLB MEM: 0.443348 MB
LDB: TIME 42.4269 LOAD: AVG 0.0472965 MAX 0.0515988  PROXIES: TOTAL 24 MAXPE 4 MAXPATCH 6 RefineTorusLB MEM: 0.443348 MB
LDB: ============== END OF LOAD BALANCING =============== 42.4269
Info: useSync: 0 useProxySync: 0
LDB: =============== DONE WITH MIGRATION ================ 42.4271
LDB: ============= START OF LOAD BALANCING ============== 44.7259
LDB: ============== END OF LOAD BALANCING =============== 44.726
Info: useSync: 0 useProxySync: 0
LDB: =============== DONE WITH MIGRATION ================ 44.726
LDB: ============= START OF LOAD BALANCING ============== 44.7898
LDB: Largest compute 145 load 0.012487 is 23.7% of average load 0.052660
LDB: Average compute 0.003737 is 7.1% of average load 0.052660
LDB: TIME 44.7899 LOAD: AVG 0.0526599 MAX 0.0591314  PROXIES: TOTAL 24 MAXPE 4 MAXPATCH 6 None MEM: 0.443348 MB
LDB: TIME 44.79 LOAD: AVG 0.0526599 MAX 0.0591314  PROXIES: TOTAL 24 MAXPE 4 MAXPATCH 6 RefineTorusLB MEM: 0.443348 MB
LDB: TIME 44.79 LOAD: AVG 0.0526599 MAX 0.0568537  PROXIES: TOTAL 24 MAXPE 4 MAXPATCH 6 RefineTorusLB MEM: 0.443348 MB
LDB: ============== END OF LOAD BALANCING =============== 44.7901
Info: useSync: 0 useProxySync: 0
LDB: =============== DONE WITH MIGRATION ================ 44.7903
WRITING COORDINATES TO DCD FILE MDequil.dcd AT STEP 30000
The last position output (seq=30000) takes 0.000 seconds, 0.443 MB of memory in use
PRESSURE: 30000 -429.34 -680.25 28.3003 -654.538 -917.567 534.631 164.371 593.139 137.663
GPRESSURE: 30000 -290.809 -746.927 406.599 -715.17 -971.251 359.036 70.3096 993.336 110.964
PRESSAVG: 30000 -245.06 -36.5142 47.6795 -37.8754 -310.054 -10.633 -9.16109 -5.0336 23.3933
GPRESSAVG: 30000 -244.756 -36.6112 47.6628 -38.0061 -310.152 -10.6552 -9.20675 -5.16454 23.7416
ENERGY:   30000         0.0000         0.0000         0.0000         0.0000          -5613.2688       389.9945         0.0000         0.0000       906.0635          -4317.2108       287.8484     -5223.2743     -4314.4144       300.5903           -403.0814      -383.6987     22254.2117      -177.2402      -177.0553

LDB: ============= START OF LOAD BALANCING ============== 47.311
LDB: ============== END OF LOAD BALANCING =============== 47.311
Info: useSync: 0 useProxySync: 0
LDB: =============== DONE WITH MIGRATION ================ 47.3111
LDB: ============= START OF LOAD BALANCING ============== 47.3756
LDB: Largest compute 5 load 0.012696 is 24.1% of average load 0.052745
LDB: Average compute 0.003750 is 7.1% of average load 0.052745
LDB: TIME 47.3757 LOAD: AVG 0.0527446 MAX 0.0590685  PROXIES: TOTAL 24 MAXPE 4 MAXPATCH 6 None MEM: 0.443348 MB
LDB: TIME 47.3757 LOAD: AVG 0.0527446 MAX 0.0590685  PROXIES: TOTAL 24 MAXPE 4 MAXPATCH 6 RefineTorusLB MEM: 0.443348 MB
LDB: TIME 47.3758 LOAD: AVG 0.0527446 MAX 0.0574683  PROXIES: TOTAL 24 MAXPE 4 MAXPATCH 6 RefineTorusLB MEM: 0.443348 MB
LDB: ============== END OF LOAD BALANCING =============== 47.3759
Info: useSync: 0 useProxySync: 0
LDB: =============== DONE WITH MIGRATION ================ 47.3761
LDB: ============= START OF LOAD BALANCING ============== 49.9534
LDB: ============== END OF LOAD BALANCING =============== 49.9535
Info: useSync: 0 useProxySync: 0
LDB: =============== DONE WITH MIGRATION ================ 49.9536
LDB: ============= START OF LOAD BALANCING ============== 50.0183
LDB: Largest compute 144 load 0.011800 is 22.7% of average load 0.051914
LDB: Average compute 0.003679 is 7.1% of average load 0.051914
LDB: TIME 50.0184 LOAD: AVG 0.0519135 MAX 0.0573469  PROXIES: TOTAL 24 MAXPE 4 MAXPATCH 6 None MEM: 0.443348 MB
LDB: TIME 50.0185 LOAD: AVG 0.0519135 MAX 0.0573469  PROXIES: TOTAL 24 MAXPE 4 MAXPATCH 6 RefineTorusLB MEM: 0.443348 MB
LDB: TIME 50.0185 LOAD: AVG 0.0519135 MAX 0.0562302  PROXIES: TOTAL 24 MAXPE 4 MAXPATCH 6 RefineTorusLB MEM: 0.443348 MB
LDB: ============== END OF LOAD BALANCING =============== 50.0186
Info: useSync: 0 useProxySync: 0
LDB: =============== DONE WITH MIGRATION ================ 50.0187
LDB: ============= START OF LOAD BALANCING ============== 52.548
LDB: ============== END OF LOAD BALANCING =============== 52.548
Info: useSync: 0 useProxySync: 0
LDB: =============== DONE WITH MIGRATION ================ 52.5482
LDB: ============= START OF LOAD BALANCING ============== 52.6181
LDB: Largest compute 160 load 0.012051 is 23.0% of average load 0.052478
LDB: Average compute 0.003726 is 7.1% of average load 0.052478
LDB: TIME 52.6183 LOAD: AVG 0.052478 MAX 0.0572226  PROXIES: TOTAL 24 MAXPE 4 MAXPATCH 6 None MEM: 0.443348 MB
LDB: TIME 52.6184 LOAD: AVG 0.052478 MAX 0.0572226  PROXIES: TOTAL 24 MAXPE 4 MAXPATCH 6 RefineTorusLB MEM: 0.443348 MB
LDB: TIME 52.6184 LOAD: AVG 0.052478 MAX 0.0572226  PROXIES: TOTAL 24 MAXPE 4 MAXPATCH 6 RefineTorusLB MEM: 0.443348 MB
LDB: ============== END OF LOAD BALANCING =============== 52.6185
Info: useSync: 0 useProxySync: 0
LDB: =============== DONE WITH MIGRATION ================ 52.6189
WRITING COORDINATES TO DCD FILE MDequil.dcd AT STEP 35000
The last position output (seq=35000) takes 0.000 seconds, 0.443 MB of memory in use
PRESSURE: 35000 593.614 -339.002 297.828 -409.194 -0.197194 -623.523 286.549 -337.543 617.297
GPRESSURE: 35000 627.453 -123.717 186.539 -435.611 20.9229 -815.067 308.567 -326.597 636.846
PRESSAVG: 35000 -333.765 7.89816 26.1146 26.927 -292.105 -1.59861 -11.2429 5.73405 4.71363
GPRESSAVG: 35000 -334.091 7.7017 25.7125 27.6864 -291.94 -1.44906 -11.6084 6.06725 4.85151
ENERGY:   35000         0.0000         0.0000         0.0000         0.0000          -5675.1413       452.6407         0.0000         0.0000       924.3356          -4298.1650       293.6533     -5222.5006     -4294.9231       296.0385            403.5713       428.4071     22539.0915      -207.0521      -207.0598

LDB: ============= START OF LOAD BALANCING ============== 55.1336
LDB: ============== END OF LOAD BALANCING =============== 55.1338
Info: useSync: 0 useProxySync: 0
LDB: =============== DONE WITH MIGRATION ================ 55.134
LDB: ============= START OF LOAD BALANCING ============== 55.206
LDB: Largest compute 148 load 0.016700 is 32.1% of average load 0.052081
LDB: Average compute 0.003676 is 7.1% of average load 0.052081
LDB: TIME 55.2063 LOAD: AVG 0.0520809 MAX 0.0578701  PROXIES: TOTAL 24 MAXPE 4 MAXPATCH 6 None MEM: 0.443348 MB
LDB: TIME 55.2064 LOAD: AVG 0.0520809 MAX 0.0578701  PROXIES: TOTAL 24 MAXPE 4 MAXPATCH 6 RefineTorusLB MEM: 0.443348 MB
LDB: TIME 55.2065 LOAD: AVG 0.0520809 MAX 0.0567326  PROXIES: TOTAL 24 MAXPE 4 MAXPATCH 6 RefineTorusLB MEM: 0.443348 MB
LDB: ============== END OF LOAD BALANCING =============== 55.2066
Info: useSync: 0 useProxySync: 0
LDB: =============== DONE WITH MIGRATION ================ 55.2069
LDB: ============= START OF LOAD BALANCING ============== 57.7402
LDB: ============== END OF LOAD BALANCING =============== 57.7404
Info: useSync: 0 useProxySync: 0
LDB: =============== DONE WITH MIGRATION ================ 57.7406
LDB: ============= START OF LOAD BALANCING ============== 57.8145
LDB: Largest compute 143 load 0.012716 is 24.5% of average load 0.051885
LDB: Average compute 0.003663 is 7.1% of average load 0.051885
LDB: TIME 57.8147 LOAD: AVG 0.051885 MAX 0.0595576  PROXIES: TOTAL 24 MAXPE 4 MAXPATCH 6 None MEM: 0.443348 MB
LDB: TIME 57.8148 LOAD: AVG 0.051885 MAX 0.0595576  PROXIES: TOTAL 24 MAXPE 4 MAXPATCH 6 RefineTorusLB MEM: 0.443348 MB
LDB: TIME 57.8148 LOAD: AVG 0.051885 MAX 0.056109  PROXIES: TOTAL 25 MAXPE 4 MAXPATCH 7 RefineTorusLB MEM: 0.443348 MB
LDB: ============== END OF LOAD BALANCING =============== 57.8149
Info: useSync: 0 useProxySync: 0
LDB: =============== DONE WITH MIGRATION ================ 57.8152
WRITING COORDINATES TO DCD FILE MDequil.dcd AT STEP 40000
The last position output (seq=40000) takes 0.000 seconds, 0.443 MB of memory in use
PRESSURE: 40000 -250.596 -196.283 -249.01 -135.793 -604.275 -394.988 423.119 -147.496 264.696
GPRESSURE: 40000 -87.9187 19.5997 -200.926 -100.883 -552.833 -434.056 451.294 127.201 113.199
PRESSAVG: 40000 -342.247 2.6182 -24.9482 -65.9766 -409.348 41.4728 18.7727 105.397 -3.46033
GPRESSAVG: 40000 -342.3 2.93916 -24.9234 -66.4234 -409.477 41.1861 18.7763 105.435 -3.24506
ENERGY:   40000         0.0000         0.0000         0.0000         0.0000          -5582.1073       395.4086         0.0000         0.0000       955.5000          -4231.1986       303.5540     -5186.6986     -4228.0648       302.7134           -196.7253      -175.8508     22871.0506      -251.6853      -251.6740

LDB: ============= START OF LOAD BALANCING ============== 60.3745
LDB: ============== END OF LOAD BALANCING =============== 60.3746
Info: useSync: 0 useProxySync: 0
LDB: =============== DONE WITH MIGRATION ================ 60.3749
LDB: ============= START OF LOAD BALANCING ============== 60.4487
LDB: Largest compute 144 load 0.014059 is 27.6% of average load 0.050964
LDB: Average compute 0.003590 is 7.0% of average load 0.050964
LDB: TIME 60.449 LOAD: AVG 0.0509643 MAX 0.0563422  PROXIES: TOTAL 24 MAXPE 4 MAXPATCH 6 None MEM: 0.443348 MB
LDB: TIME 60.4491 LOAD: AVG 0.0509643 MAX 0.0563422  PROXIES: TOTAL 25 MAXPE 4 MAXPATCH 7 RefineTorusLB MEM: 0.443348 MB
LDB: TIME 60.4491 LOAD: AVG 0.0509643 MAX 0.0554925  PROXIES: TOTAL 25 MAXPE 4 MAXPATCH 7 RefineTorusLB MEM: 0.443348 MB
LDB: ============== END OF LOAD BALANCING =============== 60.4493
Info: useSync: 0 useProxySync: 0
LDB: =============== DONE WITH MIGRATION ================ 60.4497
LDB: ============= START OF LOAD BALANCING ============== 62.996
LDB: ============== END OF LOAD BALANCING =============== 62.9962
Info: useSync: 0 useProxySync: 0
LDB: =============== DONE WITH MIGRATION ================ 62.9963
LDB: ============= START OF LOAD BALANCING ============== 63.0693
LDB: Largest compute 141 load 0.012024 is 23.6% of average load 0.050981
LDB: Average compute 0.003599 is 7.1% of average load 0.050981
LDB: TIME 63.0695 LOAD: AVG 0.0509809 MAX 0.0570631  PROXIES: TOTAL 24 MAXPE 4 MAXPATCH 6 None MEM: 0.443348 MB
LDB: TIME 63.0696 LOAD: AVG 0.0509809 MAX 0.0570631  PROXIES: TOTAL 25 MAXPE 4 MAXPATCH 7 RefineTorusLB MEM: 0.443348 MB
LDB: TIME 63.0697 LOAD: AVG 0.0509809 MAX 0.0554529  PROXIES: TOTAL 25 MAXPE 4 MAXPATCH 7 RefineTorusLB MEM: 0.443348 MB
LDB: ============== END OF LOAD BALANCING =============== 63.0698
Info: useSync: 0 useProxySync: 0
LDB: =============== DONE WITH MIGRATION ================ 63.0701
LDB: ============= START OF LOAD BALANCING ============== 65.6037
LDB: ============== END OF LOAD BALANCING =============== 65.6039
Info: useSync: 0 useProxySync: 0
LDB: =============== DONE WITH MIGRATION ================ 65.6041
LDB: ============= START OF LOAD BALANCING ============== 65.6801
LDB: Largest compute 141 load 0.012027 is 23.2% of average load 0.051771
LDB: Average compute 0.003594 is 6.9% of average load 0.051771
LDB: TIME 65.6804 LOAD: AVG 0.0517709 MAX 0.0579721  PROXIES: TOTAL 24 MAXPE 4 MAXPATCH 6 None MEM: 0.443348 MB
LDB: TIME 65.6805 LOAD: AVG 0.0517709 MAX 0.0579721  PROXIES: TOTAL 25 MAXPE 4 MAXPATCH 7 RefineTorusLB MEM: 0.443348 MB
LDB: TIME 65.6805 LOAD: AVG 0.0517709 MAX 0.0564756  PROXIES: TOTAL 26 MAXPE 4 MAXPATCH 7 RefineTorusLB MEM: 0.443348 MB
LDB: ============== END OF LOAD BALANCING =============== 65.6807
Info: useSync: 0 useProxySync: 0
LDB: =============== DONE WITH MIGRATION ================ 65.6809
PRESSURE: 45000 -690.548 -632.762 -84.5884 -779.111 -499.897 228.538 284.959 19.5717 -587.366
GPRESSURE: 45000 -757.846 -919.826 26.9799 -665.835 -340.19 325.208 253.624 188.261 -614.628
PRESSAVG: 45000 -347.529 -42.9512 -13.3108 -32.5227 -287.195 -30.4457 71.3154 -21.3614 11.9909
GPRESSAVG: 45000 -346.938 -43.0582 -13.5014 -31.8547 -287.455 -30.0061 71.0533 -21.5179 11.6646
ENERGY:   45000         0.0000         0.0000         0.0000         0.0000          -5654.7042       393.7159         0.0000         0.0000       946.4647          -4314.5237       300.6835     -5260.9884     -4311.6031       299.7836           -592.6037      -570.8878     22729.3839      -207.5775      -207.5761

WRITING COORDINATES TO DCD FILE MDequil.dcd AT STEP 45000
The last position output (seq=45000) takes 0.000 seconds, 0.443 MB of memory in use
LDB: ============= START OF LOAD BALANCING ============== 68.2603
LDB: ============== END OF LOAD BALANCING =============== 68.2633
Info: useSync: 0 useProxySync: 0
LDB: =============== DONE WITH MIGRATION ================ 68.2634
LDB: ============= START OF LOAD BALANCING ============== 68.3391
LDB: Largest compute 141 load 0.011856 is 22.4% of average load 0.053001
LDB: Average compute 0.003686 is 7.0% of average load 0.053001
LDB: TIME 68.3395 LOAD: AVG 0.0530013 MAX 0.0682457  PROXIES: TOTAL 24 MAXPE 4 MAXPATCH 6 None MEM: 0.443348 MB
LDB: TIME 68.3395 LOAD: AVG 0.0530013 MAX 0.0682457  PROXIES: TOTAL 26 MAXPE 4 MAXPATCH 7 RefineTorusLB MEM: 0.443348 MB
LDB: TIME 68.3396 LOAD: AVG 0.0530013 MAX 0.0574103  PROXIES: TOTAL 26 MAXPE 4 MAXPATCH 7 RefineTorusLB MEM: 0.443348 MB
LDB: ============== END OF LOAD BALANCING =============== 68.3397
Info: useSync: 0 useProxySync: 0
LDB: =============== DONE WITH MIGRATION ================ 68.34
LDB: ============= START OF LOAD BALANCING ============== 70.8699
LDB: ============== END OF LOAD BALANCING =============== 70.8701
Info: useSync: 0 useProxySync: 0
LDB: =============== DONE WITH MIGRATION ================ 70.8703
LDB: ============= START OF LOAD BALANCING ============== 70.9449
LDB: Largest compute 141 load 0.012111 is 23.4% of average load 0.051807
LDB: Average compute 0.003663 is 7.1% of average load 0.051807
LDB: TIME 70.9452 LOAD: AVG 0.0518072 MAX 0.0566917  PROXIES: TOTAL 24 MAXPE 4 MAXPATCH 6 None MEM: 0.443348 MB
LDB: TIME 70.9453 LOAD: AVG 0.0518072 MAX 0.0566917  PROXIES: TOTAL 26 MAXPE 4 MAXPATCH 7 RefineTorusLB MEM: 0.443348 MB
LDB: TIME 70.9453 LOAD: AVG 0.0518072 MAX 0.0561318  PROXIES: TOTAL 26 MAXPE 4 MAXPATCH 7 RefineTorusLB MEM: 0.443348 MB
LDB: ============== END OF LOAD BALANCING =============== 70.9454
Info: useSync: 0 useProxySync: 0
LDB: =============== DONE WITH MIGRATION ================ 70.9457
PRESSURE: 50000 -443.95 -63.0625 304.079 83.4207 449.857 469.907 434.744 390.499 600.283
GPRESSURE: 50000 -171.947 -285.712 34.6123 299.919 325.683 394.451 717.812 89.5814 555.252
PRESSAVG: 50000 -268.124 12.2856 12.9987 10.0517 -294.33 3.74718 9.78469 27.0465 1.82878
GPRESSAVG: 50000 -268.357 12.2154 12.963 9.56328 -294.229 3.79521 9.60881 26.7005 1.86584
TIMING: 50000  CPU: 61.7441, 0.00123472/step  Wall: 61.8089, 0.001236/step, 0.1545 hours remaining, 0.443348 MB of memory in use.
PERFORMANCE: 50000  averaging 139.806 ns/day, 0.001236 sec/step with standard deviation 0
ETITLE:      TS           BOND          ANGLE          DIHED          IMPRP               ELECT            VDW       BOUNDARY           MISC        KINETIC               TOTAL           TEMP      POTENTIAL         TOTAL3        TEMPAVG            PRESSURE      GPRESSURE         VOLUME       PRESSAVG      GPRESSAVG

ENERGY:   50000         0.0000         0.0000         0.0000         0.0000          -5649.9505       424.0280         0.0000         0.0000       918.5069          -4307.4157       291.8016     -5225.9226     -4304.7684       294.5223            202.0632       236.3292     22626.3950      -186.8750      -186.9067

WRITING EXTENDED SYSTEM TO RESTART FILE AT STEP 50000
WRITING COORDINATES TO DCD FILE MDequil.dcd AT STEP 50000
WRITING COORDINATES TO RESTART FILE AT STEP 50000
FINISHED WRITING RESTART COORDINATES
The last position output (seq=50000) takes 0.000 seconds, 0.443 MB of memory in use
WRITING VELOCITIES TO RESTART FILE AT STEP 50000
FINISHED WRITING RESTART VELOCITIES
The last velocity output (seq=50000) takes 0.000 seconds, 0.443 MB of memory in use
LDB: ============= START OF LOAD BALANCING ============== 73.5545
LDB: ============== END OF LOAD BALANCING =============== 73.5547
Info: useSync: 0 useProxySync: 0
LDB: =============== DONE WITH MIGRATION ================ 73.5549
LDB: ============= START OF LOAD BALANCING ============== 73.627
LDB: Largest compute 144 load 0.011941 is 23.2% of average load 0.051423
LDB: Average compute 0.003626 is 7.1% of average load 0.051423
LDB: TIME 73.6273 LOAD: AVG 0.0514225 MAX 0.0578826  PROXIES: TOTAL 24 MAXPE 4 MAXPATCH 6 None MEM: 0.443348 MB
LDB: TIME 73.6274 LOAD: AVG 0.0514225 MAX 0.0578826  PROXIES: TOTAL 26 MAXPE 4 MAXPATCH 7 RefineTorusLB MEM: 0.443348 MB
LDB: TIME 73.6275 LOAD: AVG 0.0514225 MAX 0.0560254  PROXIES: TOTAL 26 MAXPE 4 MAXPATCH 7 RefineTorusLB MEM: 0.443348 MB
LDB: ============== END OF LOAD BALANCING =============== 73.6276
Info: useSync: 0 useProxySync: 0
LDB: =============== DONE WITH MIGRATION ================ 73.6279
LDB: ============= START OF LOAD BALANCING ============== 76.2019
LDB: ============== END OF LOAD BALANCING =============== 76.2021
Info: useSync: 0 useProxySync: 0
LDB: =============== DONE WITH MIGRATION ================ 76.2023
LDB: ============= START OF LOAD BALANCING ============== 76.2751
LDB: Largest compute 141 load 0.011894 is 22.7% of average load 0.052421
LDB: Average compute 0.003698 is 7.1% of average load 0.052421
LDB: TIME 76.2754 LOAD: AVG 0.0524211 MAX 0.0582421  PROXIES: TOTAL 24 MAXPE 4 MAXPATCH 6 None MEM: 0.443348 MB
LDB: TIME 76.2755 LOAD: AVG 0.0524211 MAX 0.0582421  PROXIES: TOTAL 26 MAXPE 4 MAXPATCH 7 RefineTorusLB MEM: 0.443348 MB
LDB: TIME 76.2756 LOAD: AVG 0.0524211 MAX 0.0571103  PROXIES: TOTAL 26 MAXPE 4 MAXPATCH 7 RefineTorusLB MEM: 0.443348 MB
LDB: ============== END OF LOAD BALANCING =============== 76.2757
Info: useSync: 0 useProxySync: 0
LDB: =============== DONE WITH MIGRATION ================ 76.276
LDB: ============= START OF LOAD BALANCING ============== 78.8193
LDB: ============== END OF LOAD BALANCING =============== 78.8195
Info: useSync: 0 useProxySync: 0
LDB: =============== DONE WITH MIGRATION ================ 78.8436
LDB: ============= START OF LOAD BALANCING ============== 78.9147
LDB: Largest compute 147 load 0.011697 is 23.1% of average load 0.050742
LDB: Average compute 0.003573 is 7.0% of average load 0.050742
LDB: TIME 78.9151 LOAD: AVG 0.0507425 MAX 0.0557005  PROXIES: TOTAL 24 MAXPE 4 MAXPATCH 6 None MEM: 0.443348 MB
LDB: TIME 78.9153 LOAD: AVG 0.0507425 MAX 0.0557005  PROXIES: TOTAL 26 MAXPE 4 MAXPATCH 7 RefineTorusLB MEM: 0.443348 MB
LDB: TIME 78.9154 LOAD: AVG 0.0507425 MAX 0.0540836  PROXIES: TOTAL 26 MAXPE 4 MAXPATCH 7 RefineTorusLB MEM: 0.443348 MB
LDB: ============== END OF LOAD BALANCING =============== 78.9155
Info: useSync: 0 useProxySync: 0
LDB: =============== DONE WITH MIGRATION ================ 78.9158
PRESSURE: 55000 -469.486 -581.463 387.065 -310.507 457.535 -30.3786 -19.7666 125.985 845.49
GPRESSURE: 55000 -316.55 -757.89 644.68 -357.612 324.08 113.576 -318.815 427.277 900.2
PRESSAVG: 55000 -354.983 22.18 -44.7963 25.9966 -406.143 -83.5401 -40.1568 -57.7202 -2.6803
GPRESSAVG: 55000 -354.947 21.9994 -45.1012 25.7755 -406.274 -84.2433 -40.1552 -57.4497 -2.53594
ENERGY:   55000         0.0000         0.0000         0.0000         0.0000          -5665.2029       440.0632         0.0000         0.0000       932.2486          -4292.8910       296.1672     -5225.1396     -4291.7971       297.5968            277.8462       302.5766     22753.0879      -254.6021      -254.5856

WRITING COORDINATES TO DCD FILE MDequil.dcd AT STEP 55000
LDB: ============= START OF LOAD BALANCING ============== 81.4414
LDB: ============== END OF LOAD BALANCING =============== 81.4416
Info: useSync: 0 useProxySync: 0
LDB: =============== DONE WITH MIGRATION ================ 81.4418
LDB: ============= START OF LOAD BALANCING ============== 81.5141
LDB: Largest compute 139 load 0.012758 is 24.3% of average load 0.052534
LDB: Average compute 0.003706 is 7.1% of average load 0.052534
LDB: TIME 81.5145 LOAD: AVG 0.0525341 MAX 0.0584725  PROXIES: TOTAL 24 MAXPE 4 MAXPATCH 6 None MEM: 0.443348 MB
LDB: TIME 81.5146 LOAD: AVG 0.0525341 MAX 0.0584725  PROXIES: TOTAL 26 MAXPE 4 MAXPATCH 7 RefineTorusLB MEM: 0.443348 MB
LDB: TIME 81.5146 LOAD: AVG 0.0525341 MAX 0.0572129  PROXIES: TOTAL 27 MAXPE 4 MAXPATCH 7 RefineTorusLB MEM: 0.443348 MB
LDB: ============== END OF LOAD BALANCING =============== 81.5147
Info: useSync: 0 useProxySync: 0
LDB: =============== DONE WITH MIGRATION ================ 81.515
LDB: ============= START OF LOAD BALANCING ============== 84.0227
LDB: ============== END OF LOAD BALANCING =============== 84.0228
Info: useSync: 0 useProxySync: 0
LDB: =============== DONE WITH MIGRATION ================ 84.0257
LDB: ============= START OF LOAD BALANCING ============== 84.0959
LDB: Largest compute 141 load 0.011710 is 22.5% of average load 0.052071
LDB: Average compute 0.003676 is 7.1% of average load 0.052071
LDB: TIME 84.0962 LOAD: AVG 0.0520709 MAX 0.0572162  PROXIES: TOTAL 24 MAXPE 4 MAXPATCH 6 None MEM: 0.443348 MB
LDB: TIME 84.0963 LOAD: AVG 0.0520709 MAX 0.0572162  PROXIES: TOTAL 27 MAXPE 4 MAXPATCH 7 RefineTorusLB MEM: 0.443348 MB
LDB: TIME 84.0964 LOAD: AVG 0.0520709 MAX 0.0558948  PROXIES: TOTAL 27 MAXPE 4 MAXPATCH 7 RefineTorusLB MEM: 0.443348 MB
LDB: ============== END OF LOAD BALANCING =============== 84.0965
Info: useSync: 0 useProxySync: 0
LDB: =============== DONE WITH MIGRATION ================ 84.0967
WRITING COORDINATES TO DCD FILE MDequil.dcd AT STEP 60000
PRESSURE: 60000 -318.627 -388.979 -517.783 -252.767 -532.789 -528.139 179.783 -120.135 58.6276
GPRESSURE: 60000 -337.669 -459.188 -45.1997 16.9142 -398.484 -635.837 -16.8649 128.719 -10.6483
PRESSAVG: 60000 -288.274 57.754 34.2044 30.9461 -277.159 31.8351 26.3683 28.5932 -8.47392
GPRESSAVG: 60000 -288.358 57.5805 33.7684 31.2194 -277.084 31.7692 26.6569 28.5122 -8.08618
ENERGY:   60000         0.0000         0.0000         0.0000         0.0000          -5558.1517       398.7702         0.0000         0.0000       938.8318          -4220.5498       298.2586     -5159.3815     -4218.9832       303.5007           -264.2629      -248.9338     22815.5662      -191.3023      -191.1762

LDB: ============= START OF LOAD BALANCING ============== 86.5944
LDB: ============== END OF LOAD BALANCING =============== 86.5946
Info: useSync: 0 useProxySync: 0
LDB: =============== DONE WITH MIGRATION ================ 86.5948
LDB: ============= START OF LOAD BALANCING ============== 86.665
LDB: Largest compute 143 load 0.012144 is 22.9% of average load 0.053055
LDB: Average compute 0.003710 is 7.0% of average load 0.053055
LDB: TIME 86.6653 LOAD: AVG 0.053055 MAX 0.0569279  PROXIES: TOTAL 24 MAXPE 4 MAXPATCH 6 None MEM: 0.443348 MB
LDB: TIME 86.6654 LOAD: AVG 0.053055 MAX 0.0569279  PROXIES: TOTAL 27 MAXPE 4 MAXPATCH 7 RefineTorusLB MEM: 0.443348 MB
LDB: TIME 86.6655 LOAD: AVG 0.053055 MAX 0.0569279  PROXIES: TOTAL 27 MAXPE 4 MAXPATCH 7 RefineTorusLB MEM: 0.443348 MB
LDB: ============== END OF LOAD BALANCING =============== 86.6656
Info: useSync: 0 useProxySync: 0
LDB: =============== DONE WITH MIGRATION ================ 86.6659
LDB: ============= START OF LOAD BALANCING ============== 89.151
LDB: ============== END OF LOAD BALANCING =============== 89.1512
Info: useSync: 0 useProxySync: 0
LDB: =============== DONE WITH MIGRATION ================ 89.1541
LDB: ============= START OF LOAD BALANCING ============== 89.2261
LDB: Largest compute 141 load 0.013285 is 25.2% of average load 0.052717
LDB: Average compute 0.003721 is 7.1% of average load 0.052717
LDB: TIME 89.2264 LOAD: AVG 0.0527173 MAX 0.0589376  PROXIES: TOTAL 24 MAXPE 4 MAXPATCH 6 None MEM: 0.443348 MB
LDB: TIME 89.2265 LOAD: AVG 0.0527173 MAX 0.0589376  PROXIES: TOTAL 27 MAXPE 4 MAXPATCH 7 RefineTorusLB MEM: 0.443348 MB
LDB: TIME 89.2266 LOAD: AVG 0.0527173 MAX 0.0572797  PROXIES: TOTAL 27 MAXPE 4 MAXPATCH 7 RefineTorusLB MEM: 0.443348 MB
LDB: ============== END OF LOAD BALANCING =============== 89.2268
Info: useSync: 0 useProxySync: 0
LDB: =============== DONE WITH MIGRATION ================ 89.2271
LDB: ============= START OF LOAD BALANCING ============== 91.7333
LDB: ============== END OF LOAD BALANCING =============== 91.7336
Info: useSync: 0 useProxySync: 0
LDB: =============== DONE WITH MIGRATION ================ 91.7337
LDB: ============= START OF LOAD BALANCING ============== 91.8069
LDB: Largest compute 141 load 0.012379 is 23.4% of average load 0.052970
LDB: Average compute 0.003694 is 7.0% of average load 0.052970
LDB: TIME 91.8072 LOAD: AVG 0.0529701 MAX 0.0640786  PROXIES: TOTAL 24 MAXPE 4 MAXPATCH 6 None MEM: 0.443348 MB
LDB: TIME 91.8073 LOAD: AVG 0.0529701 MAX 0.0640786  PROXIES: TOTAL 27 MAXPE 4 MAXPATCH 7 RefineTorusLB MEM: 0.443348 MB
LDB: TIME 91.8074 LOAD: AVG 0.0529701 MAX 0.0552066  PROXIES: TOTAL 28 MAXPE 4 MAXPATCH 8 RefineTorusLB MEM: 0.443348 MB
LDB: ============== END OF LOAD BALANCING =============== 91.8076
Info: useSync: 0 useProxySync: 0
LDB: =============== DONE WITH MIGRATION ================ 91.8079
PRESSURE: 65000 -1934.28 365.79 -510.662 850.482 -482.755 -261.404 -305.379 -319.952 -922.545
GPRESSURE: 65000 -1744.39 548.79 -471.412 451.546 -572.592 -444.67 -23.6593 -225.159 -953.733
PRESSAVG: 65000 -329.667 12.6302 -22.0896 40.4096 -339.403 2.14401 55.7105 45.2879 -4.24994
GPRESSAVG: 65000 -329.971 13.0688 -21.569 40.2776 -339.41 1.88774 55.6193 45.4678 -4.36705
ENERGY:   65000         0.0000         0.0000         0.0000         0.0000          -5538.8634       343.6745         0.0000         0.0000       963.3867          -4231.8021       306.0595     -5195.1889     -4229.2872       302.3628          -1113.1940     -1090.2388     23093.5749      -224.4397      -224.5824

WRITING COORDINATES TO DCD FILE MDequil.dcd AT STEP 65000
LDB: ============= START OF LOAD BALANCING ============== 94.4485
LDB: ============== END OF LOAD BALANCING =============== 94.4486
Info: useSync: 0 useProxySync: 0
LDB: =============== DONE WITH MIGRATION ================ 94.4601
LDB: ============= START OF LOAD BALANCING ============== 94.5326
LDB: Largest compute 148 load 0.011414 is 22.3% of average load 0.051285
LDB: Average compute 0.003591 is 7.0% of average load 0.051285
LDB: TIME 94.5328 LOAD: AVG 0.0512851 MAX 0.0565608  PROXIES: TOTAL 24 MAXPE 4 MAXPATCH 6 None MEM: 0.443348 MB
LDB: TIME 94.5329 LOAD: AVG 0.0512851 MAX 0.0565608  PROXIES: TOTAL 28 MAXPE 4 MAXPATCH 8 RefineTorusLB MEM: 0.443348 MB
LDB: TIME 94.5329 LOAD: AVG 0.0512851 MAX 0.0554776  PROXIES: TOTAL 28 MAXPE 4 MAXPATCH 8 RefineTorusLB MEM: 0.443348 MB
LDB: ============== END OF LOAD BALANCING =============== 94.533
Info: useSync: 0 useProxySync: 0
LDB: =============== DONE WITH MIGRATION ================ 94.5333
LDB: ============= START OF LOAD BALANCING ============== 97.0385
LDB: ============== END OF LOAD BALANCING =============== 97.0387
Info: useSync: 0 useProxySync: 0
LDB: =============== DONE WITH MIGRATION ================ 97.0389
LDB: ============= START OF LOAD BALANCING ============== 97.1119
LDB: Largest compute 30 load 0.017813 is 34.0% of average load 0.052440
LDB: Average compute 0.003700 is 7.1% of average load 0.052440
LDB: TIME 97.1122 LOAD: AVG 0.0524399 MAX 0.0633281  PROXIES: TOTAL 24 MAXPE 4 MAXPATCH 6 None MEM: 0.443348 MB
LDB: TIME 97.1123 LOAD: AVG 0.0524399 MAX 0.0633281  PROXIES: TOTAL 28 MAXPE 4 MAXPATCH 8 RefineTorusLB MEM: 0.443348 MB
LDB: TIME 97.1124 LOAD: AVG 0.0524399 MAX 0.0544982  PROXIES: TOTAL 28 MAXPE 4 MAXPATCH 8 RefineTorusLB MEM: 0.443348 MB
LDB: ============== END OF LOAD BALANCING =============== 97.1125
Info: useSync: 0 useProxySync: 0
LDB: =============== DONE WITH MIGRATION ================ 97.1127
PRESSURE: 70000 -335.402 -112.135 -120.643 -96.4247 -673.137 485.909 -132.36 550.576 179.815
GPRESSURE: 70000 -519.205 223.055 99.5832 -617.891 -622.361 244.967 -67.9977 633.931 341.736
PRESSAVG: 70000 -372.379 9.94617 61.3995 -25.3199 -360.92 17.4408 42.6157 34.8505 -7.28014
GPRESSAVG: 70000 -372.298 9.74273 61.5042 -25.4145 -360.811 17.7182 42.7476 34.6745 -7.09311
ENERGY:   70000         0.0000         0.0000         0.0000         0.0000          -5610.3879       390.2283         0.0000         0.0000       921.1133          -4299.0463       292.6296     -5220.1596     -4296.8382       299.6112           -276.2414      -266.6100     22592.1292      -246.8597      -246.7340

WRITING COORDINATES TO DCD FILE MDequil.dcd AT STEP 70000
LDB: ============= START OF LOAD BALANCING ============== 99.6398
LDB: ============== END OF LOAD BALANCING =============== 99.6513
Info: useSync: 0 useProxySync: 0
LDB: =============== DONE WITH MIGRATION ================ 99.6516
LDB: ============= START OF LOAD BALANCING ============== 99.7226
LDB: Largest compute 147 load 0.011774 is 23.1% of average load 0.050966
LDB: Average compute 0.003588 is 7.0% of average load 0.050966
LDB: TIME 99.7231 LOAD: AVG 0.0509661 MAX 0.0554993  PROXIES: TOTAL 24 MAXPE 4 MAXPATCH 6 None MEM: 0.443348 MB
LDB: TIME 99.7232 LOAD: AVG 0.0509661 MAX 0.0554993  PROXIES: TOTAL 28 MAXPE 4 MAXPATCH 8 RefineTorusLB MEM: 0.443348 MB
LDB: TIME 99.7233 LOAD: AVG 0.0509661 MAX 0.0554993  PROXIES: TOTAL 28 MAXPE 4 MAXPATCH 8 RefineTorusLB MEM: 0.443348 MB
LDB: ============== END OF LOAD BALANCING =============== 99.7235
Info: useSync: 0 useProxySync: 0
LDB: =============== DONE WITH MIGRATION ================ 99.7238
LDB: ============= START OF LOAD BALANCING ============== 102.265
LDB: ============== END OF LOAD BALANCING =============== 102.265
Info: useSync: 0 useProxySync: 0
LDB: =============== DONE WITH MIGRATION ================ 102.265
LDB: ============= START OF LOAD BALANCING ============== 102.341
LDB: Largest compute 149 load 0.019585 is 36.9% of average load 0.053008
LDB: Average compute 0.003734 is 7.0% of average load 0.053008
LDB: TIME 102.341 LOAD: AVG 0.0530077 MAX 0.0564146  PROXIES: TOTAL 24 MAXPE 4 MAXPATCH 6 None MEM: 0.443348 MB
LDB: TIME 102.341 LOAD: AVG 0.0530077 MAX 0.0564146  PROXIES: TOTAL 28 MAXPE 4 MAXPATCH 8 RefineTorusLB MEM: 0.443348 MB
LDB: TIME 102.341 LOAD: AVG 0.0530077 MAX 0.0564146  PROXIES: TOTAL 28 MAXPE 4 MAXPATCH 8 RefineTorusLB MEM: 0.443348 MB
LDB: ============== END OF LOAD BALANCING =============== 102.341
Info: useSync: 0 useProxySync: 0
LDB: =============== DONE WITH MIGRATION ================ 102.342
LDB: ============= START OF LOAD BALANCING ============== 104.884
LDB: ============== END OF LOAD BALANCING =============== 104.908
Info: useSync: 0 useProxySync: 0
LDB: =============== DONE WITH MIGRATION ================ 104.908
LDB: ============= START OF LOAD BALANCING ============== 104.979
LDB: Largest compute 145 load 0.011833 is 23.1% of average load 0.051136
LDB: Average compute 0.003562 is 7.0% of average load 0.051136
LDB: TIME 104.979 LOAD: AVG 0.0511359 MAX 0.0609392  PROXIES: TOTAL 24 MAXPE 4 MAXPATCH 6 None MEM: 0.443348 MB
LDB: TIME 104.979 LOAD: AVG 0.0511359 MAX 0.0609392  PROXIES: TOTAL 28 MAXPE 4 MAXPATCH 8 RefineTorusLB MEM: 0.443348 MB
LDB: TIME 104.979 LOAD: AVG 0.0511359 MAX 0.0541754  PROXIES: TOTAL 28 MAXPE 4 MAXPATCH 8 RefineTorusLB MEM: 0.443348 MB
LDB: ============== END OF LOAD BALANCING =============== 104.98
Info: useSync: 0 useProxySync: 0
LDB: =============== DONE WITH MIGRATION ================ 104.98
PRESSURE: 75000 338.192 227.919 18.2291 216.389 208.058 -531.861 16.4911 -611.845 -350.063
GPRESSURE: 75000 143.372 41.9304 -331.195 239.807 338.307 -368.803 324.586 -701.511 -242.602
PRESSAVG: 75000 -279.614 6.36192 30.319 5.14365 -320.19 -33.9523 73.7673 -8.86495 3.62654
GPRESSAVG: 75000 -279.541 5.98041 30.4667 5.2084 -320.009 -34.0068 73.8212 -8.77871 3.87519
ENERGY:   75000         0.0000         0.0000         0.0000         0.0000          -5634.0953       417.6465         0.0000         0.0000       950.6602          -4265.7885       302.0164     -5216.4487     -4263.4247       296.5196             65.3961        79.6923     22576.2507      -198.7256      -198.5581

WRITING COORDINATES TO DCD FILE MDequil.dcd AT STEP 75000
LDB: ============= START OF LOAD BALANCING ============== 107.532
LDB: ============== END OF LOAD BALANCING =============== 107.532
Info: useSync: 0 useProxySync: 0
LDB: =============== DONE WITH MIGRATION ================ 107.532
LDB: ============= START OF LOAD BALANCING ============== 107.605
LDB: Largest compute 138 load 0.015861 is 30.2% of average load 0.052480
LDB: Average compute 0.003696 is 7.0% of average load 0.052480
LDB: TIME 107.606 LOAD: AVG 0.0524803 MAX 0.0588539  PROXIES: TOTAL 24 MAXPE 4 MAXPATCH 6 None MEM: 0.443348 MB
LDB: TIME 107.606 LOAD: AVG 0.0524803 MAX 0.0588539  PROXIES: TOTAL 28 MAXPE 4 MAXPATCH 8 RefineTorusLB MEM: 0.443348 MB
LDB: TIME 107.606 LOAD: AVG 0.0524803 MAX 0.0561797  PROXIES: TOTAL 27 MAXPE 4 MAXPATCH 7 RefineTorusLB MEM: 0.443348 MB
LDB: ============== END OF LOAD BALANCING =============== 107.606
Info: useSync: 0 useProxySync: 0
LDB: =============== DONE WITH MIGRATION ================ 107.606
LDB: ============= START OF LOAD BALANCING ============== 110.112
LDB: ============== END OF LOAD BALANCING =============== 110.112
Info: useSync: 0 useProxySync: 0
LDB: =============== DONE WITH MIGRATION ================ 110.115
LDB: ============= START OF LOAD BALANCING ============== 110.19
LDB: Largest compute 138 load 0.016871 is 31.7% of average load 0.053272
LDB: Average compute 0.003764 is 7.1% of average load 0.053272
LDB: TIME 110.19 LOAD: AVG 0.0532725 MAX 0.0568517  PROXIES: TOTAL 24 MAXPE 4 MAXPATCH 6 None MEM: 0.443348 MB
LDB: TIME 110.19 LOAD: AVG 0.0532725 MAX 0.0568517  PROXIES: TOTAL 27 MAXPE 4 MAXPATCH 7 RefineTorusLB MEM: 0.443348 MB
LDB: TIME 110.19 LOAD: AVG 0.0532725 MAX 0.0568517  PROXIES: TOTAL 27 MAXPE 4 MAXPATCH 7 RefineTorusLB MEM: 0.443348 MB
LDB: ============== END OF LOAD BALANCING =============== 110.19
Info: useSync: 0 useProxySync: 0
LDB: =============== DONE WITH MIGRATION ================ 110.19
PRESSURE: 80000 400.366 542.754 -268.581 555.205 -181.582 489.721 -515.472 206.289 -478.265
GPRESSURE: 80000 477.075 723.856 -195.014 501.669 -133.295 351.974 -516.148 443.066 -523.411
PRESSAVG: 80000 -395.742 15.4714 -30.6386 28.0834 -249.493 -13.458 -26.5757 18.5134 10.2373
GPRESSAVG: 80000 -395.6 15.8739 -31.0764 27.6602 -249.472 -13.386 -26.161 18.9945 10.1089
ENERGY:   80000         0.0000         0.0000         0.0000         0.0000          -5618.8259       421.9322         0.0000         0.0000       940.9058          -4255.9880       298.9175     -5196.8938     -4252.7324       298.7365            -86.4937       -59.8768     22688.4906      -211.6661      -211.6544

WRITING COORDINATES TO DCD FILE MDequil.dcd AT STEP 80000
LDB: ============= START OF LOAD BALANCING ============== 112.708
LDB: ============== END OF LOAD BALANCING =============== 112.708
Info: useSync: 0 useProxySync: 0
LDB: =============== DONE WITH MIGRATION ================ 112.709
LDB: ============= START OF LOAD BALANCING ============== 112.78
LDB: Largest compute 141 load 0.011833 is 22.3% of average load 0.053000
LDB: Average compute 0.003686 is 7.0% of average load 0.053000
LDB: TIME 112.78 LOAD: AVG 0.0529997 MAX 0.0559892  PROXIES: TOTAL 24 MAXPE 4 MAXPATCH 6 None MEM: 0.443348 MB
LDB: TIME 112.78 LOAD: AVG 0.0529997 MAX 0.0559892  PROXIES: TOTAL 27 MAXPE 4 MAXPATCH 7 RefineTorusLB MEM: 0.443348 MB
LDB: TIME 112.78 LOAD: AVG 0.0529997 MAX 0.0559892  PROXIES: TOTAL 27 MAXPE 4 MAXPATCH 7 RefineTorusLB MEM: 0.443348 MB
LDB: ============== END OF LOAD BALANCING =============== 112.78
Info: useSync: 0 useProxySync: 0
LDB: =============== DONE WITH MIGRATION ================ 112.78
LDB: ============= START OF LOAD BALANCING ============== 115.289
LDB: ============== END OF LOAD BALANCING =============== 115.289
Info: useSync: 0 useProxySync: 0
LDB: =============== DONE WITH MIGRATION ================ 115.301
LDB: ============= START OF LOAD BALANCING ============== 115.371
LDB: Largest compute 142 load 0.011856 is 23.4% of average load 0.050561
LDB: Average compute 0.003552 is 7.0% of average load 0.050561
LDB: TIME 115.375 LOAD: AVG 0.0505611 MAX 0.0548684  PROXIES: TOTAL 24 MAXPE 4 MAXPATCH 6 None MEM: 0.443348 MB
LDB: TIME 115.375 LOAD: AVG 0.0505611 MAX 0.0548684  PROXIES: TOTAL 27 MAXPE 4 MAXPATCH 7 RefineTorusLB MEM: 0.443348 MB
LDB: TIME 115.375 LOAD: AVG 0.0505611 MAX 0.0548684  PROXIES: TOTAL 27 MAXPE 4 MAXPATCH 7 RefineTorusLB MEM: 0.443348 MB
LDB: ============== END OF LOAD BALANCING =============== 115.378
Info: useSync: 0 useProxySync: 0
LDB: =============== DONE WITH MIGRATION ================ 115.379
LDB: ============= START OF LOAD BALANCING ============== 117.886
LDB: ============== END OF LOAD BALANCING =============== 117.887
Info: useSync: 0 useProxySync: 0
LDB: =============== DONE WITH MIGRATION ================ 117.887
LDB: ============= START OF LOAD BALANCING ============== 117.96
LDB: Largest compute 143 load 0.011766 is 22.6% of average load 0.052043
LDB: Average compute 0.003662 is 7.0% of average load 0.052043
LDB: TIME 117.961 LOAD: AVG 0.052043 MAX 0.0559777  PROXIES: TOTAL 24 MAXPE 4 MAXPATCH 6 None MEM: 0.443348 MB
LDB: TIME 117.961 LOAD: AVG 0.052043 MAX 0.0559777  PROXIES: TOTAL 27 MAXPE 4 MAXPATCH 7 RefineTorusLB MEM: 0.443348 MB
LDB: TIME 117.961 LOAD: AVG 0.052043 MAX 0.0559777  PROXIES: TOTAL 27 MAXPE 4 MAXPATCH 7 RefineTorusLB MEM: 0.443348 MB
LDB: ============== END OF LOAD BALANCING =============== 117.961
Info: useSync: 0 useProxySync: 0
LDB: =============== DONE WITH MIGRATION ================ 117.961
PRESSURE: 85000 684.118 -129.641 -433.034 344.416 13.651 24.9987 -761.84 -214.786 144.083
GPRESSURE: 85000 790.702 -57.2422 -534.149 559.259 -10.4367 -79.0447 -629.603 -217.499 163.315
PRESSAVG: 85000 -344.196 -5.88066 -10.6663 27.511 -304.651 -22.4533 14.7599 54.4714 12.8678
GPRESSAVG: 85000 -344.26 -5.99632 -10.8676 27.9169 -304.649 -22.3257 14.7138 53.8351 12.6313
ENERGY:   85000         0.0000         0.0000         0.0000         0.0000          -5665.3518       433.6517         0.0000         0.0000       990.6139          -4241.0862       314.7093     -5231.7001     -4238.9095       300.5511            280.6173       314.5265     22624.6748      -211.9932      -212.0927

WRITING COORDINATES TO DCD FILE MDequil.dcd AT STEP 85000
LDB: ============= START OF LOAD BALANCING ============== 120.485
LDB: ============== END OF LOAD BALANCING =============== 120.485
Info: useSync: 0 useProxySync: 0
LDB: =============== DONE WITH MIGRATION ================ 120.488
LDB: ============= START OF LOAD BALANCING ============== 120.559
LDB: Largest compute 144 load 0.012107 is 23.5% of average load 0.051562
LDB: Average compute 0.003612 is 7.0% of average load 0.051562
LDB: TIME 120.559 LOAD: AVG 0.0515618 MAX 0.0558812  PROXIES: TOTAL 24 MAXPE 4 MAXPATCH 6 None MEM: 0.443348 MB
LDB: TIME 120.559 LOAD: AVG 0.0515618 MAX 0.0558812  PROXIES: TOTAL 27 MAXPE 4 MAXPATCH 7 RefineTorusLB MEM: 0.443348 MB
LDB: TIME 120.559 LOAD: AVG 0.0515618 MAX 0.0558812  PROXIES: TOTAL 27 MAXPE 4 MAXPATCH 7 RefineTorusLB MEM: 0.443348 MB
LDB: ============== END OF LOAD BALANCING =============== 120.559
Info: useSync: 0 useProxySync: 0
LDB: =============== DONE WITH MIGRATION ================ 120.56
LDB: ============= START OF LOAD BALANCING ============== 123.069
LDB: ============== END OF LOAD BALANCING =============== 123.069
Info: useSync: 0 useProxySync: 0
LDB: =============== DONE WITH MIGRATION ================ 123.07
LDB: ============= START OF LOAD BALANCING ============== 123.144
LDB: Largest compute 145 load 0.011844 is 22.7% of average load 0.052230
LDB: Average compute 0.003684 is 7.1% of average load 0.052230
LDB: TIME 123.144 LOAD: AVG 0.0522296 MAX 0.0572246  PROXIES: TOTAL 24 MAXPE 4 MAXPATCH 6 None MEM: 0.443348 MB
LDB: TIME 123.144 LOAD: AVG 0.0522296 MAX 0.0572246  PROXIES: TOTAL 27 MAXPE 4 MAXPATCH 7 RefineTorusLB MEM: 0.443348 MB
LDB: TIME 123.144 LOAD: AVG 0.0522296 MAX 0.0569505  PROXIES: TOTAL 27 MAXPE 4 MAXPATCH 7 RefineTorusLB MEM: 0.443348 MB
LDB: ============== END OF LOAD BALANCING =============== 123.144
Info: useSync: 0 useProxySync: 0
LDB: =============== DONE WITH MIGRATION ================ 123.145
WRITING COORDINATES TO DCD FILE MDequil.dcd AT STEP 90000
PRESSURE: 90000 259.762 123.375 284.543 242.705 -256.266 -328.273 140.889 48.3284 -972.097
GPRESSURE: 90000 171.16 -110.471 290.485 251.462 -119.538 -172.917 68.1484 -70.9422 -1000.9
PRESSAVG: 90000 -366.334 -26.183 -15.7236 -15.7938 -331.054 -34.3532 -98.9703 26.4459 21.3432
GPRESSAVG: 90000 -366.568 -25.8842 -15.9155 -15.5669 -331.245 -34.3471 -99.303 26.0008 21.514
ENERGY:   90000         0.0000         0.0000         0.0000         0.0000          -5500.2875       351.2341         0.0000         0.0000       947.8082          -4201.2452       301.1103     -5149.0534     -4199.5719       304.2932           -322.8669      -316.4258     22544.6152      -225.3484      -225.4329

LDB: ============= START OF LOAD BALANCING ============== 125.702
LDB: ============== END OF LOAD BALANCING =============== 125.702
Info: useSync: 0 useProxySync: 0
LDB: =============== DONE WITH MIGRATION ================ 125.702
LDB: ============= START OF LOAD BALANCING ============== 125.773
LDB: Largest compute 148 load 0.011829 is 22.5% of average load 0.052635
LDB: Average compute 0.003667 is 7.0% of average load 0.052635
LDB: TIME 125.773 LOAD: AVG 0.0526347 MAX 0.0574916  PROXIES: TOTAL 24 MAXPE 4 MAXPATCH 6 None MEM: 0.443348 MB
LDB: TIME 125.773 LOAD: AVG 0.0526347 MAX 0.0574916  PROXIES: TOTAL 27 MAXPE 4 MAXPATCH 7 RefineTorusLB MEM: 0.443348 MB
LDB: TIME 125.773 LOAD: AVG 0.0526347 MAX 0.0572452  PROXIES: TOTAL 27 MAXPE 4 MAXPATCH 7 RefineTorusLB MEM: 0.443348 MB
LDB: ============== END OF LOAD BALANCING =============== 125.773
Info: useSync: 0 useProxySync: 0
LDB: =============== DONE WITH MIGRATION ================ 125.773
LDB: ============= START OF LOAD BALANCING ============== 128.307
LDB: ============== END OF LOAD BALANCING =============== 128.307
Info: useSync: 0 useProxySync: 0
LDB: =============== DONE WITH MIGRATION ================ 128.307
LDB: ============= START OF LOAD BALANCING ============== 128.382
LDB: Largest compute 138 load 0.017255 is 32.4% of average load 0.053305
LDB: Average compute 0.003776 is 7.1% of average load 0.053305
LDB: TIME 128.383 LOAD: AVG 0.0533054 MAX 0.0572351  PROXIES: TOTAL 24 MAXPE 4 MAXPATCH 6 None MEM: 0.443348 MB
LDB: TIME 128.383 LOAD: AVG 0.0533054 MAX 0.0572351  PROXIES: TOTAL 27 MAXPE 4 MAXPATCH 7 RefineTorusLB MEM: 0.443348 MB
LDB: TIME 128.383 LOAD: AVG 0.0533054 MAX 0.0572351  PROXIES: TOTAL 27 MAXPE 4 MAXPATCH 7 RefineTorusLB MEM: 0.443348 MB
LDB: ============== END OF LOAD BALANCING =============== 128.383
Info: useSync: 0 useProxySync: 0
LDB: =============== DONE WITH MIGRATION ================ 128.383
LDB: ============= START OF LOAD BALANCING ============== 130.892
LDB: ============== END OF LOAD BALANCING =============== 130.892
Info: useSync: 0 useProxySync: 0
LDB: =============== DONE WITH MIGRATION ================ 130.903
LDB: ============= START OF LOAD BALANCING ============== 130.974
LDB: Largest compute 141 load 0.011601 is 22.3% of average load 0.052093
LDB: Average compute 0.003668 is 7.0% of average load 0.052093
LDB: TIME 130.975 LOAD: AVG 0.0520934 MAX 0.0555013  PROXIES: TOTAL 24 MAXPE 4 MAXPATCH 6 None MEM: 0.443348 MB
LDB: TIME 130.975 LOAD: AVG 0.0520934 MAX 0.0555013  PROXIES: TOTAL 27 MAXPE 4 MAXPATCH 7 RefineTorusLB MEM: 0.443348 MB
LDB: TIME 130.975 LOAD: AVG 0.0520934 MAX 0.0555013  PROXIES: TOTAL 27 MAXPE 4 MAXPATCH 7 RefineTorusLB MEM: 0.443348 MB
LDB: ============== END OF LOAD BALANCING =============== 130.975
Info: useSync: 0 useProxySync: 0
LDB: =============== DONE WITH MIGRATION ================ 130.975
WRITING COORDINATES TO DCD FILE MDequil.dcd AT STEP 95000
PRESSURE: 95000 -549.783 -339.737 78.4439 -162.901 -355.817 629.604 -161.207 394.387 -590.495
GPRESSURE: 95000 -566.384 -482.186 -1.12349 -284.228 -506.436 587.797 -8.17741 565.013 -362.062
PRESSAVG: 95000 -329.278 -32.0621 35.3143 -5.73805 -289.272 14.6197 79.9358 21.5637 12.9122
GPRESSAVG: 95000 -329.604 -32.184 35.8448 -5.57649 -289.132 14.347 79.3197 22.0102 12.8562
ENERGY:   95000         0.0000         0.0000         0.0000         0.0000          -5528.4590       344.4692         0.0000         0.0000       942.6424          -4241.3474       299.4692     -5183.9898     -4239.3574       305.8252           -498.6984      -478.2938     22649.1633      -201.8795      -201.9600

LDB: ============= START OF LOAD BALANCING ============== 133.518
LDB: ============== END OF LOAD BALANCING =============== 133.518
Info: useSync: 0 useProxySync: 0
LDB: =============== DONE WITH MIGRATION ================ 133.518
LDB: ============= START OF LOAD BALANCING ============== 133.593
LDB: Largest compute 144 load 0.012750 is 24.4% of average load 0.052234
LDB: Average compute 0.003623 is 6.9% of average load 0.052234
LDB: TIME 133.593 LOAD: AVG 0.0522344 MAX 0.0624444  PROXIES: TOTAL 24 MAXPE 4 MAXPATCH 6 None MEM: 0.443348 MB
LDB: TIME 133.593 LOAD: AVG 0.0522344 MAX 0.0624444  PROXIES: TOTAL 27 MAXPE 4 MAXPATCH 7 RefineTorusLB MEM: 0.443348 MB
LDB: TIME 133.593 LOAD: AVG 0.0522344 MAX 0.0569502  PROXIES: TOTAL 27 MAXPE 4 MAXPATCH 7 RefineTorusLB MEM: 0.443348 MB
LDB: ============== END OF LOAD BALANCING =============== 133.594
Info: useSync: 0 useProxySync: 0
LDB: =============== DONE WITH MIGRATION ================ 133.594
LDB: ============= START OF LOAD BALANCING ============== 136.137
LDB: ============== END OF LOAD BALANCING =============== 136.14
Info: useSync: 0 useProxySync: 0
LDB: =============== DONE WITH MIGRATION ================ 136.14
LDB: ============= START OF LOAD BALANCING ============== 136.215
LDB: Largest compute 6 load 0.011795 is 22.4% of average load 0.052616
LDB: Average compute 0.003712 is 7.1% of average load 0.052616
LDB: TIME 136.215 LOAD: AVG 0.0526162 MAX 0.058303  PROXIES: TOTAL 24 MAXPE 4 MAXPATCH 6 None MEM: 0.443348 MB
LDB: TIME 136.215 LOAD: AVG 0.0526162 MAX 0.058303  PROXIES: TOTAL 27 MAXPE 4 MAXPATCH 7 RefineTorusLB MEM: 0.443348 MB
LDB: TIME 136.215 LOAD: AVG 0.0526162 MAX 0.0573716  PROXIES: TOTAL 27 MAXPE 4 MAXPATCH 7 RefineTorusLB MEM: 0.443348 MB
LDB: ============== END OF LOAD BALANCING =============== 136.215
Info: useSync: 0 useProxySync: 0
LDB: =============== DONE WITH MIGRATION ================ 136.216
WRITING COORDINATES TO DCD FILE MDequil.dcd AT STEP 100000
WRITING COORDINATES TO RESTART FILE AT STEP 100000
FINISHED WRITING RESTART COORDINATES
WRITING VELOCITIES TO RESTART FILE AT STEP 100000
FINISHED WRITING RESTART VELOCITIES
The last velocity output (seq=100000) takes 0.000 seconds, 0.443 MB of memory in use
PRESSURE: 100000 -289.791 163.706 334.701 225.168 -112.798 687.396 117.975 722.878 -62.3597
GPRESSURE: 100000 -347.948 141.823 485.116 -8.035 -67.536 693.79 12.6373 634.704 -2.29958
PRESSAVG: 100000 -415.341 -33.6549 10.5291 -18.8062 -368.743 -96.4895 -35.2255 -40.2205 7.17139
GPRESSAVG: 100000 -415.363 -33.8463 10.5534 -19.1568 -368.806 -96.3687 -35.5702 -40.339 6.96418
TIMING: 100000  CPU: 126.65, 0.00129811/step  Wall: 127.013, 0.00130408/step, 0.144897 hours remaining, 0.443348 MB of memory in use.
PERFORMANCE: 100000  averaging 136.059 ns/day, 0.00127004 sec/step with standard deviation 4.8136e-05
ETITLE:      TS           BOND          ANGLE          DIHED          IMPRP               ELECT            VDW       BOUNDARY           MISC        KINETIC               TOTAL           TEMP      POTENTIAL         TOTAL3        TEMPAVG            PRESSURE      GPRESSURE         VOLUME       PRESSAVG      GPRESSAVG

ENERGY:  100000         0.0000         0.0000         0.0000         0.0000          -5634.6590       402.0045         0.0000         0.0000       914.5665          -4318.0880       290.5498     -5232.6546     -4316.5441       295.7573           -154.9831      -139.2613     22578.7894      -258.9710      -259.0685

WRITING EXTENDED SYSTEM TO RESTART FILE AT STEP 100000
LDB: ============= START OF LOAD BALANCING ============== 138.739
LDB: ============== END OF LOAD BALANCING =============== 138.739
Info: useSync: 0 useProxySync: 0
LDB: =============== DONE WITH MIGRATION ================ 138.74
LDB: ============= START OF LOAD BALANCING ============== 138.81
LDB: Largest compute 143 load 0.011606 is 22.2% of average load 0.052290
LDB: Average compute 0.003679 is 7.0% of average load 0.052290
LDB: TIME 138.81 LOAD: AVG 0.0522901 MAX 0.0561852  PROXIES: TOTAL 24 MAXPE 4 MAXPATCH 6 None MEM: 0.443348 MB
LDB: TIME 138.81 LOAD: AVG 0.0522901 MAX 0.0561852  PROXIES: TOTAL 27 MAXPE 4 MAXPATCH 7 RefineTorusLB MEM: 0.443348 MB
LDB: TIME 138.81 LOAD: AVG 0.0522901 MAX 0.0561852  PROXIES: TOTAL 27 MAXPE 4 MAXPATCH 7 RefineTorusLB MEM: 0.443348 MB
LDB: ============== END OF LOAD BALANCING =============== 138.81
Info: useSync: 0 useProxySync: 0
LDB: =============== DONE WITH MIGRATION ================ 138.811
LDB: ============= START OF LOAD BALANCING ============== 141.292
LDB: ============== END OF LOAD BALANCING =============== 141.292
Info: useSync: 0 useProxySync: 0
LDB: =============== DONE WITH MIGRATION ================ 141.295
LDB: ============= START OF LOAD BALANCING ============== 141.366
LDB: Largest compute 145 load 0.011535 is 22.1% of average load 0.052076
LDB: Average compute 0.003656 is 7.0% of average load 0.052076
LDB: TIME 141.366 LOAD: AVG 0.0520759 MAX 0.0562235  PROXIES: TOTAL 24 MAXPE 4 MAXPATCH 6 None MEM: 0.443348 MB
LDB: TIME 141.366 LOAD: AVG 0.0520759 MAX 0.0562235  PROXIES: TOTAL 27 MAXPE 4 MAXPATCH 7 RefineTorusLB MEM: 0.443348 MB
LDB: TIME 141.366 LOAD: AVG 0.0520759 MAX 0.0562235  PROXIES: TOTAL 27 MAXPE 4 MAXPATCH 7 RefineTorusLB MEM: 0.443348 MB
LDB: ============== END OF LOAD BALANCING =============== 141.366
Info: useSync: 0 useProxySync: 0
LDB: =============== DONE WITH MIGRATION ================ 141.367
LDB: ============= START OF LOAD BALANCING ============== 143.872
LDB: ============== END OF LOAD BALANCING =============== 143.872
Info: useSync: 0 useProxySync: 0
LDB: =============== DONE WITH MIGRATION ================ 143.873
LDB: ============= START OF LOAD BALANCING ============== 143.948
LDB: Largest compute 146 load 0.014527 is 27.7% of average load 0.052527
LDB: Average compute 0.003709 is 7.1% of average load 0.052527
LDB: TIME 143.949 LOAD: AVG 0.0525268 MAX 0.0620286  PROXIES: TOTAL 24 MAXPE 4 MAXPATCH 6 None MEM: 0.443348 MB
LDB: TIME 143.949 LOAD: AVG 0.0525268 MAX 0.0620286  PROXIES: TOTAL 27 MAXPE 4 MAXPATCH 7 RefineTorusLB MEM: 0.443348 MB
LDB: TIME 143.949 LOAD: AVG 0.0525268 MAX 0.0568695  PROXIES: TOTAL 27 MAXPE 4 MAXPATCH 7 RefineTorusLB MEM: 0.443348 MB
LDB: ============== END OF LOAD BALANCING =============== 143.949
Info: useSync: 0 useProxySync: 0
LDB: =============== DONE WITH MIGRATION ================ 143.949
PRESSURE: 105000 359.634 -583.495 173.443 -570.564 47.1227 391.543 187.867 282.385 1483.63
GPRESSURE: 105000 421.698 -410.98 286.395 -599.669 52.6417 19.7323 251.198 319.745 1459.44
PRESSAVG: 105000 -363.455 -18.9692 75.1532 -69.0099 -354.266 5.61591 -10.3011 -2.4577 7.90687
GPRESSAVG: 105000 -363.319 -18.8174 74.9902 -69.02 -354.244 5.47505 -9.87849 -1.84872 7.68622
ENERGY:  105000         0.0000         0.0000         0.0000         0.0000          -5643.7408       440.7615         0.0000         0.0000       926.0633          -4276.9160       294.2022     -5202.9793     -4274.5012       300.2826            630.1288       644.5917     22601.4069      -236.6048      -236.6256

WRITING COORDINATES TO DCD FILE MDequil.dcd AT STEP 105000
LDB: ============= START OF LOAD BALANCING ============== 146.497
LDB: ============== END OF LOAD BALANCING =============== 146.497
Info: useSync: 0 useProxySync: 0
LDB: =============== DONE WITH MIGRATION ================ 146.508
LDB: ============= START OF LOAD BALANCING ============== 146.58
LDB: Largest compute 148 load 0.011849 is 23.4% of average load 0.050615
LDB: Average compute 0.003565 is 7.0% of average load 0.050615
LDB: TIME 146.58 LOAD: AVG 0.0506153 MAX 0.0561004  PROXIES: TOTAL 24 MAXPE 4 MAXPATCH 6 None MEM: 0.443348 MB
LDB: TIME 146.58 LOAD: AVG 0.0506153 MAX 0.0561004  PROXIES: TOTAL 27 MAXPE 4 MAXPATCH 7 RefineTorusLB MEM: 0.443348 MB
LDB: TIME 146.58 LOAD: AVG 0.0506153 MAX 0.0550025  PROXIES: TOTAL 27 MAXPE 4 MAXPATCH 7 RefineTorusLB MEM: 0.443348 MB
LDB: ============== END OF LOAD BALANCING =============== 146.58
Info: useSync: 0 useProxySync: 0
LDB: =============== DONE WITH MIGRATION ================ 146.581
LDB: ============= START OF LOAD BALANCING ============== 149.068
LDB: ============== END OF LOAD BALANCING =============== 149.068
Info: useSync: 0 useProxySync: 0
LDB: =============== DONE WITH MIGRATION ================ 149.068
LDB: ============= START OF LOAD BALANCING ============== 149.144
LDB: Largest compute 6 load 0.011774 is 22.8% of average load 0.051637
LDB: Average compute 0.003639 is 7.0% of average load 0.051637
LDB: TIME 149.144 LOAD: AVG 0.0516371 MAX 0.0572851  PROXIES: TOTAL 24 MAXPE 4 MAXPATCH 6 None MEM: 0.443348 MB
LDB: TIME 149.144 LOAD: AVG 0.0516371 MAX 0.0572851  PROXIES: TOTAL 27 MAXPE 4 MAXPATCH 7 RefineTorusLB MEM: 0.443348 MB
LDB: TIME 149.144 LOAD: AVG 0.0516371 MAX 0.0562911  PROXIES: TOTAL 27 MAXPE 4 MAXPATCH 7 RefineTorusLB MEM: 0.443348 MB
LDB: ============== END OF LOAD BALANCING =============== 149.145
Info: useSync: 0 useProxySync: 0
LDB: =============== DONE WITH MIGRATION ================ 149.145
PRESSURE: 110000 377.046 399.074 386.663 -105.085 -283.487 -100.05 330.17 262.764 -945.663
GPRESSURE: 110000 253.946 380.66 406.81 -322.631 -273.303 -539.524 609.789 198.37 -739.56
PRESSAVG: 110000 -321.02 19.3776 65.0832 44.7146 -321.053 -44.6854 33.0361 -46.435 -6.42934
GPRESSAVG: 110000 -321.269 19.956 65.238 45.1866 -320.725 -45.0593 33.051 -46.4193 -6.33018
ENERGY:  110000         0.0000         0.0000         0.0000         0.0000          -5541.3196       396.9316         0.0000         0.0000       966.9941          -4177.3940       307.2055     -5144.3880     -4173.9869       300.6961           -284.0348      -252.9721     22924.2878      -216.1676      -216.1081

WRITING COORDINATES TO DCD FILE MDequil.dcd AT STEP 110000
LDB: ============= START OF LOAD BALANCING ============== 151.648
LDB: ============== END OF LOAD BALANCING =============== 151.648
Info: useSync: 0 useProxySync: 0
LDB: =============== DONE WITH MIGRATION ================ 151.659
LDB: ============= START OF LOAD BALANCING ============== 151.729
LDB: Largest compute 145 load 0.011986 is 22.8% of average load 0.052569
LDB: Average compute 0.003710 is 7.1% of average load 0.052569
LDB: TIME 151.729 LOAD: AVG 0.0525689 MAX 0.055894  PROXIES: TOTAL 24 MAXPE 4 MAXPATCH 6 None MEM: 0.443348 MB
LDB: TIME 151.729 LOAD: AVG 0.0525689 MAX 0.055894  PROXIES: TOTAL 27 MAXPE 4 MAXPATCH 7 RefineTorusLB MEM: 0.443348 MB
LDB: TIME 151.729 LOAD: AVG 0.0525689 MAX 0.055894  PROXIES: TOTAL 27 MAXPE 4 MAXPATCH 7 RefineTorusLB MEM: 0.443348 MB
LDB: ============== END OF LOAD BALANCING =============== 151.729
Info: useSync: 0 useProxySync: 0
LDB: =============== DONE WITH MIGRATION ================ 151.73
LDB: ============= START OF LOAD BALANCING ============== 154.389
LDB: ============== END OF LOAD BALANCING =============== 154.389
Info: useSync: 0 useProxySync: 0
LDB: =============== DONE WITH MIGRATION ================ 154.389
LDB: ============= START OF LOAD BALANCING ============== 154.46
LDB: Largest compute 148 load 0.012405 is 23.7% of average load 0.052289
LDB: Average compute 0.003649 is 7.0% of average load 0.052289
LDB: TIME 154.46 LOAD: AVG 0.0522889 MAX 0.0581639  PROXIES: TOTAL 24 MAXPE 4 MAXPATCH 6 None MEM: 0.443348 MB
LDB: TIME 154.46 LOAD: AVG 0.0522889 MAX 0.0581639  PROXIES: TOTAL 27 MAXPE 4 MAXPATCH 7 RefineTorusLB MEM: 0.443348 MB
LDB: TIME 154.46 LOAD: AVG 0.0522889 MAX 0.0565581  PROXIES: TOTAL 27 MAXPE 4 MAXPATCH 7 RefineTorusLB MEM: 0.443348 MB
LDB: ============== END OF LOAD BALANCING =============== 154.46
Info: useSync: 0 useProxySync: 0
LDB: =============== DONE WITH MIGRATION ================ 154.46
LDB: ============= START OF LOAD BALANCING ============== 158.859
LDB: ============== END OF LOAD BALANCING =============== 158.86
Info: useSync: 0 useProxySync: 0
LDB: =============== DONE WITH MIGRATION ================ 158.863
LDB: ============= START OF LOAD BALANCING ============== 159.103
LDB: Largest compute 7 load 0.013235 is 25.7% of average load 0.051572
LDB: Average compute 0.003583 is 6.9% of average load 0.051572
LDB: TIME 159.109 LOAD: AVG 0.0515719 MAX 0.0598787  PROXIES: TOTAL 24 MAXPE 4 MAXPATCH 6 None MEM: 0.443348 MB
LDB: TIME 159.11 LOAD: AVG 0.0515719 MAX 0.0598787  PROXIES: TOTAL 27 MAXPE 4 MAXPATCH 7 RefineTorusLB MEM: 0.443348 MB
LDB: TIME 159.11 LOAD: AVG 0.0515719 MAX 0.0561922  PROXIES: TOTAL 27 MAXPE 4 MAXPATCH 7 RefineTorusLB MEM: 0.443348 MB
LDB: ============== END OF LOAD BALANCING =============== 159.115
Info: useSync: 0 useProxySync: 0
LDB: =============== DONE WITH MIGRATION ================ 159.163
WRITING COORDINATES TO DCD FILE MDequil.dcd AT STEP 115000
PRESSURE: 115000 580.638 83.4094 -95.5608 -30.2591 -281.769 172.075 33.5228 513.849 -335.728
GPRESSURE: 115000 630.677 121.693 -175.176 -53.3494 -203.151 -123.232 -155.517 807.899 -380.091
PRESSAVG: 115000 -158.771 57.2735 4.22733 16.3855 -236.024 -5.35237 -47.6001 10.5613 0.0230257
GPRESSAVG: 115000 -158.676 57.1468 4.35372 16.6394 -236.481 -4.98427 -47.6333 10.0518 0.263437
ENERGY:  115000         0.0000         0.0000         0.0000         0.0000          -5517.3217       375.0807         0.0000         0.0000       910.5647          -4231.6762       289.2784     -5142.2410     -4229.6673       304.8270            -12.2866        15.8117     22430.0333      -131.5905      -131.6314

LDB: ============= START OF LOAD BALANCING ============== 171.093
LDB: ============== END OF LOAD BALANCING =============== 171.096
Info: useSync: 0 useProxySync: 0
LDB: =============== DONE WITH MIGRATION ================ 171.108
LDB: ============= START OF LOAD BALANCING ============== 171.388
LDB: Largest compute 6 load 0.013011 is 26.6% of average load 0.048913
LDB: Average compute 0.003394 is 6.9% of average load 0.048913
LDB: TIME 171.389 LOAD: AVG 0.0489131 MAX 0.057805  PROXIES: TOTAL 24 MAXPE 4 MAXPATCH 6 None MEM: 0.443348 MB
LDB: TIME 171.389 LOAD: AVG 0.0489131 MAX 0.057805  PROXIES: TOTAL 27 MAXPE 4 MAXPATCH 7 RefineTorusLB MEM: 0.443348 MB
LDB: TIME 171.389 LOAD: AVG 0.0489131 MAX 0.0532215  PROXIES: TOTAL 28 MAXPE 4 MAXPATCH 7 RefineTorusLB MEM: 0.443348 MB
LDB: ============== END OF LOAD BALANCING =============== 171.391
Info: useSync: 0 useProxySync: 0
LDB: =============== DONE WITH MIGRATION ================ 171.408
LDB: ============= START OF LOAD BALANCING ============== 182.583
LDB: ============== END OF LOAD BALANCING =============== 182.586
Info: useSync: 0 useProxySync: 0
LDB: =============== DONE WITH MIGRATION ================ 182.596
LDB: ============= START OF LOAD BALANCING ============== 182.896
LDB: Largest compute 141 load 0.011039 is 22.5% of average load 0.048956
LDB: Average compute 0.003357 is 6.9% of average load 0.048956
LDB: TIME 182.908 LOAD: AVG 0.0489559 MAX 0.0568219  PROXIES: TOTAL 24 MAXPE 4 MAXPATCH 6 None MEM: 0.443348 MB
LDB: TIME 182.909 LOAD: AVG 0.0489559 MAX 0.0568219  PROXIES: TOTAL 28 MAXPE 4 MAXPATCH 7 RefineTorusLB MEM: 0.443348 MB
LDB: TIME 182.909 LOAD: AVG 0.0489559 MAX 0.0532564  PROXIES: TOTAL 28 MAXPE 4 MAXPATCH 7 RefineTorusLB MEM: 0.443348 MB
LDB: ============== END OF LOAD BALANCING =============== 182.919
Info: useSync: 0 useProxySync: 0
LDB: =============== DONE WITH MIGRATION ================ 182.981
PRESSURE: 120000 -557.03 60.8535 -344.445 11.8411 -207.285 -178.953 -583.784 43.7568 25.0089
GPRESSURE: 120000 -401.526 318.358 -112.201 -219.756 -248.497 -0.911861 -917.022 284.94 -7.42031
PRESSAVG: 120000 -254.654 -6.26676 56.2424 -24.5643 -391.841 21.4322 -0.574192 0.40648 12.5404
GPRESSAVG: 120000 -254.571 -6.14315 56.1353 -24.7645 -391.961 21.4473 -0.49452 0.58594 12.6437
ENERGY:  120000         0.0000         0.0000         0.0000         0.0000          -5529.3936       375.9238         0.0000         0.0000       940.1921          -4213.2777       298.6908     -5153.4698     -4211.4163       298.3495           -246.4352      -219.1475     22708.1812      -211.3182      -211.2963

WRITING COORDINATES TO DCD FILE MDequil.dcd AT STEP 120000
LDB: ============= START OF LOAD BALANCING ============== 194.272
LDB: ============== END OF LOAD BALANCING =============== 194.273
Info: useSync: 0 useProxySync: 0
LDB: =============== DONE WITH MIGRATION ================ 194.277
LDB: ============= START OF LOAD BALANCING ============== 194.58
LDB: Largest compute 148 load 0.011647 is 24.0% of average load 0.048584
LDB: Average compute 0.003364 is 6.9% of average load 0.048584
LDB: TIME 194.585 LOAD: AVG 0.0485845 MAX 0.054694  PROXIES: TOTAL 24 MAXPE 4 MAXPATCH 6 None MEM: 0.443348 MB
LDB: TIME 194.586 LOAD: AVG 0.0485845 MAX 0.054694  PROXIES: TOTAL 28 MAXPE 4 MAXPATCH 7 RefineTorusLB MEM: 0.443348 MB
LDB: TIME 194.586 LOAD: AVG 0.0485845 MAX 0.0524936  PROXIES: TOTAL 28 MAXPE 4 MAXPATCH 7 RefineTorusLB MEM: 0.443348 MB
LDB: ============== END OF LOAD BALANCING =============== 194.591
Info: useSync: 0 useProxySync: 0
LDB: =============== DONE WITH MIGRATION ================ 194.636
LDB: ============= START OF LOAD BALANCING ============== 198.404
LDB: ============== END OF LOAD BALANCING =============== 198.404
Info: useSync: 0 useProxySync: 0
LDB: =============== DONE WITH MIGRATION ================ 198.404
LDB: ============= START OF LOAD BALANCING ============== 198.461
LDB: Largest compute 141 load 0.010913 is 22.6% of average load 0.048321
LDB: Average compute 0.003417 is 7.1% of average load 0.048321
LDB: TIME 198.461 LOAD: AVG 0.0483214 MAX 0.052159  PROXIES: TOTAL 24 MAXPE 4 MAXPATCH 6 None MEM: 0.443348 MB
LDB: TIME 198.461 LOAD: AVG 0.0483214 MAX 0.052159  PROXIES: TOTAL 28 MAXPE 4 MAXPATCH 7 RefineTorusLB MEM: 0.443348 MB
LDB: TIME 198.461 LOAD: AVG 0.0483214 MAX 0.052159  PROXIES: TOTAL 28 MAXPE 4 MAXPATCH 7 RefineTorusLB MEM: 0.443348 MB
LDB: ============== END OF LOAD BALANCING =============== 198.461
Info: useSync: 0 useProxySync: 0
LDB: =============== DONE WITH MIGRATION ================ 198.461
LDB: ============= START OF LOAD BALANCING ============== 200.707
LDB: ============== END OF LOAD BALANCING =============== 200.708
Info: useSync: 0 useProxySync: 0
LDB: =============== DONE WITH MIGRATION ================ 200.708
LDB: ============= START OF LOAD BALANCING ============== 200.766
LDB: Largest compute 141 load 0.010890 is 22.7% of average load 0.047956
LDB: Average compute 0.003386 is 7.1% of average load 0.047956
LDB: TIME 200.766 LOAD: AVG 0.0479558 MAX 0.0530585  PROXIES: TOTAL 24 MAXPE 4 MAXPATCH 6 None MEM: 0.443348 MB
LDB: TIME 200.766 LOAD: AVG 0.0479558 MAX 0.0530585  PROXIES: TOTAL 28 MAXPE 4 MAXPATCH 7 RefineTorusLB MEM: 0.443348 MB
LDB: TIME 200.766 LOAD: AVG 0.0479558 MAX 0.0522385  PROXIES: TOTAL 28 MAXPE 4 MAXPATCH 7 RefineTorusLB MEM: 0.443348 MB
LDB: ============== END OF LOAD BALANCING =============== 200.766
Info: useSync: 0 useProxySync: 0
LDB: =============== DONE WITH MIGRATION ================ 200.766
WRITING COORDINATES TO DCD FILE MDequil.dcd AT STEP 125000
PRESSURE: 125000 383.907 335.133 495.957 298.982 219.689 -330.068 604.168 -308.377 58.1188
GPRESSURE: 125000 400.49 631.592 581.434 325.336 214.696 -769.201 524.807 -233.062 122.497
PRESSAVG: 125000 -349.779 24.185 -15.9353 26.7625 -348.407 1.56757 -10.0496 -11.327 -19.0234
GPRESSAVG: 125000 -349.969 24.233 -15.8296 26.8432 -347.832 1.85794 -10.3561 -11.1751 -19.3457
ENERGY:  125000         0.0000         0.0000         0.0000         0.0000          -5651.7928       432.0907         0.0000         0.0000       917.1020          -4302.6001       291.3552     -5219.7021     -4300.1815       298.2851            220.5716       245.8942     22744.9157      -239.0698      -239.0491

LDB: ============= START OF LOAD BALANCING ============== 202.958
LDB: ============== END OF LOAD BALANCING =============== 202.958
Info: useSync: 0 useProxySync: 0
LDB: =============== DONE WITH MIGRATION ================ 202.958
LDB: ============= START OF LOAD BALANCING ============== 203.014
LDB: Largest compute 145 load 0.011072 is 22.8% of average load 0.048543
LDB: Average compute 0.003434 is 7.1% of average load 0.048543
LDB: TIME 203.015 LOAD: AVG 0.0485429 MAX 0.0513789  PROXIES: TOTAL 24 MAXPE 4 MAXPATCH 6 None MEM: 0.443348 MB
LDB: TIME 203.015 LOAD: AVG 0.0485429 MAX 0.0513789  PROXIES: TOTAL 28 MAXPE 4 MAXPATCH 7 RefineTorusLB MEM: 0.443348 MB
LDB: TIME 203.015 LOAD: AVG 0.0485429 MAX 0.0513789  PROXIES: TOTAL 28 MAXPE 4 MAXPATCH 7 RefineTorusLB MEM: 0.443348 MB
LDB: ============== END OF LOAD BALANCING =============== 203.015
Info: useSync: 0 useProxySync: 0
LDB: =============== DONE WITH MIGRATION ================ 203.015
LDB: ============= START OF LOAD BALANCING ============== 205.453
LDB: ============== END OF LOAD BALANCING =============== 205.453
Info: useSync: 0 useProxySync: 0
LDB: =============== DONE WITH MIGRATION ================ 205.453
LDB: ============= START OF LOAD BALANCING ============== 205.515
LDB: Largest compute 141 load 0.011939 is 22.8% of average load 0.052268
LDB: Average compute 0.003687 is 7.1% of average load 0.052268
LDB: TIME 205.515 LOAD: AVG 0.0522678 MAX 0.056093  PROXIES: TOTAL 24 MAXPE 4 MAXPATCH 6 None MEM: 0.443348 MB
LDB: TIME 205.515 LOAD: AVG 0.0522678 MAX 0.056093  PROXIES: TOTAL 28 MAXPE 4 MAXPATCH 7 RefineTorusLB MEM: 0.443348 MB
LDB: TIME 205.515 LOAD: AVG 0.0522678 MAX 0.056093  PROXIES: TOTAL 28 MAXPE 4 MAXPATCH 7 RefineTorusLB MEM: 0.443348 MB
LDB: ============== END OF LOAD BALANCING =============== 205.515
Info: useSync: 0 useProxySync: 0
LDB: =============== DONE WITH MIGRATION ================ 205.515
WRITING COORDINATES TO DCD FILE MDequil.dcd AT STEP 130000
PRESSURE: 130000 99.9794 -314.987 615.186 -291.696 -228.095 271.926 82.7936 241.972 632.545
GPRESSURE: 130000 62.9967 -386.603 222.946 -294.619 -246.034 38.7041 441.653 469.879 725.43
PRESSAVG: 130000 -339.873 46.6425 31.425 30.9736 -266.144 10.7854 1.48845 -0.528375 -18.3186
GPRESSAVG: 130000 -339.966 46.5039 30.9437 31.3635 -266.434 10.6949 1.45779 -1.08049 -17.9717
ENERGY:  130000         0.0000         0.0000         0.0000         0.0000          -5608.2150       404.2461         0.0000         0.0000       946.0048          -4257.9640       300.5374     -5203.9689     -4256.3178       296.1912            168.1431       180.7975     22612.8992      -208.1118      -208.1241

LDB: ============= START OF LOAD BALANCING ============== 207.933
LDB: ============== END OF LOAD BALANCING =============== 207.933
Info: useSync: 0 useProxySync: 0
LDB: =============== DONE WITH MIGRATION ================ 207.933
LDB: ============= START OF LOAD BALANCING ============== 207.995
LDB: Largest compute 141 load 0.012005 is 22.4% of average load 0.053515
LDB: Average compute 0.003786 is 7.1% of average load 0.053515
LDB: TIME 207.995 LOAD: AVG 0.0535153 MAX 0.0571834  PROXIES: TOTAL 24 MAXPE 4 MAXPATCH 6 None MEM: 0.443348 MB
LDB: TIME 207.995 LOAD: AVG 0.0535153 MAX 0.0571834  PROXIES: TOTAL 28 MAXPE 4 MAXPATCH 7 RefineTorusLB MEM: 0.443348 MB
LDB: TIME 207.995 LOAD: AVG 0.0535153 MAX 0.0571834  PROXIES: TOTAL 28 MAXPE 4 MAXPATCH 7 RefineTorusLB MEM: 0.443348 MB
LDB: ============== END OF LOAD BALANCING =============== 207.995
Info: useSync: 0 useProxySync: 0
LDB: =============== DONE WITH MIGRATION ================ 207.996
LDB: ============= START OF LOAD BALANCING ============== 210.41
LDB: ============== END OF LOAD BALANCING =============== 210.41
Info: useSync: 0 useProxySync: 0
LDB: =============== DONE WITH MIGRATION ================ 210.41
LDB: ============= START OF LOAD BALANCING ============== 210.473
LDB: Largest compute 5 load 0.012295 is 22.9% of average load 0.053652
LDB: Average compute 0.003795 is 7.1% of average load 0.053652
LDB: TIME 210.473 LOAD: AVG 0.0536524 MAX 0.0569504  PROXIES: TOTAL 24 MAXPE 4 MAXPATCH 6 None MEM: 0.443348 MB
LDB: TIME 210.473 LOAD: AVG 0.0536524 MAX 0.0569504  PROXIES: TOTAL 28 MAXPE 4 MAXPATCH 7 RefineTorusLB MEM: 0.443348 MB
LDB: TIME 210.473 LOAD: AVG 0.0536524 MAX 0.0569504  PROXIES: TOTAL 28 MAXPE 4 MAXPATCH 7 RefineTorusLB MEM: 0.443348 MB
LDB: ============== END OF LOAD BALANCING =============== 210.473
Info: useSync: 0 useProxySync: 0
LDB: =============== DONE WITH MIGRATION ================ 210.473
LDB: ============= START OF LOAD BALANCING ============== 212.904
LDB: ============== END OF LOAD BALANCING =============== 212.904
Info: useSync: 0 useProxySync: 0
LDB: =============== DONE WITH MIGRATION ================ 212.904
LDB: ============= START OF LOAD BALANCING ============== 212.967
LDB: Largest compute 142 load 0.012097 is 22.5% of average load 0.053845
LDB: Average compute 0.003810 is 7.1% of average load 0.053845
LDB: TIME 212.967 LOAD: AVG 0.0538447 MAX 0.0574346  PROXIES: TOTAL 24 MAXPE 4 MAXPATCH 6 None MEM: 0.443348 MB
LDB: TIME 212.967 LOAD: AVG 0.0538447 MAX 0.0574346  PROXIES: TOTAL 28 MAXPE 4 MAXPATCH 7 RefineTorusLB MEM: 0.443348 MB
LDB: TIME 212.967 LOAD: AVG 0.0538447 MAX 0.0574346  PROXIES: TOTAL 28 MAXPE 4 MAXPATCH 7 RefineTorusLB MEM: 0.443348 MB
LDB: ============== END OF LOAD BALANCING =============== 212.967
Info: useSync: 0 useProxySync: 0
LDB: =============== DONE WITH MIGRATION ================ 212.968
WRITING COORDINATES TO DCD FILE MDequil.dcd AT STEP 135000
PRESSURE: 135000 -466.358 76.6781 -62.9146 71.5544 -1216.23 -3.80059 6.8723 -198.596 -419.417
GPRESSURE: 135000 -551.963 33.9757 -87.1474 304.099 -1005.47 -131.038 -69.2494 25.0575 -490.981
PRESSAVG: 135000 -332.585 21.9502 14.4886 47.6342 -344.687 -0.330967 55.3344 -19.1133 10.4002
GPRESSAVG: 135000 -332.325 22.2113 14.5795 47.5585 -344.71 0.012356 55.2884 -18.5189 10.1938
ENERGY:  135000         0.0000         0.0000         0.0000         0.0000          -5550.9526       366.0559         0.0000         0.0000       917.2276          -4267.6691       291.3951     -5184.8967     -4265.6895       297.2184           -700.6675      -682.8060     23024.2381      -222.2905      -222.2805

LDB: ============= START OF LOAD BALANCING ============== 215.553
LDB: ============== END OF LOAD BALANCING =============== 215.553
Info: useSync: 0 useProxySync: 0
LDB: =============== DONE WITH MIGRATION ================ 215.553
LDB: ============= START OF LOAD BALANCING ============== 215.617
LDB: Largest compute 5 load 0.012919 is 24.1% of average load 0.053705
LDB: Average compute 0.003803 is 7.1% of average load 0.053705
LDB: TIME 215.617 LOAD: AVG 0.0537046 MAX 0.0589574  PROXIES: TOTAL 24 MAXPE 4 MAXPATCH 6 None MEM: 0.443348 MB
LDB: TIME 215.618 LOAD: AVG 0.0537046 MAX 0.0589574  PROXIES: TOTAL 28 MAXPE 4 MAXPATCH 7 RefineTorusLB MEM: 0.443348 MB
LDB: TIME 215.618 LOAD: AVG 0.0537046 MAX 0.0584502  PROXIES: TOTAL 28 MAXPE 4 MAXPATCH 7 RefineTorusLB MEM: 0.443348 MB
LDB: ============== END OF LOAD BALANCING =============== 215.618
Info: useSync: 0 useProxySync: 0
LDB: =============== DONE WITH MIGRATION ================ 215.618
LDB: ============= START OF LOAD BALANCING ============== 218.1
LDB: ============== END OF LOAD BALANCING =============== 218.1
Info: useSync: 0 useProxySync: 0
LDB: =============== DONE WITH MIGRATION ================ 218.1
LDB: ============= START OF LOAD BALANCING ============== 218.165
LDB: Largest compute 148 load 0.012010 is 22.4% of average load 0.053712
LDB: Average compute 0.003795 is 7.1% of average load 0.053712
LDB: TIME 218.165 LOAD: AVG 0.0537123 MAX 0.0565289  PROXIES: TOTAL 24 MAXPE 4 MAXPATCH 6 None MEM: 0.443348 MB
LDB: TIME 218.165 LOAD: AVG 0.0537123 MAX 0.0565289  PROXIES: TOTAL 28 MAXPE 4 MAXPATCH 7 RefineTorusLB MEM: 0.443348 MB
LDB: TIME 218.165 LOAD: AVG 0.0537123 MAX 0.0565289  PROXIES: TOTAL 28 MAXPE 4 MAXPATCH 7 RefineTorusLB MEM: 0.443348 MB
LDB: ============== END OF LOAD BALANCING =============== 218.165
Info: useSync: 0 useProxySync: 0
LDB: =============== DONE WITH MIGRATION ================ 218.165
WRITING COORDINATES TO DCD FILE MDequil.dcd AT STEP 140000
PRESSURE: 140000 -799.594 401.857 155.728 384.014 -494.26 140.469 -47.1911 328.639 -531.188
GPRESSURE: 140000 -761.029 242.797 270.655 511.063 -460.408 347.015 -248.813 296.212 -545.415
PRESSAVG: 140000 -308.473 -7.68678 7.97368 -24.1926 -228.939 -13.8096 -12.0147 4.34801 0.635447
GPRESSAVG: 140000 -308.376 -7.91838 8.1772 -24.0197 -228.964 -14.009 -12.0371 3.96589 0.739753
ENERGY:  140000         0.0000         0.0000         0.0000         0.0000          -5632.1432       384.5217         0.0000         0.0000       934.1260          -4313.4955       296.7636     -5247.6215     -4312.8997       301.0452           -608.3476      -588.9506     22690.4593      -178.9256      -178.8666

LDB: ============= START OF LOAD BALANCING ============== 220.669
LDB: ============== END OF LOAD BALANCING =============== 220.669
Info: useSync: 0 useProxySync: 0
LDB: =============== DONE WITH MIGRATION ================ 220.669
LDB: ============= START OF LOAD BALANCING ============== 220.733
LDB: Largest compute 144 load 0.011883 is 22.4% of average load 0.052996
LDB: Average compute 0.003739 is 7.1% of average load 0.052996
LDB: TIME 220.733 LOAD: AVG 0.0529957 MAX 0.0573838  PROXIES: TOTAL 24 MAXPE 4 MAXPATCH 6 None MEM: 0.443348 MB
LDB: TIME 220.733 LOAD: AVG 0.0529957 MAX 0.0573838  PROXIES: TOTAL 28 MAXPE 4 MAXPATCH 7 RefineTorusLB MEM: 0.443348 MB
LDB: TIME 220.733 LOAD: AVG 0.0529957 MAX 0.0573838  PROXIES: TOTAL 28 MAXPE 4 MAXPATCH 7 RefineTorusLB MEM: 0.443348 MB
LDB: ============== END OF LOAD BALANCING =============== 220.733
Info: useSync: 0 useProxySync: 0
LDB: =============== DONE WITH MIGRATION ================ 220.734
LDB: ============= START OF LOAD BALANCING ============== 223.215
LDB: ============== END OF LOAD BALANCING =============== 223.215
Info: useSync: 0 useProxySync: 0
LDB: =============== DONE WITH MIGRATION ================ 223.215
LDB: ============= START OF LOAD BALANCING ============== 223.278
LDB: Largest compute 142 load 0.013170 is 24.9% of average load 0.052983
LDB: Average compute 0.003738 is 7.1% of average load 0.052983
LDB: TIME 223.278 LOAD: AVG 0.0529826 MAX 0.0580056  PROXIES: TOTAL 24 MAXPE 4 MAXPATCH 6 None MEM: 0.443348 MB
LDB: TIME 223.278 LOAD: AVG 0.0529826 MAX 0.0580056  PROXIES: TOTAL 28 MAXPE 4 MAXPATCH 7 RefineTorusLB MEM: 0.443348 MB
LDB: TIME 223.278 LOAD: AVG 0.0529826 MAX 0.0577539  PROXIES: TOTAL 28 MAXPE 4 MAXPATCH 7 RefineTorusLB MEM: 0.443348 MB
LDB: ============== END OF LOAD BALANCING =============== 223.278
Info: useSync: 0 useProxySync: 0
LDB: =============== DONE WITH MIGRATION ================ 223.278
LDB: ============= START OF LOAD BALANCING ============== 225.734
LDB: ============== END OF LOAD BALANCING =============== 225.734
Info: useSync: 0 useProxySync: 0
LDB: =============== DONE WITH MIGRATION ================ 225.734
LDB: ============= START OF LOAD BALANCING ============== 225.797
LDB: Largest compute 141 load 0.012179 is 23.0% of average load 0.052996
LDB: Average compute 0.003748 is 7.1% of average load 0.052996
LDB: TIME 225.797 LOAD: AVG 0.0529965 MAX 0.0571768  PROXIES: TOTAL 24 MAXPE 4 MAXPATCH 6 None MEM: 0.443348 MB
LDB: TIME 225.797 LOAD: AVG 0.0529965 MAX 0.0571768  PROXIES: TOTAL 28 MAXPE 4 MAXPATCH 7 RefineTorusLB MEM: 0.443348 MB
LDB: TIME 225.797 LOAD: AVG 0.0529965 MAX 0.0571768  PROXIES: TOTAL 28 MAXPE 4 MAXPATCH 7 RefineTorusLB MEM: 0.443348 MB
LDB: ============== END OF LOAD BALANCING =============== 225.797
Info: useSync: 0 useProxySync: 0
LDB: =============== DONE WITH MIGRATION ================ 225.798
WRITING COORDINATES TO DCD FILE MDequil.dcd AT STEP 145000
PRESSURE: 145000 -309.802 165.215 -1002.72 60.5502 -176.851 -333.151 -907.475 -330.606 -565.48
GPRESSURE: 145000 -97.3989 225.739 -1047.19 43.4707 -357.897 -164.31 -909.064 -402.921 -508.037
PRESSAVG: 145000 -249.806 -34.305 35.4943 11.5686 -309.151 -17.2694 35.1888 -17.8186 3.92305
GPRESSAVG: 145000 -250.033 -34.2848 35.1967 11.2984 -309.004 -17.0568 35.1009 -17.8453 3.99466
ENERGY:  145000         0.0000         0.0000         0.0000         0.0000          -5538.3350       361.0526         0.0000         0.0000       943.3207          -4233.9617       299.6847     -5177.2824     -4231.4823       299.1189           -350.7109      -321.1109     22591.0992      -185.0115      -185.0141

LDB: ============= START OF LOAD BALANCING ============== 228.414
LDB: ============== END OF LOAD BALANCING =============== 228.414
Info: useSync: 0 useProxySync: 0
LDB: =============== DONE WITH MIGRATION ================ 228.414
LDB: ============= START OF LOAD BALANCING ============== 228.478
LDB: Largest compute 148 load 0.012955 is 24.5% of average load 0.052934
LDB: Average compute 0.003724 is 7.0% of average load 0.052934
LDB: TIME 228.478 LOAD: AVG 0.0529338 MAX 0.0578718  PROXIES: TOTAL 24 MAXPE 4 MAXPATCH 6 None MEM: 0.443348 MB
LDB: TIME 228.478 LOAD: AVG 0.0529338 MAX 0.0578718  PROXIES: TOTAL 28 MAXPE 4 MAXPATCH 7 RefineTorusLB MEM: 0.443348 MB
LDB: TIME 228.478 LOAD: AVG 0.0529338 MAX 0.057387  PROXIES: TOTAL 27 MAXPE 4 MAXPATCH 7 RefineTorusLB MEM: 0.443348 MB
LDB: ============== END OF LOAD BALANCING =============== 228.478
Info: useSync: 0 useProxySync: 0
LDB: =============== DONE WITH MIGRATION ================ 228.478
LDB: ============= START OF LOAD BALANCING ============== 230.94
LDB: ============== END OF LOAD BALANCING =============== 230.94
Info: useSync: 0 useProxySync: 0
LDB: =============== DONE WITH MIGRATION ================ 230.941
LDB: ============= START OF LOAD BALANCING ============== 231.005
LDB: Largest compute 7 load 0.012697 is 24.1% of average load 0.052611
LDB: Average compute 0.003708 is 7.0% of average load 0.052611
LDB: TIME 231.005 LOAD: AVG 0.0526109 MAX 0.060665  PROXIES: TOTAL 24 MAXPE 4 MAXPATCH 6 None MEM: 0.443348 MB
LDB: TIME 231.005 LOAD: AVG 0.0526109 MAX 0.060665  PROXIES: TOTAL 27 MAXPE 4 MAXPATCH 7 RefineTorusLB MEM: 0.443348 MB
LDB: TIME 231.005 LOAD: AVG 0.0526109 MAX 0.0569906  PROXIES: TOTAL 27 MAXPE 4 MAXPATCH 7 RefineTorusLB MEM: 0.443348 MB
LDB: ============== END OF LOAD BALANCING =============== 231.005
Info: useSync: 0 useProxySync: 0
LDB: =============== DONE WITH MIGRATION ================ 231.005
WRITING COORDINATES TO DCD FILE MDequil.dcd AT STEP 150000
WRITING COORDINATES TO RESTART FILE AT STEP 150000
FINISHED WRITING RESTART COORDINATES
PRESSURE: 150000 -1077.67 -29.1986 39.8505 212.793 -522.64 86.5989 39.4327 -9.54845 -3.03671
GPRESSURE: 150000 -965.431 171.781 -16.999 116.826 -489.804 110.827 -263.98 245.737 -80.1709
PRESSAVG: 150000 -412.922 17.8152 -15.723 -18.8677 -423.555 -0.279929 -49.0739 7.96197 -7.81144
GPRESSAVG: 150000 -413.007 17.5468 -15.5719 -18.781 -423.449 -0.609548 -49.2448 7.77084 -7.80614
TIMING: 150000  CPU: 218.967, 0.00184634/step  Wall: 221.755, 0.00189485/step, 0.184222 hours remaining, 0.443348 MB of memory in use.
PERFORMANCE: 150000  averaging 116.89 ns/day, 0.00147831 sec/step with standard deviation 0.000362338
ETITLE:      TS           BOND          ANGLE          DIHED          IMPRP               ELECT            VDW       BOUNDARY           MISC        KINETIC               TOTAL           TEMP      POTENTIAL         TOTAL3        TEMPAVG            PRESSURE      GPRESSURE         VOLUME       PRESSAVG      GPRESSAVG

ENERGY:  150000         0.0000         0.0000         0.0000         0.0000          -5591.4886       388.9895         0.0000         0.0000       902.6667          -4299.8324       286.7693     -5202.4991     -4298.4810       301.8505           -534.4494      -511.8021     22929.8805      -281.4295      -281.4207

WRITING EXTENDED SYSTEM TO RESTART FILE AT STEP 150000
WRITING VELOCITIES TO RESTART FILE AT STEP 150000
FINISHED WRITING RESTART VELOCITIES
The last velocity output (seq=150000) takes 0.000 seconds, 0.443 MB of memory in use
LDB: ============= START OF LOAD BALANCING ============== 233.476
LDB: ============== END OF LOAD BALANCING =============== 233.476
Info: useSync: 0 useProxySync: 0
LDB: =============== DONE WITH MIGRATION ================ 233.476
LDB: ============= START OF LOAD BALANCING ============== 233.539
LDB: Largest compute 147 load 0.011745 is 22.3% of average load 0.052731
LDB: Average compute 0.003714 is 7.0% of average load 0.052731
LDB: TIME 233.539 LOAD: AVG 0.0527307 MAX 0.0569768  PROXIES: TOTAL 24 MAXPE 4 MAXPATCH 6 None MEM: 0.443348 MB
LDB: TIME 233.539 LOAD: AVG 0.0527307 MAX 0.0569768  PROXIES: TOTAL 27 MAXPE 4 MAXPATCH 7 RefineTorusLB MEM: 0.443348 MB
LDB: TIME 233.539 LOAD: AVG 0.0527307 MAX 0.0569768  PROXIES: TOTAL 27 MAXPE 4 MAXPATCH 7 RefineTorusLB MEM: 0.443348 MB
LDB: ============== END OF LOAD BALANCING =============== 233.539
Info: useSync: 0 useProxySync: 0
LDB: =============== DONE WITH MIGRATION ================ 233.539
LDB: ============= START OF LOAD BALANCING ============== 236.047
LDB: ============== END OF LOAD BALANCING =============== 236.047
Info: useSync: 0 useProxySync: 0
LDB: =============== DONE WITH MIGRATION ================ 236.047
LDB: ============= START OF LOAD BALANCING ============== 236.111
LDB: Largest compute 147 load 0.011922 is 22.4% of average load 0.053223
LDB: Average compute 0.003756 is 7.1% of average load 0.053223
LDB: TIME 236.111 LOAD: AVG 0.0532234 MAX 0.0577295  PROXIES: TOTAL 24 MAXPE 4 MAXPATCH 6 None MEM: 0.443348 MB
LDB: TIME 236.111 LOAD: AVG 0.0532234 MAX 0.0577295  PROXIES: TOTAL 27 MAXPE 4 MAXPATCH 7 RefineTorusLB MEM: 0.443348 MB
LDB: TIME 236.111 LOAD: AVG 0.0532234 MAX 0.0577295  PROXIES: TOTAL 27 MAXPE 4 MAXPATCH 7 RefineTorusLB MEM: 0.443348 MB
LDB: ============== END OF LOAD BALANCING =============== 236.111
Info: useSync: 0 useProxySync: 0
LDB: =============== DONE WITH MIGRATION ================ 236.111
LDB: ============= START OF LOAD BALANCING ============== 238.618
LDB: ============== END OF LOAD BALANCING =============== 238.618
Info: useSync: 0 useProxySync: 0
LDB: =============== DONE WITH MIGRATION ================ 238.618
LDB: ============= START OF LOAD BALANCING ============== 238.684
LDB: Largest compute 145 load 0.012642 is 23.7% of average load 0.053328
LDB: Average compute 0.003762 is 7.1% of average load 0.053328
LDB: TIME 238.684 LOAD: AVG 0.0533276 MAX 0.0600866  PROXIES: TOTAL 24 MAXPE 4 MAXPATCH 6 None MEM: 0.443348 MB
LDB: TIME 238.684 LOAD: AVG 0.0533276 MAX 0.0600866  PROXIES: TOTAL 27 MAXPE 4 MAXPATCH 7 RefineTorusLB MEM: 0.443348 MB
LDB: TIME 238.684 LOAD: AVG 0.0533276 MAX 0.0580804  PROXIES: TOTAL 27 MAXPE 4 MAXPATCH 7 RefineTorusLB MEM: 0.443348 MB
LDB: ============== END OF LOAD BALANCING =============== 238.684
Info: useSync: 0 useProxySync: 0
LDB: =============== DONE WITH MIGRATION ================ 238.685
WRITING COORDINATES TO DCD FILE MDequil.dcd AT STEP 155000
PRESSURE: 155000 -1229.94 38.3524 314.005 -113.178 153.198 -825.426 550.24 -759.183 -614.733
GPRESSURE: 155000 -1102.01 68.5578 520.77 -344.681 182.187 -625.436 455.737 -930.244 -703.621
PRESSAVG: 155000 -317.623 -2.02123 -78.3181 24.1841 -342.275 -26.5446 -36.3011 -49.7771 -7.085
GPRESSAVG: 155000 -317.792 -1.97851 -78.9432 23.7058 -342.008 -26.7707 -36.1899 -49.988 -6.85926
ENERGY:  155000         0.0000         0.0000         0.0000         0.0000          -5571.9229       362.9273         0.0000         0.0000       925.0003          -4283.9953       293.8645     -5208.9956     -4281.9447       298.9464           -563.8266      -541.1483     22550.5721      -222.3277      -222.2199

LDB: ============= START OF LOAD BALANCING ============== 241.188
LDB: ============== END OF LOAD BALANCING =============== 241.188
Info: useSync: 0 useProxySync: 0
LDB: =============== DONE WITH MIGRATION ================ 241.189
LDB: ============= START OF LOAD BALANCING ============== 241.253
LDB: Largest compute 5 load 0.012297 is 22.8% of average load 0.053929
LDB: Average compute 0.003815 is 7.1% of average load 0.053929
LDB: TIME 241.253 LOAD: AVG 0.0539292 MAX 0.057353  PROXIES: TOTAL 24 MAXPE 4 MAXPATCH 6 None MEM: 0.443348 MB
LDB: TIME 241.253 LOAD: AVG 0.0539292 MAX 0.057353  PROXIES: TOTAL 27 MAXPE 4 MAXPATCH 7 RefineTorusLB MEM: 0.443348 MB
LDB: TIME 241.253 LOAD: AVG 0.0539292 MAX 0.057353  PROXIES: TOTAL 27 MAXPE 4 MAXPATCH 7 RefineTorusLB MEM: 0.443348 MB
LDB: ============== END OF LOAD BALANCING =============== 241.253
Info: useSync: 0 useProxySync: 0
LDB: =============== DONE WITH MIGRATION ================ 241.253
LDB: ============= START OF LOAD BALANCING ============== 243.741
LDB: ============== END OF LOAD BALANCING =============== 243.742
Info: useSync: 0 useProxySync: 0
LDB: =============== DONE WITH MIGRATION ================ 243.742
LDB: ============= START OF LOAD BALANCING ============== 243.83
LDB: Largest compute 65 load 0.017230 is 31.5% of average load 0.054774
LDB: Average compute 0.003861 is 7.0% of average load 0.054774
LDB: TIME 243.83 LOAD: AVG 0.0547738 MAX 0.0683671  PROXIES: TOTAL 24 MAXPE 4 MAXPATCH 6 None MEM: 0.443348 MB
LDB: TIME 243.83 LOAD: AVG 0.0547738 MAX 0.0683671  PROXIES: TOTAL 27 MAXPE 4 MAXPATCH 7 RefineTorusLB MEM: 0.443348 MB
LDB: TIME 243.83 LOAD: AVG 0.0547738 MAX 0.0597381  PROXIES: TOTAL 27 MAXPE 4 MAXPATCH 7 RefineTorusLB MEM: 0.443348 MB
LDB: ============== END OF LOAD BALANCING =============== 243.83
Info: useSync: 0 useProxySync: 0
LDB: =============== DONE WITH MIGRATION ================ 243.832
WRITING COORDINATES TO DCD FILE MDequil.dcd AT STEP 160000
PRESSURE: 160000 -928.5 156.662 59.5805 418.643 125.733 178.652 -110.736 62.4471 -815.032
GPRESSURE: 160000 -784.611 258.609 216.877 182.991 113.403 333.378 -285.274 -86.6808 -886.355
PRESSAVG: 160000 -459.997 21.896 57.421 44.3207 -475.402 -77.216 66.3162 -34.4777 -11.7861
GPRESSAVG: 160000 -459.918 21.5837 57.7816 44.5731 -475.218 -77.2941 66.0402 -33.7963 -11.7769
ENERGY:  160000         0.0000         0.0000         0.0000         0.0000          -5604.7029       377.8466         0.0000         0.0000       912.3423          -4314.5140       289.8431     -5226.8563     -4312.6525       295.0761           -539.2664      -519.1878     22661.6877      -315.7282      -315.6376

LDB: ============= START OF LOAD BALANCING ============== 246.46
LDB: ============== END OF LOAD BALANCING =============== 246.46
Info: useSync: 0 useProxySync: 0
LDB: =============== DONE WITH MIGRATION ================ 246.46
LDB: ============= START OF LOAD BALANCING ============== 246.524
LDB: Largest compute 6 load 0.012935 is 24.2% of average load 0.053375
LDB: Average compute 0.003768 is 7.1% of average load 0.053375
LDB: TIME 246.524 LOAD: AVG 0.0533753 MAX 0.0592067  PROXIES: TOTAL 24 MAXPE 4 MAXPATCH 6 None MEM: 0.443348 MB
LDB: TIME 246.524 LOAD: AVG 0.0533753 MAX 0.0592067  PROXIES: TOTAL 27 MAXPE 4 MAXPATCH 7 RefineTorusLB MEM: 0.443348 MB
LDB: TIME 246.524 LOAD: AVG 0.0533753 MAX 0.0582115  PROXIES: TOTAL 27 MAXPE 4 MAXPATCH 7 RefineTorusLB MEM: 0.443348 MB
LDB: ============== END OF LOAD BALANCING =============== 246.524
Info: useSync: 0 useProxySync: 0
LDB: =============== DONE WITH MIGRATION ================ 246.525
LDB: ============= START OF LOAD BALANCING ============== 249.04
LDB: ============== END OF LOAD BALANCING =============== 249.04
Info: useSync: 0 useProxySync: 0
LDB: =============== DONE WITH MIGRATION ================ 249.041
LDB: ============= START OF LOAD BALANCING ============== 249.104
LDB: Largest compute 147 load 0.012362 is 23.2% of average load 0.053207
LDB: Average compute 0.003752 is 7.1% of average load 0.053207
LDB: TIME 249.104 LOAD: AVG 0.0532067 MAX 0.0571618  PROXIES: TOTAL 24 MAXPE 4 MAXPATCH 6 None MEM: 0.443348 MB
LDB: TIME 249.104 LOAD: AVG 0.0532067 MAX 0.0571618  PROXIES: TOTAL 27 MAXPE 4 MAXPATCH 7 RefineTorusLB MEM: 0.443348 MB
LDB: TIME 249.104 LOAD: AVG 0.0532067 MAX 0.0571618  PROXIES: TOTAL 27 MAXPE 4 MAXPATCH 7 RefineTorusLB MEM: 0.443348 MB
LDB: ============== END OF LOAD BALANCING =============== 249.104
Info: useSync: 0 useProxySync: 0
LDB: =============== DONE WITH MIGRATION ================ 249.105
LDB: ============= START OF LOAD BALANCING ============== 251.574
LDB: ============== END OF LOAD BALANCING =============== 251.574
Info: useSync: 0 useProxySync: 0
LDB: =============== DONE WITH MIGRATION ================ 251.574
LDB: ============= START OF LOAD BALANCING ============== 251.637
LDB: Largest compute 5 load 0.012059 is 23.1% of average load 0.052101
LDB: Average compute 0.003666 is 7.0% of average load 0.052101
LDB: TIME 251.637 LOAD: AVG 0.0521013 MAX 0.0566125  PROXIES: TOTAL 24 MAXPE 4 MAXPATCH 6 None MEM: 0.443348 MB
LDB: TIME 251.637 LOAD: AVG 0.0521013 MAX 0.0566125  PROXIES: TOTAL 27 MAXPE 4 MAXPATCH 7 RefineTorusLB MEM: 0.443348 MB
LDB: TIME 251.637 LOAD: AVG 0.0521013 MAX 0.0566125  PROXIES: TOTAL 27 MAXPE 4 MAXPATCH 7 RefineTorusLB MEM: 0.443348 MB
LDB: ============== END OF LOAD BALANCING =============== 251.637
Info: useSync: 0 useProxySync: 0
LDB: =============== DONE WITH MIGRATION ================ 251.637
WRITING COORDINATES TO DCD FILE MDequil.dcd AT STEP 165000
PRESSURE: 165000 -298.79 -129.961 449.046 60.0803 -334.496 -102.705 -17.1763 47.8823 -25.9938
GPRESSURE: 165000 -281.99 78.1448 252.031 -227.886 -224.041 91.5434 379.327 -199.57 -94.5119
PRESSAVG: 165000 -304.537 2.73048 2.92269 -14.515 -406.436 -30.4055 -43.79 -107.09 21.7655
GPRESSAVG: 165000 -304.695 3.19309 2.98698 -14.7257 -406.423 -29.8841 -43.3104 -107.521 21.5447
ENERGY:  165000         0.0000         0.0000         0.0000         0.0000          -5639.9865       402.8347         0.0000         0.0000       935.3133          -4301.8386       297.1408     -5237.1519     -4299.4738       296.3276           -219.7602      -200.1810     22685.4953      -229.7360      -229.8577

LDB: ============= START OF LOAD BALANCING ============== 254.112
LDB: ============== END OF LOAD BALANCING =============== 254.112
Info: useSync: 0 useProxySync: 0
LDB: =============== DONE WITH MIGRATION ================ 254.112
LDB: ============= START OF LOAD BALANCING ============== 254.175
LDB: Largest compute 5 load 0.011765 is 22.3% of average load 0.052842
LDB: Average compute 0.003721 is 7.0% of average load 0.052842
LDB: TIME 254.175 LOAD: AVG 0.0528423 MAX 0.0571625  PROXIES: TOTAL 24 MAXPE 4 MAXPATCH 6 None MEM: 0.443348 MB
LDB: TIME 254.175 LOAD: AVG 0.0528423 MAX 0.0571625  PROXIES: TOTAL 27 MAXPE 4 MAXPATCH 7 RefineTorusLB MEM: 0.443348 MB
LDB: TIME 254.175 LOAD: AVG 0.0528423 MAX 0.0571625  PROXIES: TOTAL 27 MAXPE 4 MAXPATCH 7 RefineTorusLB MEM: 0.443348 MB
LDB: ============== END OF LOAD BALANCING =============== 254.175
Info: useSync: 0 useProxySync: 0
LDB: =============== DONE WITH MIGRATION ================ 254.175
LDB: ============= START OF LOAD BALANCING ============== 256.67
LDB: ============== END OF LOAD BALANCING =============== 256.671
Info: useSync: 0 useProxySync: 0
LDB: =============== DONE WITH MIGRATION ================ 256.671
LDB: ============= START OF LOAD BALANCING ============== 256.735
LDB: Largest compute 147 load 0.012673 is 23.8% of average load 0.053329
LDB: Average compute 0.003762 is 7.1% of average load 0.053329
LDB: TIME 256.735 LOAD: AVG 0.053329 MAX 0.0587633  PROXIES: TOTAL 24 MAXPE 4 MAXPATCH 6 None MEM: 0.443348 MB
LDB: TIME 256.735 LOAD: AVG 0.053329 MAX 0.0587633  PROXIES: TOTAL 27 MAXPE 4 MAXPATCH 7 RefineTorusLB MEM: 0.443348 MB
LDB: TIME 256.735 LOAD: AVG 0.053329 MAX 0.0581361  PROXIES: TOTAL 27 MAXPE 4 MAXPATCH 7 RefineTorusLB MEM: 0.443348 MB
LDB: ============== END OF LOAD BALANCING =============== 256.735
Info: useSync: 0 useProxySync: 0
LDB: =============== DONE WITH MIGRATION ================ 256.735
WRITING COORDINATES TO DCD FILE MDequil.dcd AT STEP 170000
PRESSURE: 170000 257.021 135.565 -40.6289 718.776 295.588 -452.574 -318.785 -116.618 603.496
GPRESSURE: 170000 209.016 -222.911 -185.965 746.533 404.366 -314.953 -262.204 -201.728 622.138
PRESSAVG: 170000 -297.983 4.0164 -25.2022 17.598 -400.192 27.5259 4.29678 -49.3406 2.03242
GPRESSAVG: 170000 -297.991 3.33347 -25.5206 18.121 -400.142 27.7628 4.36767 -48.8993 2.373
ENERGY:  170000         0.0000         0.0000         0.0000         0.0000          -5663.8324       434.2725         0.0000         0.0000       944.0874          -4285.4726       299.9283     -5229.5600     -4283.4387       300.0407            385.3685       411.8399     22695.5584      -232.0474      -231.9200

LDB: ============= START OF LOAD BALANCING ============== 259.223
LDB: ============== END OF LOAD BALANCING =============== 259.223
Info: useSync: 0 useProxySync: 0
LDB: =============== DONE WITH MIGRATION ================ 259.223
LDB: ============= START OF LOAD BALANCING ============== 259.287
LDB: Largest compute 147 load 0.012131 is 22.7% of average load 0.053557
LDB: Average compute 0.003779 is 7.1% of average load 0.053557
LDB: TIME 259.287 LOAD: AVG 0.0535573 MAX 0.0587317  PROXIES: TOTAL 24 MAXPE 4 MAXPATCH 6 None MEM: 0.443348 MB
LDB: TIME 259.287 LOAD: AVG 0.0535573 MAX 0.0587317  PROXIES: TOTAL 27 MAXPE 4 MAXPATCH 7 RefineTorusLB MEM: 0.443348 MB
LDB: TIME 259.287 LOAD: AVG 0.0535573 MAX 0.0582179  PROXIES: TOTAL 27 MAXPE 4 MAXPATCH 7 RefineTorusLB MEM: 0.443348 MB
LDB: ============== END OF LOAD BALANCING =============== 259.287
Info: useSync: 0 useProxySync: 0
LDB: =============== DONE WITH MIGRATION ================ 259.287
LDB: ============= START OF LOAD BALANCING ============== 261.778
LDB: ============== END OF LOAD BALANCING =============== 261.778
Info: useSync: 0 useProxySync: 0
LDB: =============== DONE WITH MIGRATION ================ 261.778
LDB: ============= START OF LOAD BALANCING ============== 261.843
LDB: Largest compute 148 load 0.012256 is 22.8% of average load 0.053868
LDB: Average compute 0.003809 is 7.1% of average load 0.053868
LDB: TIME 261.843 LOAD: AVG 0.0538677 MAX 0.0592023  PROXIES: TOTAL 24 MAXPE 4 MAXPATCH 6 None MEM: 0.443348 MB
LDB: TIME 261.843 LOAD: AVG 0.0538677 MAX 0.0592023  PROXIES: TOTAL 27 MAXPE 4 MAXPATCH 7 RefineTorusLB MEM: 0.443348 MB
LDB: TIME 261.843 LOAD: AVG 0.0538677 MAX 0.0586961  PROXIES: TOTAL 27 MAXPE 4 MAXPATCH 7 RefineTorusLB MEM: 0.443348 MB
LDB: ============== END OF LOAD BALANCING =============== 261.843
Info: useSync: 0 useProxySync: 0
LDB: =============== DONE WITH MIGRATION ================ 261.843
LDB: ============= START OF LOAD BALANCING ============== 264.338
LDB: ============== END OF LOAD BALANCING =============== 264.339
Info: useSync: 0 useProxySync: 0
LDB: =============== DONE WITH MIGRATION ================ 264.339
LDB: ============= START OF LOAD BALANCING ============== 264.403
LDB: Largest compute 7 load 0.012909 is 23.9% of average load 0.053920
LDB: Average compute 0.003806 is 7.1% of average load 0.053920
LDB: TIME 264.403 LOAD: AVG 0.0539205 MAX 0.0589026  PROXIES: TOTAL 24 MAXPE 4 MAXPATCH 6 None MEM: 0.443348 MB
LDB: TIME 264.403 LOAD: AVG 0.0539205 MAX 0.0589026  PROXIES: TOTAL 27 MAXPE 4 MAXPATCH 7 RefineTorusLB MEM: 0.443348 MB
LDB: TIME 264.403 LOAD: AVG 0.0539205 MAX 0.0586208  PROXIES: TOTAL 27 MAXPE 4 MAXPATCH 7 RefineTorusLB MEM: 0.443348 MB
LDB: ============== END OF LOAD BALANCING =============== 264.403
Info: useSync: 0 useProxySync: 0
LDB: =============== DONE WITH MIGRATION ================ 264.403
WRITING COORDINATES TO DCD FILE MDequil.dcd AT STEP 175000
PRESSURE: 175000 -742.996 294.84 380.044 416.627 -335.893 145.274 -129.31 -2.13548 -216.29
GPRESSURE: 175000 -503.313 303.105 547.066 437.089 -352.851 -228.463 -277.981 216.467 -374.116
PRESSAVG: 175000 -309.863 -35.8729 -40.6912 24.502 -332.639 -31.7595 55.67 17.0561 -10.0555
GPRESSAVG: 175000 -310.26 -35.634 -40.2361 24.0552 -332.558 -32.0745 55.2963 17.3157 -10.048
ENERGY:  175000         0.0000         0.0000         0.0000         0.0000          -5586.7664       398.3675         0.0000         0.0000       978.0925          -4210.3063       310.7314     -5188.3988     -4209.0239       300.2510           -431.7263      -410.0933     22995.6352      -217.5193      -217.6219

LDB: ============= START OF LOAD BALANCING ============== 266.884
LDB: ============== END OF LOAD BALANCING =============== 266.884
Info: useSync: 0 useProxySync: 0
LDB: =============== DONE WITH MIGRATION ================ 266.884
LDB: ============= START OF LOAD BALANCING ============== 266.947
LDB: Largest compute 6 load 0.011776 is 22.3% of average load 0.052870
LDB: Average compute 0.003725 is 7.0% of average load 0.052870
LDB: TIME 266.947 LOAD: AVG 0.0528702 MAX 0.058097  PROXIES: TOTAL 24 MAXPE 4 MAXPATCH 6 None MEM: 0.443348 MB
LDB: TIME 266.947 LOAD: AVG 0.0528702 MAX 0.058097  PROXIES: TOTAL 27 MAXPE 4 MAXPATCH 7 RefineTorusLB MEM: 0.443348 MB
LDB: TIME 266.947 LOAD: AVG 0.0528702 MAX 0.0575897  PROXIES: TOTAL 27 MAXPE 4 MAXPATCH 7 RefineTorusLB MEM: 0.443348 MB
LDB: ============== END OF LOAD BALANCING =============== 266.947
Info: useSync: 0 useProxySync: 0
LDB: =============== DONE WITH MIGRATION ================ 266.947
LDB: ============= START OF LOAD BALANCING ============== 269.39
LDB: ============== END OF LOAD BALANCING =============== 269.39
Info: useSync: 0 useProxySync: 0
LDB: =============== DONE WITH MIGRATION ================ 269.39
LDB: ============= START OF LOAD BALANCING ============== 269.453
LDB: Largest compute 145 load 0.012133 is 22.8% of average load 0.053221
LDB: Average compute 0.003758 is 7.1% of average load 0.053221
LDB: TIME 269.453 LOAD: AVG 0.0532214 MAX 0.0560174  PROXIES: TOTAL 24 MAXPE 4 MAXPATCH 6 None MEM: 0.443348 MB
LDB: TIME 269.453 LOAD: AVG 0.0532214 MAX 0.0560174  PROXIES: TOTAL 27 MAXPE 4 MAXPATCH 7 RefineTorusLB MEM: 0.443348 MB
LDB: TIME 269.453 LOAD: AVG 0.0532214 MAX 0.0560174  PROXIES: TOTAL 27 MAXPE 4 MAXPATCH 7 RefineTorusLB MEM: 0.443348 MB
LDB: ============== END OF LOAD BALANCING =============== 269.453
Info: useSync: 0 useProxySync: 0
LDB: =============== DONE WITH MIGRATION ================ 269.465
WRITING COORDINATES TO DCD FILE MDequil.dcd AT STEP 180000
PRESSURE: 180000 -992.071 -47.2079 194.734 -355.29 -351.91 -335.341 209.239 -287.536 296.502
GPRESSURE: 180000 -1024.7 71.5282 90.5998 -301.396 -143.153 -639.707 491.647 133.862 124.888
PRESSAVG: 180000 -339.064 13.5343 -24.0701 -1.64205 -230.74 -12.6738 -2.41968 -63.0719 -12.2355
GPRESSAVG: 180000 -339.122 13.6544 -24.1907 -1.79473 -230.921 -12.809 -2.28186 -62.7728 -12.1969
ENERGY:  180000         0.0000         0.0000         0.0000         0.0000          -5580.3178       365.9410         0.0000         0.0000       919.8223          -4294.5545       292.2195     -5214.3768     -4292.4953       302.3300           -349.1595      -347.6550     22554.6770      -194.0132      -194.0801

LDB: ============= START OF LOAD BALANCING ============== 271.924
LDB: ============== END OF LOAD BALANCING =============== 271.925
Info: useSync: 0 useProxySync: 0
LDB: =============== DONE WITH MIGRATION ================ 271.925
LDB: ============= START OF LOAD BALANCING ============== 271.988
LDB: Largest compute 7 load 0.011752 is 21.9% of average load 0.053600
LDB: Average compute 0.003786 is 7.1% of average load 0.053600
LDB: TIME 271.988 LOAD: AVG 0.0536002 MAX 0.0583972  PROXIES: TOTAL 24 MAXPE 4 MAXPATCH 6 None MEM: 0.443348 MB
LDB: TIME 271.988 LOAD: AVG 0.0536002 MAX 0.0583972  PROXIES: TOTAL 27 MAXPE 4 MAXPATCH 7 RefineTorusLB MEM: 0.443348 MB
LDB: TIME 271.988 LOAD: AVG 0.0536002 MAX 0.0583972  PROXIES: TOTAL 27 MAXPE 4 MAXPATCH 7 RefineTorusLB MEM: 0.443348 MB
LDB: ============== END OF LOAD BALANCING =============== 271.988
Info: useSync: 0 useProxySync: 0
LDB: =============== DONE WITH MIGRATION ================ 271.988
LDB: ============= START OF LOAD BALANCING ============== 274.574
LDB: ============== END OF LOAD BALANCING =============== 274.574
Info: useSync: 0 useProxySync: 0
LDB: =============== DONE WITH MIGRATION ================ 274.574
LDB: ============= START OF LOAD BALANCING ============== 274.638
LDB: Largest compute 5 load 0.012590 is 23.4% of average load 0.053709
LDB: Average compute 0.003796 is 7.1% of average load 0.053709
LDB: TIME 274.638 LOAD: AVG 0.053709 MAX 0.0580152  PROXIES: TOTAL 24 MAXPE 4 MAXPATCH 6 None MEM: 0.443348 MB
LDB: TIME 274.638 LOAD: AVG 0.053709 MAX 0.0580152  PROXIES: TOTAL 27 MAXPE 4 MAXPATCH 7 RefineTorusLB MEM: 0.443348 MB
LDB: TIME 274.638 LOAD: AVG 0.053709 MAX 0.0580152  PROXIES: TOTAL 27 MAXPE 4 MAXPATCH 7 RefineTorusLB MEM: 0.443348 MB
LDB: ============== END OF LOAD BALANCING =============== 274.64
Info: useSync: 0 useProxySync: 0
LDB: =============== DONE WITH MIGRATION ================ 274.651
LDB: ============= START OF LOAD BALANCING ============== 277.126
LDB: ============== END OF LOAD BALANCING =============== 277.126
Info: useSync: 0 useProxySync: 0
LDB: =============== DONE WITH MIGRATION ================ 277.138
LDB: ============= START OF LOAD BALANCING ============== 277.2
LDB: Largest compute 145 load 0.012461 is 23.8% of average load 0.052320
LDB: Average compute 0.003697 is 7.1% of average load 0.052320
LDB: TIME 277.2 LOAD: AVG 0.0523197 MAX 0.0564752  PROXIES: TOTAL 24 MAXPE 4 MAXPATCH 6 None MEM: 0.443348 MB
LDB: TIME 277.2 LOAD: AVG 0.0523197 MAX 0.0564752  PROXIES: TOTAL 27 MAXPE 4 MAXPATCH 7 RefineTorusLB MEM: 0.443348 MB
LDB: TIME 277.2 LOAD: AVG 0.0523197 MAX 0.0564752  PROXIES: TOTAL 27 MAXPE 4 MAXPATCH 7 RefineTorusLB MEM: 0.443348 MB
LDB: ============== END OF LOAD BALANCING =============== 277.2
Info: useSync: 0 useProxySync: 0
LDB: =============== DONE WITH MIGRATION ================ 277.201
WRITING COORDINATES TO DCD FILE MDequil.dcd AT STEP 185000
PRESSURE: 185000 -1045.33 29.5877 -290.849 -285.948 -674.874 272.03 -532.019 -22.0535 -602.817
GPRESSURE: 185000 -959.581 -43.8286 -308.181 -166.565 -583.944 94.0743 -589.85 40.4466 -739.696
PRESSAVG: 185000 -407.789 -35.8171 -39.6943 -0.0339128 -295.915 -16.2339 -39.2722 -1.1506 8.23883
GPRESSAVG: 185000 -407.456 -35.7281 -39.8145 0.0751156 -296.047 -16.0126 -39.3292 -0.940587 8.27971
ENERGY:  185000         0.0000         0.0000         0.0000         0.0000          -5574.3816       345.3657         0.0000         0.0000       914.3597          -4314.6562       290.4840     -5229.0159     -4313.2526       299.4852           -774.3400      -761.0739     22562.5932      -231.8217      -231.7409

LDB: ============= START OF LOAD BALANCING ============== 279.699
LDB: ============== END OF LOAD BALANCING =============== 279.699
Info: useSync: 0 useProxySync: 0
LDB: =============== DONE WITH MIGRATION ================ 279.711
LDB: ============= START OF LOAD BALANCING ============== 279.773
LDB: Largest compute 143 load 0.012282 is 23.4% of average load 0.052590
LDB: Average compute 0.003715 is 7.1% of average load 0.052590
LDB: TIME 279.773 LOAD: AVG 0.0525897 MAX 0.0554335  PROXIES: TOTAL 24 MAXPE 4 MAXPATCH 6 None MEM: 0.443348 MB
LDB: TIME 279.774 LOAD: AVG 0.0525897 MAX 0.0554335  PROXIES: TOTAL 27 MAXPE 4 MAXPATCH 7 RefineTorusLB MEM: 0.443348 MB
LDB: TIME 279.774 LOAD: AVG 0.0525897 MAX 0.0554335  PROXIES: TOTAL 27 MAXPE 4 MAXPATCH 7 RefineTorusLB MEM: 0.443348 MB
LDB: ============== END OF LOAD BALANCING =============== 279.774
Info: useSync: 0 useProxySync: 0
LDB: =============== DONE WITH MIGRATION ================ 279.774
LDB: ============= START OF LOAD BALANCING ============== 282.219
LDB: ============== END OF LOAD BALANCING =============== 282.219
Info: useSync: 0 useProxySync: 0
LDB: =============== DONE WITH MIGRATION ================ 282.219
LDB: ============= START OF LOAD BALANCING ============== 282.282
LDB: Largest compute 148 load 0.012289 is 23.0% of average load 0.053443
LDB: Average compute 0.003775 is 7.1% of average load 0.053443
LDB: TIME 282.282 LOAD: AVG 0.0534434 MAX 0.0567163  PROXIES: TOTAL 24 MAXPE 4 MAXPATCH 6 None MEM: 0.443348 MB
LDB: TIME 282.282 LOAD: AVG 0.0534434 MAX 0.0567163  PROXIES: TOTAL 27 MAXPE 4 MAXPATCH 7 RefineTorusLB MEM: 0.443348 MB
LDB: TIME 282.282 LOAD: AVG 0.0534434 MAX 0.0567163  PROXIES: TOTAL 27 MAXPE 4 MAXPATCH 7 RefineTorusLB MEM: 0.443348 MB
LDB: ============== END OF LOAD BALANCING =============== 282.282
Info: useSync: 0 useProxySync: 0
LDB: =============== DONE WITH MIGRATION ================ 282.282
WRITING COORDINATES TO DCD FILE MDequil.dcd AT STEP 190000
PRESSURE: 190000 -193.747 -245.048 -132.199 -335.742 729.295 205.872 -29.6604 245.881 1550.16
GPRESSURE: 190000 -176.229 -258.732 -225.15 -294.537 692.372 250.341 -206.788 194.592 1632.99
PRESSAVG: 190000 -331.239 -9.27503 51.6866 -15.4614 -385.35 -24.6771 60.8598 29.0256 3.34019
GPRESSAVG: 190000 -331.59 -9.41129 51.3661 -14.9853 -385.116 -24.6585 61.3351 29.225 3.20105
ENERGY:  190000         0.0000         0.0000         0.0000         0.0000          -5630.5115       458.3523         0.0000         0.0000       964.7234          -4207.4358       306.4842     -5172.1592     -4205.2397       301.8860            695.2360       716.3772     22576.2770      -237.7495      -237.8349

LDB: ============= START OF LOAD BALANCING ============== 284.742
LDB: ============== END OF LOAD BALANCING =============== 284.742
Info: useSync: 0 useProxySync: 0
LDB: =============== DONE WITH MIGRATION ================ 284.742
LDB: ============= START OF LOAD BALANCING ============== 284.805
LDB: Largest compute 141 load 0.012443 is 23.2% of average load 0.053637
LDB: Average compute 0.003785 is 7.1% of average load 0.053637
LDB: TIME 284.806 LOAD: AVG 0.0536373 MAX 0.0577524  PROXIES: TOTAL 24 MAXPE 4 MAXPATCH 6 None MEM: 0.443348 MB
LDB: TIME 284.806 LOAD: AVG 0.0536373 MAX 0.0577524  PROXIES: TOTAL 27 MAXPE 4 MAXPATCH 7 RefineTorusLB MEM: 0.443348 MB
LDB: TIME 284.806 LOAD: AVG 0.0536373 MAX 0.0577524  PROXIES: TOTAL 27 MAXPE 4 MAXPATCH 7 RefineTorusLB MEM: 0.443348 MB
LDB: ============== END OF LOAD BALANCING =============== 284.806
Info: useSync: 0 useProxySync: 0
LDB: =============== DONE WITH MIGRATION ================ 284.806
LDB: ============= START OF LOAD BALANCING ============== 290.311
LDB: ============== END OF LOAD BALANCING =============== 290.314
Info: useSync: 0 useProxySync: 0
LDB: =============== DONE WITH MIGRATION ================ 290.341
LDB: ============= START OF LOAD BALANCING ============== 290.778
LDB: Largest compute 138 load 0.052467 is 101.3% of average load 0.051802
LDB: Average compute 0.003605 is 7.0% of average load 0.051802
LDB: TIME 290.784 LOAD: AVG 0.0518017 MAX 0.0853899  PROXIES: TOTAL 24 MAXPE 4 MAXPATCH 6 None MEM: 0.443348 MB
LDB: TIME 290.785 LOAD: AVG 0.0518017 MAX 0.0853899  PROXIES: TOTAL 27 MAXPE 4 MAXPATCH 7 RefineTorusLB MEM: 0.443348 MB
LDB: TIME 290.785 LOAD: AVG 0.0518017 MAX 0.0642305  PROXIES: TOTAL 27 MAXPE 4 MAXPATCH 7 RefineTorusLB MEM: 0.443348 MB
LDB: ============== END OF LOAD BALANCING =============== 290.79
Info: useSync: 0 useProxySync: 0
LDB: =============== DONE WITH MIGRATION ================ 290.838
LDB: ============= START OF LOAD BALANCING ============== 303.654
LDB: ============== END OF LOAD BALANCING =============== 303.655
Info: useSync: 0 useProxySync: 0
LDB: =============== DONE WITH MIGRATION ================ 303.664
LDB: ============= START OF LOAD BALANCING ============== 304.054
LDB: Largest compute 142 load 0.032112 is 58.0% of average load 0.055400
LDB: Average compute 0.003886 is 7.0% of average load 0.055400
LDB: TIME 304.06 LOAD: AVG 0.0554002 MAX 0.0822533  PROXIES: TOTAL 24 MAXPE 4 MAXPATCH 6 None MEM: 0.443348 MB
LDB: TIME 304.061 LOAD: AVG 0.0554002 MAX 0.0822533  PROXIES: TOTAL 27 MAXPE 4 MAXPATCH 7 RefineTorusLB MEM: 0.443348 MB
LDB: TIME 304.061 LOAD: AVG 0.0554002 MAX 0.0594455  PROXIES: TOTAL 28 MAXPE 4 MAXPATCH 8 RefineTorusLB MEM: 0.443348 MB
LDB: ============== END OF LOAD BALANCING =============== 304.066
Info: useSync: 0 useProxySync: 0
LDB: =============== DONE WITH MIGRATION ================ 304.105
PRESSURE: 195000 338.72 -337.111 -448.798 -612.93 -719.254 776.976 -520.932 411.717 -1001.72
GPRESSURE: 195000 306.127 -229.09 -724.024 -884.938 -709.047 930.182 -643.907 350.533 -925.212
PRESSAVG: 195000 -392.335 9.2279 12.1939 24.6583 -256.381 47.2662 -2.71661 79.104 -14.2994
GPRESSAVG: 195000 -392.341 9.48624 12.5404 24.7577 -256.539 47.0355 -3.10326 79.1058 -14.4765
ENERGY:  195000         0.0000         0.0000         0.0000         0.0000          -5616.8105       381.3366         0.0000         0.0000       962.6377          -4272.8363       305.8215     -5235.4740     -4269.9840       303.9773           -460.7526      -442.7107     22797.7297      -221.0051      -221.1188

WRITING COORDINATES TO DCD FILE MDequil.dcd AT STEP 195000
LDB: ============= START OF LOAD BALANCING ============== 315.956
LDB: ============== END OF LOAD BALANCING =============== 315.958
Info: useSync: 0 useProxySync: 0
LDB: =============== DONE WITH MIGRATION ================ 315.97
LDB: ============= START OF LOAD BALANCING ============== 316.191
LDB: Largest compute 141 load 0.013700 is 27.2% of average load 0.050315
LDB: Average compute 0.003513 is 7.0% of average load 0.050315
LDB: TIME 316.192 LOAD: AVG 0.0503151 MAX 0.0644552  PROXIES: TOTAL 24 MAXPE 4 MAXPATCH 6 None MEM: 0.443348 MB
LDB: TIME 316.192 LOAD: AVG 0.0503151 MAX 0.0644552  PROXIES: TOTAL 28 MAXPE 4 MAXPATCH 8 RefineTorusLB MEM: 0.443348 MB
LDB: TIME 316.193 LOAD: AVG 0.0503151 MAX 0.0548108  PROXIES: TOTAL 29 MAXPE 4 MAXPATCH 8 RefineTorusLB MEM: 0.443348 MB
LDB: ============== END OF LOAD BALANCING =============== 316.194
Info: useSync: 0 useProxySync: 0
LDB: =============== DONE WITH MIGRATION ================ 316.21
LDB: ============= START OF LOAD BALANCING ============== 329.199
LDB: ============== END OF LOAD BALANCING =============== 329.2
Info: useSync: 0 useProxySync: 0
LDB: =============== DONE WITH MIGRATION ================ 329.203
LDB: ============= START OF LOAD BALANCING ============== 329.531
LDB: Largest compute 44 load 0.028218 is 52.7% of average load 0.053521
LDB: Average compute 0.003502 is 6.5% of average load 0.053521
LDB: TIME 329.533 LOAD: AVG 0.0535208 MAX 0.0837714  PROXIES: TOTAL 24 MAXPE 4 MAXPATCH 6 None MEM: 0.443348 MB
LDB: TIME 329.533 LOAD: AVG 0.0535208 MAX 0.0837714  PROXIES: TOTAL 29 MAXPE 4 MAXPATCH 8 RefineTorusLB MEM: 0.443348 MB
LDB: TIME 329.533 LOAD: AVG 0.0535208 MAX 0.0583578  PROXIES: TOTAL 28 MAXPE 4 MAXPATCH 8 RefineTorusLB MEM: 0.443348 MB
LDB: ============== END OF LOAD BALANCING =============== 329.535
Info: useSync: 0 useProxySync: 0
LDB: =============== DONE WITH MIGRATION ================ 329.552
WRITING COORDINATES TO DCD FILE MDequil.dcd AT STEP 200000
WRITING COORDINATES TO RESTART FILE AT STEP 200000
FINISHED WRITING RESTART COORDINATES
WRITING VELOCITIES TO RESTART FILE AT STEP 200000
FINISHED WRITING RESTART VELOCITIES
The last velocity output (seq=200000) takes 0.000 seconds, 0.443 MB of memory in use
PRESSURE: 200000 -340.836 12.8697 -210.71 -174.953 -827.337 302.707 -532.419 139.863 41.9897
GPRESSURE: 200000 -316.014 -46.066 -305.215 -40.4052 -761.434 321.263 -432.008 78.8175 -28.4908
PRESSAVG: 200000 -349.484 -8.8895 -44.56 -5.40494 -358.431 26.7337 -45.9825 -53.2702 -12.4279
GPRESSAVG: 200000 -349.743 -8.90363 -44.81 -5.34037 -358.616 26.6408 -45.757 -53.4279 -12.4248
TIMING: 200000  CPU: 325.27, 0.00212607/step  Wall: 333.654, 0.00223798/step, 0.186498 hours remaining, 0.443348 MB of memory in use.
PERFORMANCE: 200000  averaging 103.583 ns/day, 0.00166823 sec/step with standard deviation 0.000481458
ETITLE:      TS           BOND          ANGLE          DIHED          IMPRP               ELECT            VDW       BOUNDARY           MISC        KINETIC               TOTAL           TEMP      POTENTIAL         TOTAL3        TEMPAVG            PRESSURE      GPRESSURE         VOLUME       PRESSAVG      GPRESSAVG

ENERGY:  200000         0.0000         0.0000         0.0000         0.0000          -5587.8423       368.6683         0.0000         0.0000       925.0549          -4294.1191       293.8818     -5219.1739     -4291.6718       297.8655           -375.3946      -368.6460     22696.3062      -240.1144      -240.2613

WRITING EXTENDED SYSTEM TO RESTART FILE AT STEP 200000
LDB: ============= START OF LOAD BALANCING ============== 346.466
LDB: ============== END OF LOAD BALANCING =============== 346.468
Info: useSync: 0 useProxySync: 0
LDB: =============== DONE WITH MIGRATION ================ 346.481
LDB: ============= START OF LOAD BALANCING ============== 346.786
LDB: Largest compute 148 load 0.014196 is 26.0% of average load 0.054590
LDB: Average compute 0.003684 is 6.7% of average load 0.054590
LDB: TIME 346.791 LOAD: AVG 0.0545895 MAX 0.0820236  PROXIES: TOTAL 24 MAXPE 4 MAXPATCH 6 None MEM: 0.443348 MB
LDB: TIME 346.791 LOAD: AVG 0.0545895 MAX 0.0820236  PROXIES: TOTAL 28 MAXPE 4 MAXPATCH 8 RefineTorusLB MEM: 0.443348 MB
LDB: TIME 346.791 LOAD: AVG 0.0545895 MAX 0.0590884  PROXIES: TOTAL 28 MAXPE 4 MAXPATCH 8 RefineTorusLB MEM: 0.443348 MB
LDB: ============== END OF LOAD BALANCING =============== 346.796
Info: useSync: 0 useProxySync: 0
LDB: =============== DONE WITH MIGRATION ================ 346.845
LDB: ============= START OF LOAD BALANCING ============== 358.664
LDB: ============== END OF LOAD BALANCING =============== 358.666
Info: useSync: 0 useProxySync: 0
LDB: =============== DONE WITH MIGRATION ================ 358.674
LDB: ============= START OF LOAD BALANCING ============== 358.8
LDB: Largest compute 157 load 0.014047 is 27.2% of average load 0.051663
LDB: Average compute 0.003605 is 7.0% of average load 0.051663
LDB: TIME 358.803 LOAD: AVG 0.0516627 MAX 0.0608205  PROXIES: TOTAL 24 MAXPE 4 MAXPATCH 6 None MEM: 0.443348 MB
LDB: TIME 358.803 LOAD: AVG 0.0516627 MAX 0.0608205  PROXIES: TOTAL 28 MAXPE 4 MAXPATCH 8 RefineTorusLB MEM: 0.443348 MB
LDB: TIME 358.803 LOAD: AVG 0.0516627 MAX 0.0563045  PROXIES: TOTAL 27 MAXPE 4 MAXPATCH 7 RefineTorusLB MEM: 0.443348 MB
LDB: ============== END OF LOAD BALANCING =============== 358.804
Info: useSync: 0 useProxySync: 0
LDB: =============== DONE WITH MIGRATION ================ 358.846
LDB: ============= START OF LOAD BALANCING ============== 370.091
LDB: ============== END OF LOAD BALANCING =============== 370.093
Info: useSync: 0 useProxySync: 0
LDB: =============== DONE WITH MIGRATION ================ 370.12
LDB: ============= START OF LOAD BALANCING ============== 370.374
LDB: Largest compute 141 load 0.013729 is 24.9% of average load 0.055058
LDB: Average compute 0.003651 is 6.6% of average load 0.055058
LDB: TIME 370.376 LOAD: AVG 0.0550583 MAX 0.0723177  PROXIES: TOTAL 24 MAXPE 4 MAXPATCH 6 None MEM: 0.443348 MB
LDB: TIME 370.376 LOAD: AVG 0.0550583 MAX 0.0723177  PROXIES: TOTAL 27 MAXPE 4 MAXPATCH 7 RefineTorusLB MEM: 0.443348 MB
LDB: TIME 370.376 LOAD: AVG 0.0550583 MAX 0.0600094  PROXIES: TOTAL 27 MAXPE 4 MAXPATCH 7 RefineTorusLB MEM: 0.443348 MB
LDB: ============== END OF LOAD BALANCING =============== 370.377
Info: useSync: 0 useProxySync: 0
LDB: =============== DONE WITH MIGRATION ================ 370.411
PRESSURE: 205000 -174.295 -516.375 253.191 -399.92 564.689 435.518 145.98 337.564 -20.9519
GPRESSURE: 205000 -222.734 -754.079 210.872 -65.3319 663.942 277.056 117.682 382.412 24.8781
PRESSAVG: 205000 -464.553 -46.2202 56.2626 -68.0517 -372.182 -31.2102 4.13442 13.0649 13.8217
GPRESSAVG: 205000 -464.375 -46.4725 56.2961 -68.0948 -372.041 -31.3133 4.17042 12.5132 13.6387
ENERGY:  205000         0.0000         0.0000         0.0000         0.0000          -5623.1195       444.3917         0.0000         0.0000       925.6776          -4253.0503       294.0796     -5178.7278     -4251.3238       300.8972            123.1473       155.3617     23093.9153      -274.3046      -274.2588

WRITING COORDINATES TO DCD FILE MDequil.dcd AT STEP 205000
LDB: ============= START OF LOAD BALANCING ============== 377.268
LDB: ============== END OF LOAD BALANCING =============== 377.268
Info: useSync: 0 useProxySync: 0
LDB: =============== DONE WITH MIGRATION ================ 377.268
LDB: ============= START OF LOAD BALANCING ============== 377.33
LDB: Largest compute 141 load 0.012262 is 25.2% of average load 0.048658
LDB: Average compute 0.003437 is 7.1% of average load 0.048658
LDB: TIME 377.33 LOAD: AVG 0.0486578 MAX 0.0581423  PROXIES: TOTAL 24 MAXPE 4 MAXPATCH 6 None MEM: 0.443348 MB
LDB: TIME 377.33 LOAD: AVG 0.0486578 MAX 0.0581423  PROXIES: TOTAL 27 MAXPE 4 MAXPATCH 7 RefineTorusLB MEM: 0.443348 MB
LDB: TIME 377.331 LOAD: AVG 0.0486578 MAX 0.0529389  PROXIES: TOTAL 27 MAXPE 4 MAXPATCH 7 RefineTorusLB MEM: 0.443348 MB
LDB: ============== END OF LOAD BALANCING =============== 377.331
Info: useSync: 0 useProxySync: 0
LDB: =============== DONE WITH MIGRATION ================ 377.331
LDB: ============= START OF LOAD BALANCING ============== 379.733
LDB: ============== END OF LOAD BALANCING =============== 379.733
Info: useSync: 0 useProxySync: 0
LDB: =============== DONE WITH MIGRATION ================ 379.734
LDB: ============= START OF LOAD BALANCING ============== 379.793
LDB: Largest compute 144 load 0.011243 is 23.1% of average load 0.048685
LDB: Average compute 0.003440 is 7.1% of average load 0.048685
LDB: TIME 379.793 LOAD: AVG 0.048685 MAX 0.0547088  PROXIES: TOTAL 24 MAXPE 4 MAXPATCH 6 None MEM: 0.443348 MB
LDB: TIME 379.793 LOAD: AVG 0.048685 MAX 0.0547088  PROXIES: TOTAL 27 MAXPE 4 MAXPATCH 7 RefineTorusLB MEM: 0.443348 MB
LDB: TIME 379.793 LOAD: AVG 0.048685 MAX 0.0526972  PROXIES: TOTAL 27 MAXPE 4 MAXPATCH 7 RefineTorusLB MEM: 0.443348 MB
LDB: ============== END OF LOAD BALANCING =============== 379.794
Info: useSync: 0 useProxySync: 0
LDB: =============== DONE WITH MIGRATION ================ 379.794
WRITING COORDINATES TO DCD FILE MDequil.dcd AT STEP 210000
PRESSURE: 210000 -657.926 205.791 189.366 31.8783 40.4258 690.197 145.07 433.904 225.533
GPRESSURE: 210000 -332.675 109.372 383.573 362.072 -241.881 412.072 12.1808 703.419 227.953
PRESSAVG: 210000 -426.222 17.4813 8.61833 19.9546 -351.559 -18.0713 -52.1665 69.121 4.31442
GPRESSAVG: 210000 -426.242 17.0323 8.8204 20.5198 -351.718 -17.4957 -52.4621 69.4094 4.21462
ENERGY:  210000         0.0000         0.0000         0.0000         0.0000          -5686.5753       418.1835         0.0000         0.0000       950.6532          -4317.7385       302.0142     -5268.3918     -4315.6291       300.1664           -130.6557      -115.5342     22636.5063      -257.8219      -257.9150

LDB: ============= START OF LOAD BALANCING ============== 382.116
LDB: ============== END OF LOAD BALANCING =============== 382.116
Info: useSync: 0 useProxySync: 0
LDB: =============== DONE WITH MIGRATION ================ 382.117
LDB: ============= START OF LOAD BALANCING ============== 382.177
LDB: Largest compute 144 load 0.011928 is 24.3% of average load 0.049036
LDB: Average compute 0.003471 is 7.1% of average load 0.049036
LDB: TIME 382.177 LOAD: AVG 0.049036 MAX 0.0551007  PROXIES: TOTAL 24 MAXPE 4 MAXPATCH 6 None MEM: 0.443348 MB
LDB: TIME 382.177 LOAD: AVG 0.049036 MAX 0.0551007  PROXIES: TOTAL 27 MAXPE 4 MAXPATCH 7 RefineTorusLB MEM: 0.443348 MB
LDB: TIME 382.177 LOAD: AVG 0.049036 MAX 0.0534738  PROXIES: TOTAL 27 MAXPE 4 MAXPATCH 7 RefineTorusLB MEM: 0.443348 MB
LDB: ============== END OF LOAD BALANCING =============== 382.177
Info: useSync: 0 useProxySync: 0
LDB: =============== DONE WITH MIGRATION ================ 382.178
LDB: ============= START OF LOAD BALANCING ============== 384.546
LDB: ============== END OF LOAD BALANCING =============== 384.546
Info: useSync: 0 useProxySync: 0
LDB: =============== DONE WITH MIGRATION ================ 384.546
LDB: ============= START OF LOAD BALANCING ============== 384.607
LDB: Largest compute 141 load 0.011781 is 23.9% of average load 0.049302
LDB: Average compute 0.003490 is 7.1% of average load 0.049302
LDB: TIME 384.607 LOAD: AVG 0.0493018 MAX 0.0570429  PROXIES: TOTAL 24 MAXPE 4 MAXPATCH 6 None MEM: 0.443348 MB
LDB: TIME 384.607 LOAD: AVG 0.0493018 MAX 0.0570429  PROXIES: TOTAL 27 MAXPE 4 MAXPATCH 7 RefineTorusLB MEM: 0.443348 MB
LDB: TIME 384.607 LOAD: AVG 0.0493018 MAX 0.0535663  PROXIES: TOTAL 27 MAXPE 4 MAXPATCH 7 RefineTorusLB MEM: 0.443348 MB
LDB: ============== END OF LOAD BALANCING =============== 384.607
Info: useSync: 0 useProxySync: 0
LDB: =============== DONE WITH MIGRATION ================ 384.607
LDB: ============= START OF LOAD BALANCING ============== 387.147
LDB: ============== END OF LOAD BALANCING =============== 387.147
Info: useSync: 0 useProxySync: 0
LDB: =============== DONE WITH MIGRATION ================ 387.147
LDB: ============= START OF LOAD BALANCING ============== 387.213
LDB: Largest compute 7 load 0.012304 is 23.2% of average load 0.052942
LDB: Average compute 0.003743 is 7.1% of average load 0.052942
LDB: TIME 387.213 LOAD: AVG 0.0529416 MAX 0.0581776  PROXIES: TOTAL 24 MAXPE 4 MAXPATCH 6 None MEM: 0.443348 MB
LDB: TIME 387.213 LOAD: AVG 0.0529416 MAX 0.0581776  PROXIES: TOTAL 27 MAXPE 4 MAXPATCH 7 RefineTorusLB MEM: 0.443348 MB
LDB: TIME 387.213 LOAD: AVG 0.0529416 MAX 0.0573487  PROXIES: TOTAL 27 MAXPE 4 MAXPATCH 7 RefineTorusLB MEM: 0.443348 MB
LDB: ============== END OF LOAD BALANCING =============== 387.213
Info: useSync: 0 useProxySync: 0
LDB: =============== DONE WITH MIGRATION ================ 387.214
PRESSURE: 215000 695.54 411.276 365.35 22.4364 -278.975 84.1192 -60.1857 -35.4928 598.623
GPRESSURE: 215000 581.155 688.468 542.468 -97.1763 -103.37 86.1813 120.371 18.4968 558.765
PRESSAVG: 215000 -335.502 17.8307 -10.1869 42.42 -326.777 3.49966 54.765 29.5589 1.26227
GPRESSAVG: 215000 -335.473 17.9848 -10.4275 42.5636 -327.106 2.76472 55.1518 29.9172 1.62052
ENERGY:  215000         0.0000         0.0000         0.0000         0.0000          -5590.8150       412.6145         0.0000         0.0000       922.7041          -4255.4963       293.1350     -5178.2004     -4253.7692       295.4009            338.3960       345.5165     22622.4716      -220.3387      -220.3197

WRITING COORDINATES TO DCD FILE MDequil.dcd AT STEP 215000
LDB: ============= START OF LOAD BALANCING ============== 389.805
LDB: ============== END OF LOAD BALANCING =============== 389.805
Info: useSync: 0 useProxySync: 0
LDB: =============== DONE WITH MIGRATION ================ 389.806
LDB: ============= START OF LOAD BALANCING ============== 389.874
LDB: Largest compute 144 load 0.012465 is 23.4% of average load 0.053258
LDB: Average compute 0.003748 is 7.0% of average load 0.053258
LDB: TIME 389.874 LOAD: AVG 0.0532576 MAX 0.0612169  PROXIES: TOTAL 24 MAXPE 4 MAXPATCH 6 None MEM: 0.443348 MB
LDB: TIME 389.874 LOAD: AVG 0.0532576 MAX 0.0612169  PROXIES: TOTAL 27 MAXPE 4 MAXPATCH 7 RefineTorusLB MEM: 0.443348 MB
LDB: TIME 389.874 LOAD: AVG 0.0532576 MAX 0.0570858  PROXIES: TOTAL 27 MAXPE 4 MAXPATCH 7 RefineTorusLB MEM: 0.443348 MB
LDB: ============== END OF LOAD BALANCING =============== 389.875
Info: useSync: 0 useProxySync: 0
LDB: =============== DONE WITH MIGRATION ================ 389.875
LDB: ============= START OF LOAD BALANCING ============== 392.45
LDB: ============== END OF LOAD BALANCING =============== 392.45
Info: useSync: 0 useProxySync: 0
LDB: =============== DONE WITH MIGRATION ================ 392.45
LDB: ============= START OF LOAD BALANCING ============== 392.516
LDB: Largest compute 144 load 0.012542 is 23.6% of average load 0.053111
LDB: Average compute 0.003755 is 7.1% of average load 0.053111
LDB: TIME 392.516 LOAD: AVG 0.053111 MAX 0.057806  PROXIES: TOTAL 24 MAXPE 4 MAXPATCH 6 None MEM: 0.443348 MB
LDB: TIME 392.516 LOAD: AVG 0.053111 MAX 0.057806  PROXIES: TOTAL 27 MAXPE 4 MAXPATCH 7 RefineTorusLB MEM: 0.443348 MB
LDB: TIME 392.516 LOAD: AVG 0.053111 MAX 0.057806  PROXIES: TOTAL 27 MAXPE 4 MAXPATCH 7 RefineTorusLB MEM: 0.443348 MB
LDB: ============== END OF LOAD BALANCING =============== 392.516
Info: useSync: 0 useProxySync: 0
LDB: =============== DONE WITH MIGRATION ================ 392.517
PRESSURE: 220000 -368.309 -174.312 -708.666 -241.425 -460.404 388.557 -639.702 925.137 -1360.01
GPRESSURE: 220000 -357.32 34.258 -619.718 -273.234 -602.139 357.732 -354.926 711.32 -1146.06
PRESSAVG: 220000 -345.438 12.2891 -3.85468 38.7804 -393.249 70.5741 50.0438 91.8149 9.90625
GPRESSAVG: 220000 -345.578 12.4418 -3.41992 38.6957 -393.029 70.5762 49.5149 91.7299 10.1889
ENERGY:  220000         0.0000         0.0000         0.0000         0.0000          -5571.1466       349.6787         0.0000         0.0000       932.6149          -4288.8529       296.2836     -5221.4678     -4285.3510       301.5187           -729.5744      -701.8399     22503.8490      -242.9272      -242.8063

WRITING COORDINATES TO DCD FILE MDequil.dcd AT STEP 220000
LDB: ============= START OF LOAD BALANCING ============== 395.233
LDB: ============== END OF LOAD BALANCING =============== 395.233
Info: useSync: 0 useProxySync: 0
LDB: =============== DONE WITH MIGRATION ================ 395.233
LDB: ============= START OF LOAD BALANCING ============== 395.3
LDB: Largest compute 6 load 0.012467 is 23.1% of average load 0.053933
LDB: Average compute 0.003826 is 7.1% of average load 0.053933
LDB: TIME 395.3 LOAD: AVG 0.0539332 MAX 0.058611  PROXIES: TOTAL 24 MAXPE 4 MAXPATCH 6 None MEM: 0.443348 MB
LDB: TIME 395.3 LOAD: AVG 0.0539332 MAX 0.058611  PROXIES: TOTAL 27 MAXPE 4 MAXPATCH 7 RefineTorusLB MEM: 0.443348 MB
LDB: TIME 395.3 LOAD: AVG 0.0539332 MAX 0.058611  PROXIES: TOTAL 27 MAXPE 4 MAXPATCH 7 RefineTorusLB MEM: 0.443348 MB
LDB: ============== END OF LOAD BALANCING =============== 395.301
Info: useSync: 0 useProxySync: 0
LDB: =============== DONE WITH MIGRATION ================ 395.301
LDB: ============= START OF LOAD BALANCING ============== 397.91
LDB: ============== END OF LOAD BALANCING =============== 397.91
Info: useSync: 0 useProxySync: 0
LDB: =============== DONE WITH MIGRATION ================ 397.91
LDB: ============= START OF LOAD BALANCING ============== 397.975
LDB: Largest compute 6 load 0.012382 is 23.2% of average load 0.053453
LDB: Average compute 0.003788 is 7.1% of average load 0.053453
LDB: TIME 397.975 LOAD: AVG 0.0534529 MAX 0.0579687  PROXIES: TOTAL 24 MAXPE 4 MAXPATCH 6 None MEM: 0.443348 MB
LDB: TIME 397.976 LOAD: AVG 0.0534529 MAX 0.0579687  PROXIES: TOTAL 27 MAXPE 4 MAXPATCH 7 RefineTorusLB MEM: 0.443348 MB
LDB: TIME 397.976 LOAD: AVG 0.0534529 MAX 0.0579687  PROXIES: TOTAL 27 MAXPE 4 MAXPATCH 7 RefineTorusLB MEM: 0.443348 MB
LDB: ============== END OF LOAD BALANCING =============== 397.976
Info: useSync: 0 useProxySync: 0
LDB: =============== DONE WITH MIGRATION ================ 397.976
LDB: ============= START OF LOAD BALANCING ============== 400.569
LDB: ============== END OF LOAD BALANCING =============== 400.569
Info: useSync: 0 useProxySync: 0
LDB: =============== DONE WITH MIGRATION ================ 400.569
LDB: ============= START OF LOAD BALANCING ============== 400.636
LDB: Largest compute 7 load 0.012943 is 24.1% of average load 0.053708
LDB: Average compute 0.003795 is 7.1% of average load 0.053708
LDB: TIME 400.636 LOAD: AVG 0.0537079 MAX 0.0610204  PROXIES: TOTAL 24 MAXPE 4 MAXPATCH 6 None MEM: 0.443348 MB
LDB: TIME 400.636 LOAD: AVG 0.0537079 MAX 0.0610204  PROXIES: TOTAL 27 MAXPE 4 MAXPATCH 7 RefineTorusLB MEM: 0.443348 MB
LDB: TIME 400.636 LOAD: AVG 0.0537079 MAX 0.0584964  PROXIES: TOTAL 27 MAXPE 4 MAXPATCH 7 RefineTorusLB MEM: 0.443348 MB
LDB: ============== END OF LOAD BALANCING =============== 400.636
Info: useSync: 0 useProxySync: 0
LDB: =============== DONE WITH MIGRATION ================ 400.636
PRESSURE: 225000 -186.64 -389.073 3.38178 -230.492 135.943 -28.175 -347.326 -512.101 -27.2042
GPRESSURE: 225000 -101.11 -296.683 247.669 -261.446 -100.27 -35.6962 -513.158 -547.838 167.612
PRESSAVG: 225000 -318.861 4.8549 -72.7312 6.93236 -291.485 14.4595 25.711 -15.8935 11.1224
GPRESSAVG: 225000 -318.852 5.06871 -72.7012 6.22886 -291.352 14.9023 25.8903 -15.9862 10.7834
ENERGY:  225000         0.0000         0.0000         0.0000         0.0000          -5605.4283       395.7561         0.0000         0.0000       987.9936          -4221.6786       313.8769     -5209.6722     -4219.2646       300.8843            -25.9671       -11.2561     22683.8786      -199.7413      -199.8067

WRITING COORDINATES TO DCD FILE MDequil.dcd AT STEP 225000
LDB: ============= START OF LOAD BALANCING ============== 403.265
LDB: ============== END OF LOAD BALANCING =============== 403.265
Info: useSync: 0 useProxySync: 0
LDB: =============== DONE WITH MIGRATION ================ 403.265
LDB: ============= START OF LOAD BALANCING ============== 403.332
LDB: Largest compute 141 load 0.012320 is 22.9% of average load 0.053786
LDB: Average compute 0.003811 is 7.1% of average load 0.053786
LDB: TIME 403.332 LOAD: AVG 0.0537856 MAX 0.0581659  PROXIES: TOTAL 24 MAXPE 4 MAXPATCH 6 None MEM: 0.443348 MB
LDB: TIME 403.333 LOAD: AVG 0.0537856 MAX 0.0581659  PROXIES: TOTAL 27 MAXPE 4 MAXPATCH 7 RefineTorusLB MEM: 0.443348 MB
LDB: TIME 403.333 LOAD: AVG 0.0537856 MAX 0.0581659  PROXIES: TOTAL 27 MAXPE 4 MAXPATCH 7 RefineTorusLB MEM: 0.443348 MB
LDB: ============== END OF LOAD BALANCING =============== 403.333
Info: useSync: 0 useProxySync: 0
LDB: =============== DONE WITH MIGRATION ================ 403.333
LDB: ============= START OF LOAD BALANCING ============== 406.07
LDB: ============== END OF LOAD BALANCING =============== 406.07
Info: useSync: 0 useProxySync: 0
LDB: =============== DONE WITH MIGRATION ================ 406.07
LDB: ============= START OF LOAD BALANCING ============== 406.139
LDB: Largest compute 6 load 0.012048 is 22.6% of average load 0.053289
LDB: Average compute 0.003751 is 7.0% of average load 0.053289
LDB: TIME 406.139 LOAD: AVG 0.0532885 MAX 0.0594755  PROXIES: TOTAL 24 MAXPE 4 MAXPATCH 6 None MEM: 0.443348 MB
LDB: TIME 406.139 LOAD: AVG 0.0532885 MAX 0.0594755  PROXIES: TOTAL 27 MAXPE 4 MAXPATCH 7 RefineTorusLB MEM: 0.443348 MB
LDB: TIME 406.139 LOAD: AVG 0.0532885 MAX 0.0581223  PROXIES: TOTAL 27 MAXPE 4 MAXPATCH 7 RefineTorusLB MEM: 0.443348 MB
LDB: ============== END OF LOAD BALANCING =============== 406.139
Info: useSync: 0 useProxySync: 0
LDB: =============== DONE WITH MIGRATION ================ 406.14
PRESSURE: 230000 -147.135 799.899 -59.8625 302.978 -880.837 444.404 -680.075 410.242 -397.75
GPRESSURE: 230000 -162.881 783.728 159.396 88.265 -873.354 417.627 -697.203 384.066 -314.112
PRESSAVG: 230000 -338.714 -11.8654 -25.987 -37.7279 -319.266 44.1048 -62.0767 75.8788 6.32696
GPRESSAVG: 230000 -338.952 -12.1679 -26.3317 -37.3894 -319.572 44.1 -62.41 75.6957 6.89489
ENERGY:  230000         0.0000         0.0000         0.0000         0.0000          -5500.2080       334.7082         0.0000         0.0000       958.8641          -4206.6357       304.6227     -5165.4998     -4205.3164       302.6671           -475.2403      -450.1154     22781.6239      -217.2176      -217.2097

WRITING COORDINATES TO DCD FILE MDequil.dcd AT STEP 230000
LDB: ============= START OF LOAD BALANCING ============== 408.725
LDB: ============== END OF LOAD BALANCING =============== 408.726
Info: useSync: 0 useProxySync: 0
LDB: =============== DONE WITH MIGRATION ================ 408.726
LDB: ============= START OF LOAD BALANCING ============== 408.792
LDB: Largest compute 147 load 0.012793 is 23.8% of average load 0.053674
LDB: Average compute 0.003802 is 7.1% of average load 0.053674
LDB: TIME 408.792 LOAD: AVG 0.053674 MAX 0.0583715  PROXIES: TOTAL 24 MAXPE 4 MAXPATCH 6 None MEM: 0.443348 MB
LDB: TIME 408.792 LOAD: AVG 0.053674 MAX 0.0583715  PROXIES: TOTAL 27 MAXPE 4 MAXPATCH 7 RefineTorusLB MEM: 0.443348 MB
LDB: TIME 408.792 LOAD: AVG 0.053674 MAX 0.0583715  PROXIES: TOTAL 27 MAXPE 4 MAXPATCH 7 RefineTorusLB MEM: 0.443348 MB
LDB: ============== END OF LOAD BALANCING =============== 408.792
Info: useSync: 0 useProxySync: 0
LDB: =============== DONE WITH MIGRATION ================ 408.793
LDB: ============= START OF LOAD BALANCING ============== 411.415
LDB: ============== END OF LOAD BALANCING =============== 411.418
Info: useSync: 0 useProxySync: 0
LDB: =============== DONE WITH MIGRATION ================ 411.418
LDB: ============= START OF LOAD BALANCING ============== 411.484
LDB: Largest compute 6 load 0.012497 is 23.4% of average load 0.053389
LDB: Average compute 0.003778 is 7.1% of average load 0.053389
LDB: TIME 411.485 LOAD: AVG 0.0533892 MAX 0.0599829  PROXIES: TOTAL 24 MAXPE 4 MAXPATCH 6 None MEM: 0.443348 MB
LDB: TIME 411.485 LOAD: AVG 0.0533892 MAX 0.0599829  PROXIES: TOTAL 27 MAXPE 4 MAXPATCH 7 RefineTorusLB MEM: 0.443348 MB
LDB: TIME 411.485 LOAD: AVG 0.0533892 MAX 0.0582224  PROXIES: TOTAL 27 MAXPE 4 MAXPATCH 7 RefineTorusLB MEM: 0.443348 MB
LDB: ============== END OF LOAD BALANCING =============== 411.485
Info: useSync: 0 useProxySync: 0
LDB: =============== DONE WITH MIGRATION ================ 411.485
LDB: ============= START OF LOAD BALANCING ============== 414.031
LDB: ============== END OF LOAD BALANCING =============== 414.031
Info: useSync: 0 useProxySync: 0
LDB: =============== DONE WITH MIGRATION ================ 414.031
LDB: ============= START OF LOAD BALANCING ============== 414.097
LDB: Largest compute 141 load 0.012995 is 24.1% of average load 0.053964
LDB: Average compute 0.003822 is 7.1% of average load 0.053964
LDB: TIME 414.098 LOAD: AVG 0.0539636 MAX 0.0597253  PROXIES: TOTAL 24 MAXPE 4 MAXPATCH 6 None MEM: 0.443348 MB
LDB: TIME 414.098 LOAD: AVG 0.0539636 MAX 0.0597253  PROXIES: TOTAL 27 MAXPE 4 MAXPATCH 7 RefineTorusLB MEM: 0.443348 MB
LDB: TIME 414.098 LOAD: AVG 0.0539636 MAX 0.0587117  PROXIES: TOTAL 27 MAXPE 4 MAXPATCH 7 RefineTorusLB MEM: 0.443348 MB
LDB: ============== END OF LOAD BALANCING =============== 414.098
Info: useSync: 0 useProxySync: 0
LDB: =============== DONE WITH MIGRATION ================ 414.098
WRITING COORDINATES TO DCD FILE MDequil.dcd AT STEP 235000
PRESSURE: 235000 -419.29 79.3028 -641.885 12.7967 -1153.08 16.3361 -675.37 176.837 147.665
GPRESSURE: 235000 -470.713 378.799 -604.122 -355.369 -1031.33 -160.595 -655.13 277.685 126.302
PRESSAVG: 235000 -288.59 -9.20773 -39.6615 -38.9281 -316.725 0.347669 -34.3369 59.9908 19.612
GPRESSAVG: 235000 -288.324 -9.14276 -39.6475 -39.4066 -316.748 -0.214895 -34.3145 60.4825 19.7369
ENERGY:  235000         0.0000         0.0000         0.0000         0.0000          -5579.1940       372.9023         0.0000         0.0000       937.1320          -4269.1597       297.7186     -5206.2917     -4266.4638       301.5457           -474.9027      -458.5799     22756.2057      -195.2342      -195.1118

LDB: ============= START OF LOAD BALANCING ============== 416.673
LDB: ============== END OF LOAD BALANCING =============== 416.673
Info: useSync: 0 useProxySync: 0
LDB: =============== DONE WITH MIGRATION ================ 416.673
LDB: ============= START OF LOAD BALANCING ============== 416.741
LDB: Largest compute 143 load 0.012742 is 23.5% of average load 0.054307
LDB: Average compute 0.003828 is 7.0% of average load 0.054307
LDB: TIME 416.741 LOAD: AVG 0.0543075 MAX 0.0605321  PROXIES: TOTAL 24 MAXPE 4 MAXPATCH 6 None MEM: 0.443348 MB
LDB: TIME 416.741 LOAD: AVG 0.0543075 MAX 0.0605321  PROXIES: TOTAL 27 MAXPE 4 MAXPATCH 7 RefineTorusLB MEM: 0.443348 MB
LDB: TIME 416.741 LOAD: AVG 0.0543075 MAX 0.0587011  PROXIES: TOTAL 28 MAXPE 4 MAXPATCH 7 RefineTorusLB MEM: 0.443348 MB
LDB: ============== END OF LOAD BALANCING =============== 416.742
Info: useSync: 0 useProxySync: 0
LDB: =============== DONE WITH MIGRATION ================ 416.742
LDB: ============= START OF LOAD BALANCING ============== 419.291
LDB: ============== END OF LOAD BALANCING =============== 419.291
Info: useSync: 0 useProxySync: 0
LDB: =============== DONE WITH MIGRATION ================ 419.292
LDB: ============= START OF LOAD BALANCING ============== 419.356
LDB: Largest compute 147 load 0.011822 is 22.0% of average load 0.053751
LDB: Average compute 0.003802 is 7.1% of average load 0.053751
LDB: TIME 419.357 LOAD: AVG 0.0537513 MAX 0.0593864  PROXIES: TOTAL 24 MAXPE 4 MAXPATCH 6 None MEM: 0.443348 MB
LDB: TIME 419.357 LOAD: AVG 0.0537513 MAX 0.0593864  PROXIES: TOTAL 28 MAXPE 4 MAXPATCH 7 RefineTorusLB MEM: 0.443348 MB
LDB: TIME 419.357 LOAD: AVG 0.0537513 MAX 0.0586372  PROXIES: TOTAL 27 MAXPE 4 MAXPATCH 7 RefineTorusLB MEM: 0.443348 MB
LDB: ============== END OF LOAD BALANCING =============== 419.357
Info: useSync: 0 useProxySync: 0
LDB: =============== DONE WITH MIGRATION ================ 419.357
WRITING COORDINATES TO DCD FILE MDequil.dcd AT STEP 240000
PRESSURE: 240000 -695.649 -409.827 -173.06 503.262 -517.785 -168.576 -850.41 -394.797 339.828
GPRESSURE: 240000 -677.817 -218.683 -197.618 463.065 -403.611 -309.53 -994.59 -212.534 279.069
PRESSAVG: 240000 -445.299 14.9753 71.4701 10.4622 -402.019 26.4176 -11.3096 -0.283457 27.4959
GPRESSAVG: 240000 -445.599 15.3913 71.3465 11.0597 -401.85 26.6025 -11.0809 -0.183334 27.3681
ENERGY:  240000         0.0000         0.0000         0.0000         0.0000          -5608.4502       395.5132         0.0000         0.0000       933.4275          -4279.5094       296.5417     -5212.9369     -4277.8675       300.8473           -291.2023      -267.4531     22908.7863      -273.2738      -273.3602

LDB: ============= START OF LOAD BALANCING ============== 422.016
LDB: ============== END OF LOAD BALANCING =============== 422.016
Info: useSync: 0 useProxySync: 0
LDB: =============== DONE WITH MIGRATION ================ 422.016
LDB: ============= START OF LOAD BALANCING ============== 422.08
LDB: Largest compute 6 load 0.012548 is 23.7% of average load 0.053021
LDB: Average compute 0.003744 is 7.1% of average load 0.053021
LDB: TIME 422.08 LOAD: AVG 0.053021 MAX 0.0573178  PROXIES: TOTAL 24 MAXPE 4 MAXPATCH 6 None MEM: 0.443348 MB
LDB: TIME 422.081 LOAD: AVG 0.053021 MAX 0.0573178  PROXIES: TOTAL 27 MAXPE 4 MAXPATCH 7 RefineTorusLB MEM: 0.443348 MB
LDB: TIME 422.081 LOAD: AVG 0.053021 MAX 0.0573178  PROXIES: TOTAL 27 MAXPE 4 MAXPATCH 7 RefineTorusLB MEM: 0.443348 MB
LDB: ============== END OF LOAD BALANCING =============== 422.081
Info: useSync: 0 useProxySync: 0
LDB: =============== DONE WITH MIGRATION ================ 422.081
LDB: ============= START OF LOAD BALANCING ============== 424.64
LDB: ============== END OF LOAD BALANCING =============== 424.64
Info: useSync: 0 useProxySync: 0
LDB: =============== DONE WITH MIGRATION ================ 424.641
LDB: ============= START OF LOAD BALANCING ============== 424.705
LDB: Largest compute 142 load 0.012574 is 23.2% of average load 0.054231
LDB: Average compute 0.003849 is 7.1% of average load 0.054231
LDB: TIME 424.706 LOAD: AVG 0.0542313 MAX 0.0583928  PROXIES: TOTAL 24 MAXPE 4 MAXPATCH 6 None MEM: 0.443348 MB
LDB: TIME 424.706 LOAD: AVG 0.0542313 MAX 0.0583928  PROXIES: TOTAL 27 MAXPE 4 MAXPATCH 7 RefineTorusLB MEM: 0.443348 MB
LDB: TIME 424.706 LOAD: AVG 0.0542313 MAX 0.0583928  PROXIES: TOTAL 27 MAXPE 4 MAXPATCH 7 RefineTorusLB MEM: 0.443348 MB
LDB: ============== END OF LOAD BALANCING =============== 424.706
Info: useSync: 0 useProxySync: 0
LDB: =============== DONE WITH MIGRATION ================ 424.706
LDB: ============= START OF LOAD BALANCING ============== 427.284
LDB: ============== END OF LOAD BALANCING =============== 427.284
Info: useSync: 0 useProxySync: 0
LDB: =============== DONE WITH MIGRATION ================ 427.284
LDB: ============= START OF LOAD BALANCING ============== 427.35
LDB: Largest compute 141 load 0.013362 is 25.0% of average load 0.053522
LDB: Average compute 0.003780 is 7.1% of average load 0.053522
LDB: TIME 427.35 LOAD: AVG 0.0535225 MAX 0.0592518  PROXIES: TOTAL 24 MAXPE 4 MAXPATCH 6 None MEM: 0.443348 MB
LDB: TIME 427.35 LOAD: AVG 0.0535225 MAX 0.0592518  PROXIES: TOTAL 27 MAXPE 4 MAXPATCH 7 RefineTorusLB MEM: 0.443348 MB
LDB: TIME 427.35 LOAD: AVG 0.0535225 MAX 0.0582836  PROXIES: TOTAL 27 MAXPE 4 MAXPATCH 7 RefineTorusLB MEM: 0.443348 MB
LDB: ============== END OF LOAD BALANCING =============== 427.35
Info: useSync: 0 useProxySync: 0
LDB: =============== DONE WITH MIGRATION ================ 427.35
WRITING COORDINATES TO DCD FILE MDequil.dcd AT STEP 245000
PRESSURE: 245000 -642.273 -86.824 -182.421 -363.448 -560.15 -41.4758 -382.591 155.444 -260.931
GPRESSURE: 245000 -782.186 -100.775 -60.8774 -309.753 -406.665 -90.0603 -456.266 152.858 -221.86
PRESSAVG: 245000 -370.064 -9.54594 89.6692 -4.118 -319.917 4.17822 16.7671 0.77426 0.0779384
GPRESSAVG: 245000 -369.717 -9.96641 89.8345 -3.82111 -319.578 3.86089 16.4436 1.054 0.150233
ENERGY:  245000         0.0000         0.0000         0.0000         0.0000          -5583.9988       354.9375         0.0000         0.0000       954.4074          -4274.6540       303.2068     -5229.0614     -4271.7723       296.8171           -487.7844      -470.2370     22685.9674      -229.9675      -229.7149

LDB: ============= START OF LOAD BALANCING ============== 429.916
LDB: ============== END OF LOAD BALANCING =============== 429.917
Info: useSync: 0 useProxySync: 0
LDB: =============== DONE WITH MIGRATION ================ 429.917
LDB: ============= START OF LOAD BALANCING ============== 429.982
LDB: Largest compute 161 load 0.012858 is 24.0% of average load 0.053683
LDB: Average compute 0.003790 is 7.1% of average load 0.053683
LDB: TIME 429.982 LOAD: AVG 0.0536832 MAX 0.0577519  PROXIES: TOTAL 24 MAXPE 4 MAXPATCH 6 None MEM: 0.443348 MB
LDB: TIME 429.982 LOAD: AVG 0.0536832 MAX 0.0577519  PROXIES: TOTAL 27 MAXPE 4 MAXPATCH 7 RefineTorusLB MEM: 0.443348 MB
LDB: TIME 429.982 LOAD: AVG 0.0536832 MAX 0.0577519  PROXIES: TOTAL 27 MAXPE 4 MAXPATCH 7 RefineTorusLB MEM: 0.443348 MB
LDB: ============== END OF LOAD BALANCING =============== 429.982
Info: useSync: 0 useProxySync: 0
LDB: =============== DONE WITH MIGRATION ================ 429.982
LDB: ============= START OF LOAD BALANCING ============== 432.53
LDB: ============== END OF LOAD BALANCING =============== 432.53
Info: useSync: 0 useProxySync: 0
LDB: =============== DONE WITH MIGRATION ================ 432.542
LDB: ============= START OF LOAD BALANCING ============== 432.607
LDB: Largest compute 7 load 0.013151 is 25.1% of average load 0.052402
LDB: Average compute 0.003693 is 7.0% of average load 0.052402
LDB: TIME 432.608 LOAD: AVG 0.0524022 MAX 0.0595  PROXIES: TOTAL 24 MAXPE 4 MAXPATCH 6 None MEM: 0.443348 MB
LDB: TIME 432.608 LOAD: AVG 0.0524022 MAX 0.0595  PROXIES: TOTAL 27 MAXPE 4 MAXPATCH 7 RefineTorusLB MEM: 0.443348 MB
LDB: TIME 432.608 LOAD: AVG 0.0524022 MAX 0.0571135  PROXIES: TOTAL 28 MAXPE 4 MAXPATCH 7 RefineTorusLB MEM: 0.443348 MB
LDB: ============== END OF LOAD BALANCING =============== 432.608
Info: useSync: 0 useProxySync: 0
LDB: =============== DONE WITH MIGRATION ================ 432.608
WRITING COORDINATES TO DCD FILE MDequil.dcd AT STEP 250000
WRITING COORDINATES TO RESTART FILE AT STEP 250000
FINISHED WRITING RESTART COORDINATES
WRITING VELOCITIES TO RESTART FILE AT STEP 250000
FINISHED WRITING RESTART VELOCITIES
The last velocity output (seq=250000) takes 0.000 seconds, 0.443 MB of memory in use
PRESSURE: 250000 556.012 84.2006 643.633 -347.14 -371.137 14.7046 442.985 -157.609 -929.851
GPRESSURE: 250000 410.563 103.717 547.487 -589.781 -367.445 265.239 629.957 -261.47 -757.655
PRESSAVG: 250000 -305.416 -30.7563 -30.2644 -16.1741 -382.18 24.4946 -51.213 7.89203 -3.28769
GPRESSAVG: 250000 -305.236 -30.6496 -30.5505 -16.3175 -382.234 24.6941 -50.6928 7.66051 -3.09809
TIMING: 250000  CPU: 411.947, 0.00173354/step  Wall: 423.389, 0.0017947/step, 0.124632 hours remaining, 0.443348 MB of memory in use.
PERFORMANCE: 250000  averaging 102.036 ns/day, 0.00169352 sec/step with standard deviation 0.000420774
ETITLE:      TS           BOND          ANGLE          DIHED          IMPRP               ELECT            VDW       BOUNDARY           MISC        KINETIC               TOTAL           TEMP      POTENTIAL         TOTAL3        TEMPAVG            PRESSURE      GPRESSURE         VOLUME       PRESSAVG      GPRESSAVG

ENERGY:  250000         0.0000         0.0000         0.0000         0.0000          -5645.6937       419.6135         0.0000         0.0000       984.6274          -4241.4529       312.8075     -5226.0802     -4240.3496       298.3455           -248.3253      -238.1791     22997.8496      -230.2945      -230.1895

WRITING EXTENDED SYSTEM TO RESTART FILE AT STEP 250000
LDB: ============= START OF LOAD BALANCING ============== 435.109
LDB: ============== END OF LOAD BALANCING =============== 435.109
Info: useSync: 0 useProxySync: 0
LDB: =============== DONE WITH MIGRATION ================ 435.109
LDB: ============= START OF LOAD BALANCING ============== 435.173
LDB: Largest compute 145 load 0.012165 is 22.9% of average load 0.053028
LDB: Average compute 0.003738 is 7.0% of average load 0.053028
LDB: TIME 435.173 LOAD: AVG 0.0530283 MAX 0.0579788  PROXIES: TOTAL 24 MAXPE 4 MAXPATCH 6 None MEM: 0.443348 MB
LDB: TIME 435.173 LOAD: AVG 0.0530283 MAX 0.0579788  PROXIES: TOTAL 28 MAXPE 4 MAXPATCH 7 RefineTorusLB MEM: 0.443348 MB
LDB: TIME 435.173 LOAD: AVG 0.0530283 MAX 0.0574789  PROXIES: TOTAL 28 MAXPE 4 MAXPATCH 7 RefineTorusLB MEM: 0.443348 MB
LDB: ============== END OF LOAD BALANCING =============== 435.173
Info: useSync: 0 useProxySync: 0
LDB: =============== DONE WITH MIGRATION ================ 435.174
LDB: ============= START OF LOAD BALANCING ============== 437.692
LDB: ============== END OF LOAD BALANCING =============== 437.693
Info: useSync: 0 useProxySync: 0
LDB: =============== DONE WITH MIGRATION ================ 437.693
LDB: ============= START OF LOAD BALANCING ============== 437.759
LDB: Largest compute 7 load 0.013454 is 24.4% of average load 0.055191
LDB: Average compute 0.003903 is 7.1% of average load 0.055191
LDB: TIME 437.759 LOAD: AVG 0.0551909 MAX 0.0597016  PROXIES: TOTAL 24 MAXPE 4 MAXPATCH 6 None MEM: 0.443348 MB
LDB: TIME 437.759 LOAD: AVG 0.0551909 MAX 0.0597016  PROXIES: TOTAL 28 MAXPE 4 MAXPATCH 7 RefineTorusLB MEM: 0.443348 MB
LDB: TIME 437.759 LOAD: AVG 0.0551909 MAX 0.0597016  PROXIES: TOTAL 28 MAXPE 4 MAXPATCH 7 RefineTorusLB MEM: 0.443348 MB
LDB: ============== END OF LOAD BALANCING =============== 437.759
Info: useSync: 0 useProxySync: 0
LDB: =============== DONE WITH MIGRATION ================ 437.759
LDB: ============= START OF LOAD BALANCING ============== 440.306
LDB: ============== END OF LOAD BALANCING =============== 440.306
Info: useSync: 0 useProxySync: 0
LDB: =============== DONE WITH MIGRATION ================ 440.307
LDB: ============= START OF LOAD BALANCING ============== 440.372
LDB: Largest compute 147 load 0.013083 is 24.0% of average load 0.054519
LDB: Average compute 0.003855 is 7.1% of average load 0.054519
LDB: TIME 440.372 LOAD: AVG 0.0545186 MAX 0.0597497  PROXIES: TOTAL 24 MAXPE 4 MAXPATCH 6 None MEM: 0.443348 MB
LDB: TIME 440.373 LOAD: AVG 0.0545186 MAX 0.0597497  PROXIES: TOTAL 28 MAXPE 4 MAXPATCH 7 RefineTorusLB MEM: 0.443348 MB
LDB: TIME 440.373 LOAD: AVG 0.0545186 MAX 0.059284  PROXIES: TOTAL 28 MAXPE 4 MAXPATCH 7 RefineTorusLB MEM: 0.443348 MB
LDB: ============== END OF LOAD BALANCING =============== 440.373
Info: useSync: 0 useProxySync: 0
LDB: =============== DONE WITH MIGRATION ================ 440.373
WRITING COORDINATES TO DCD FILE MDequil.dcd AT STEP 255000
PRESSURE: 255000 -943.368 141.678 -615.414 -229.569 -853.269 340.037 -555.147 -228.214 -1176.14
GPRESSURE: 255000 -1010.55 464.002 -593.346 -512.431 -748.48 233.866 -680.805 -170.51 -1199.33
PRESSAVG: 255000 -285.195 3.19767 -19.8028 29.8844 -281.881 58.4816 30.0854 20.4709 25.7444
GPRESSAVG: 255000 -285.269 2.79686 -19.5798 30.1766 -281.707 58.615 29.9309 19.8951 25.6407
ENERGY:  255000         0.0000         0.0000         0.0000         0.0000          -5557.1828       347.3102         0.0000         0.0000       944.0239          -4265.8487       299.9081     -5209.8726     -4263.8424       299.4090           -990.9250      -986.1214     22865.8411      -180.4438      -180.4452

LDB: ============= START OF LOAD BALANCING ============== 442.884
LDB: ============== END OF LOAD BALANCING =============== 442.895
Info: useSync: 0 useProxySync: 0
LDB: =============== DONE WITH MIGRATION ================ 442.895
LDB: ============= START OF LOAD BALANCING ============== 442.959
LDB: Largest compute 148 load 0.012245 is 23.2% of average load 0.052668
LDB: Average compute 0.003711 is 7.0% of average load 0.052668
LDB: TIME 442.959 LOAD: AVG 0.0526677 MAX 0.0566054  PROXIES: TOTAL 24 MAXPE 4 MAXPATCH 6 None MEM: 0.443348 MB
LDB: TIME 442.959 LOAD: AVG 0.0526677 MAX 0.0566054  PROXIES: TOTAL 28 MAXPE 4 MAXPATCH 7 RefineTorusLB MEM: 0.443348 MB
LDB: TIME 442.959 LOAD: AVG 0.0526677 MAX 0.0566054  PROXIES: TOTAL 28 MAXPE 4 MAXPATCH 7 RefineTorusLB MEM: 0.443348 MB
LDB: ============== END OF LOAD BALANCING =============== 442.959
Info: useSync: 0 useProxySync: 0
LDB: =============== DONE WITH MIGRATION ================ 442.959
LDB: ============= START OF LOAD BALANCING ============== 445.491
LDB: ============== END OF LOAD BALANCING =============== 445.491
Info: useSync: 0 useProxySync: 0
LDB: =============== DONE WITH MIGRATION ================ 445.492
LDB: ============= START OF LOAD BALANCING ============== 445.556
LDB: Largest compute 145 load 0.012430 is 23.2% of average load 0.053574
LDB: Average compute 0.003778 is 7.1% of average load 0.053574
LDB: TIME 445.556 LOAD: AVG 0.0535735 MAX 0.0585424  PROXIES: TOTAL 24 MAXPE 4 MAXPATCH 6 None MEM: 0.443348 MB
LDB: TIME 445.557 LOAD: AVG 0.0535735 MAX 0.0585424  PROXIES: TOTAL 28 MAXPE 4 MAXPATCH 7 RefineTorusLB MEM: 0.443348 MB
LDB: TIME 445.557 LOAD: AVG 0.0535735 MAX 0.0583867  PROXIES: TOTAL 28 MAXPE 4 MAXPATCH 7 RefineTorusLB MEM: 0.443348 MB
LDB: ============== END OF LOAD BALANCING =============== 445.557
Info: useSync: 0 useProxySync: 0
LDB: =============== DONE WITH MIGRATION ================ 445.557
WRITING COORDINATES TO DCD FILE MDequil.dcd AT STEP 260000
PRESSURE: 260000 -40.9058 -424.74 -29.6548 -561.503 -419.707 971.75 -281.035 733.671 788.925
GPRESSURE: 260000 -9.47325 -574.504 9.41929 -187.066 -361.254 848.929 -521.984 569.343 753.405
PRESSAVG: 260000 -330.092 31.1171 2.90841 -61.7499 -378.545 5.10735 43.2767 -29.0368 -15.4399
GPRESSAVG: 260000 -330.262 31.1507 2.9955 -61.3071 -378.436 5.00351 42.9787 -28.7892 -15.0846
ENERGY:  260000         0.0000         0.0000         0.0000         0.0000          -5647.3441       403.5839         0.0000         0.0000       921.1979          -4322.5623       292.6565     -5243.7602     -4320.8477       294.7676            109.4376       127.5591     22526.9552      -241.3589      -241.2610

LDB: ============= START OF LOAD BALANCING ============== 448.072
LDB: ============== END OF LOAD BALANCING =============== 448.072
Info: useSync: 0 useProxySync: 0
LDB: =============== DONE WITH MIGRATION ================ 448.072
LDB: ============= START OF LOAD BALANCING ============== 448.138
LDB: Largest compute 145 load 0.013052 is 23.7% of average load 0.054974
LDB: Average compute 0.003885 is 7.1% of average load 0.054974
LDB: TIME 448.138 LOAD: AVG 0.0549736 MAX 0.0591147  PROXIES: TOTAL 24 MAXPE 4 MAXPATCH 6 None MEM: 0.443348 MB
LDB: TIME 448.138 LOAD: AVG 0.0549736 MAX 0.0591147  PROXIES: TOTAL 28 MAXPE 4 MAXPATCH 7 RefineTorusLB MEM: 0.443348 MB
LDB: TIME 448.138 LOAD: AVG 0.0549736 MAX 0.0591147  PROXIES: TOTAL 28 MAXPE 4 MAXPATCH 7 RefineTorusLB MEM: 0.443348 MB
LDB: ============== END OF LOAD BALANCING =============== 448.138
Info: useSync: 0 useProxySync: 0
LDB: =============== DONE WITH MIGRATION ================ 448.139
LDB: ============= START OF LOAD BALANCING ============== 450.676
LDB: ============== END OF LOAD BALANCING =============== 450.676
Info: useSync: 0 useProxySync: 0
LDB: =============== DONE WITH MIGRATION ================ 450.676
LDB: ============= START OF LOAD BALANCING ============== 450.741
LDB: Largest compute 147 load 0.012986 is 24.0% of average load 0.054123
LDB: Average compute 0.003820 is 7.1% of average load 0.054123
LDB: TIME 450.741 LOAD: AVG 0.0541229 MAX 0.0588528  PROXIES: TOTAL 24 MAXPE 4 MAXPATCH 6 None MEM: 0.443348 MB
LDB: TIME 450.741 LOAD: AVG 0.0541229 MAX 0.0588528  PROXIES: TOTAL 28 MAXPE 4 MAXPATCH 7 RefineTorusLB MEM: 0.443348 MB
LDB: TIME 450.741 LOAD: AVG 0.0541229 MAX 0.0588528  PROXIES: TOTAL 28 MAXPE 4 MAXPATCH 7 RefineTorusLB MEM: 0.443348 MB
LDB: ============== END OF LOAD BALANCING =============== 450.741
Info: useSync: 0 useProxySync: 0
LDB: =============== DONE WITH MIGRATION ================ 450.742
LDB: ============= START OF LOAD BALANCING ============== 453.248
LDB: ============== END OF LOAD BALANCING =============== 453.249
Info: useSync: 0 useProxySync: 0
LDB: =============== DONE WITH MIGRATION ================ 453.249
LDB: ============= START OF LOAD BALANCING ============== 453.313
LDB: Largest compute 148 load 0.014196 is 26.0% of average load 0.054530
LDB: Average compute 0.003845 is 7.1% of average load 0.054530
LDB: TIME 453.314 LOAD: AVG 0.0545301 MAX 0.0580639  PROXIES: TOTAL 24 MAXPE 4 MAXPATCH 6 None MEM: 0.443348 MB
LDB: TIME 453.314 LOAD: AVG 0.0545301 MAX 0.0580639  PROXIES: TOTAL 28 MAXPE 4 MAXPATCH 7 RefineTorusLB MEM: 0.443348 MB
LDB: TIME 453.314 LOAD: AVG 0.0545301 MAX 0.0580639  PROXIES: TOTAL 28 MAXPE 4 MAXPATCH 7 RefineTorusLB MEM: 0.443348 MB
LDB: ============== END OF LOAD BALANCING =============== 453.314
Info: useSync: 0 useProxySync: 0
LDB: =============== DONE WITH MIGRATION ================ 453.314
WRITING COORDINATES TO DCD FILE MDequil.dcd AT STEP 265000
PRESSURE: 265000 -537.189 -693.615 651.922 -589.845 -290.194 187.118 614.291 231.25 760.45
GPRESSURE: 265000 -386.565 -776.209 673.443 -569.219 -375.68 129.976 260.542 164.861 739.812
PRESSAVG: 265000 -297.886 28.2551 -42.6934 0.791571 -342.615 -47.9686 -36.4356 -75.255 7.16386
GPRESSAVG: 265000 -297.512 28.3388 -43.164 0.365526 -342.507 -48.0309 -36.2941 -74.889 6.89449
ENERGY:  265000         0.0000         0.0000         0.0000         0.0000          -5576.9565       371.5401         0.0000         0.0000       952.2088          -4253.2076       302.5084     -5205.4164     -4250.2819       298.2351            -22.3106        -7.4773     22507.8106      -211.1124      -211.0415

LDB: ============= START OF LOAD BALANCING ============== 455.963
LDB: ============== END OF LOAD BALANCING =============== 455.963
Info: useSync: 0 useProxySync: 0
LDB: =============== DONE WITH MIGRATION ================ 455.963
LDB: ============= START OF LOAD BALANCING ============== 456.027
LDB: Largest compute 6 load 0.012244 is 23.0% of average load 0.053281
LDB: Average compute 0.003761 is 7.1% of average load 0.053281
LDB: TIME 456.027 LOAD: AVG 0.0532815 MAX 0.057534  PROXIES: TOTAL 24 MAXPE 4 MAXPATCH 6 None MEM: 0.443348 MB
LDB: TIME 456.027 LOAD: AVG 0.0532815 MAX 0.057534  PROXIES: TOTAL 28 MAXPE 4 MAXPATCH 7 RefineTorusLB MEM: 0.443348 MB
LDB: TIME 456.027 LOAD: AVG 0.0532815 MAX 0.057534  PROXIES: TOTAL 28 MAXPE 4 MAXPATCH 7 RefineTorusLB MEM: 0.443348 MB
LDB: ============== END OF LOAD BALANCING =============== 456.027
Info: useSync: 0 useProxySync: 0
LDB: =============== DONE WITH MIGRATION ================ 456.027
LDB: ============= START OF LOAD BALANCING ============== 458.5
LDB: ============== END OF LOAD BALANCING =============== 458.5
Info: useSync: 0 useProxySync: 0
LDB: =============== DONE WITH MIGRATION ================ 458.5
LDB: ============= START OF LOAD BALANCING ============== 458.567
LDB: Largest compute 7 load 0.012889 is 23.9% of average load 0.053902
LDB: Average compute 0.003790 is 7.0% of average load 0.053902
LDB: TIME 458.567 LOAD: AVG 0.0539022 MAX 0.059584  PROXIES: TOTAL 24 MAXPE 4 MAXPATCH 6 None MEM: 0.443348 MB
LDB: TIME 458.567 LOAD: AVG 0.0539022 MAX 0.059584  PROXIES: TOTAL 28 MAXPE 4 MAXPATCH 7 RefineTorusLB MEM: 0.443348 MB
LDB: TIME 458.567 LOAD: AVG 0.0539022 MAX 0.0583671  PROXIES: TOTAL 28 MAXPE 4 MAXPATCH 7 RefineTorusLB MEM: 0.443348 MB
LDB: ============== END OF LOAD BALANCING =============== 458.567
Info: useSync: 0 useProxySync: 0
LDB: =============== DONE WITH MIGRATION ================ 458.567
WRITING COORDINATES TO DCD FILE MDequil.dcd AT STEP 270000
PRESSURE: 270000 -496.303 -502.728 -153.935 -253.354 179.548 -426.208 -190.509 -303.443 -655.7
GPRESSURE: 270000 -467.067 -361.347 -143.362 -346.67 151.705 -297.01 -463.828 -67.6863 -595.408
PRESSAVG: 270000 -367.08 -24.1083 -95.985 -25.5728 -376.84 11.696 -84.5616 29.7367 24.1271
GPRESSAVG: 270000 -366.977 -23.6961 -95.6428 -25.6285 -376.843 12.096 -84.6087 29.2354 24.2691
ENERGY:  270000         0.0000         0.0000         0.0000         0.0000          -5559.8432       379.2033         0.0000         0.0000       987.5175          -4193.1224       313.7257     -5180.6399     -4189.9092       305.0801           -324.1515      -303.5900     23033.0045      -239.9311      -239.8504

LDB: ============= START OF LOAD BALANCING ============== 461.065
LDB: ============== END OF LOAD BALANCING =============== 461.066
Info: useSync: 0 useProxySync: 0
LDB: =============== DONE WITH MIGRATION ================ 461.066
LDB: ============= START OF LOAD BALANCING ============== 461.129
LDB: Largest compute 145 load 0.012162 is 23.0% of average load 0.052919
LDB: Average compute 0.003732 is 7.1% of average load 0.052919
LDB: TIME 461.129 LOAD: AVG 0.0529194 MAX 0.0581169  PROXIES: TOTAL 24 MAXPE 4 MAXPATCH 6 None MEM: 0.443348 MB
LDB: TIME 461.13 LOAD: AVG 0.0529194 MAX 0.0581169  PROXIES: TOTAL 28 MAXPE 4 MAXPATCH 7 RefineTorusLB MEM: 0.443348 MB
LDB: TIME 461.13 LOAD: AVG 0.0529194 MAX 0.0576219  PROXIES: TOTAL 28 MAXPE 4 MAXPATCH 7 RefineTorusLB MEM: 0.443348 MB
LDB: ============== END OF LOAD BALANCING =============== 461.13
Info: useSync: 0 useProxySync: 0
LDB: =============== DONE WITH MIGRATION ================ 461.13
LDB: ============= START OF LOAD BALANCING ============== 463.634
LDB: ============== END OF LOAD BALANCING =============== 463.634
Info: useSync: 0 useProxySync: 0
LDB: =============== DONE WITH MIGRATION ================ 463.637
LDB: ============= START OF LOAD BALANCING ============== 463.702
LDB: Largest compute 5 load 0.013182 is 24.1% of average load 0.054748
LDB: Average compute 0.003858 is 7.0% of average load 0.054748
LDB: TIME 463.702 LOAD: AVG 0.0547478 MAX 0.0601936  PROXIES: TOTAL 24 MAXPE 4 MAXPATCH 6 None MEM: 0.443348 MB
LDB: TIME 463.702 LOAD: AVG 0.0547478 MAX 0.0601936  PROXIES: TOTAL 28 MAXPE 4 MAXPATCH 7 RefineTorusLB MEM: 0.443348 MB
LDB: TIME 463.702 LOAD: AVG 0.0547478 MAX 0.0590054  PROXIES: TOTAL 28 MAXPE 4 MAXPATCH 7 RefineTorusLB MEM: 0.443348 MB
LDB: ============== END OF LOAD BALANCING =============== 463.702
Info: useSync: 0 useProxySync: 0
LDB: =============== DONE WITH MIGRATION ================ 463.703
LDB: ============= START OF LOAD BALANCING ============== 466.194
LDB: ============== END OF LOAD BALANCING =============== 466.194
Info: useSync: 0 useProxySync: 0
LDB: =============== DONE WITH MIGRATION ================ 466.194
LDB: ============= START OF LOAD BALANCING ============== 466.258
LDB: Largest compute 143 load 0.012942 is 23.8% of average load 0.054272
LDB: Average compute 0.003842 is 7.1% of average load 0.054272
LDB: TIME 466.259 LOAD: AVG 0.0542717 MAX 0.0584705  PROXIES: TOTAL 24 MAXPE 4 MAXPATCH 6 None MEM: 0.443348 MB
LDB: TIME 466.259 LOAD: AVG 0.0542717 MAX 0.0584705  PROXIES: TOTAL 28 MAXPE 4 MAXPATCH 7 RefineTorusLB MEM: 0.443348 MB
LDB: TIME 466.259 LOAD: AVG 0.0542717 MAX 0.0584705  PROXIES: TOTAL 28 MAXPE 4 MAXPATCH 7 RefineTorusLB MEM: 0.443348 MB
LDB: ============== END OF LOAD BALANCING =============== 466.259
Info: useSync: 0 useProxySync: 0
LDB: =============== DONE WITH MIGRATION ================ 466.259
WRITING COORDINATES TO DCD FILE MDequil.dcd AT STEP 275000
PRESSURE: 275000 -202.431 137.992 -81.7045 -307.464 79.248 469.435 -802.316 120.157 65.3529
GPRESSURE: 275000 -166.024 97.9448 -385.331 -490.152 87.1674 562.516 -553.847 -226.867 49.7636
PRESSAVG: 275000 -191.643 54.4565 -39.4049 27.6313 -292.264 12.5102 7.569 26.9781 6.38426
GPRESSAVG: 275000 -191.384 53.9637 -39.6219 27.6976 -292.012 11.9646 7.64292 27.4456 6.09319
ENERGY:  275000         0.0000         0.0000         0.0000         0.0000          -5617.8912       375.2502         0.0000         0.0000       982.1379          -4260.5031       312.0166     -5242.6410     -4259.0094       301.3934            -19.2767        -9.6977     22268.0665      -159.1744      -159.1007

LDB: ============= START OF LOAD BALANCING ============== 468.78
LDB: ============== END OF LOAD BALANCING =============== 468.78
Info: useSync: 0 useProxySync: 0
LDB: =============== DONE WITH MIGRATION ================ 468.792
LDB: ============= START OF LOAD BALANCING ============== 468.854
LDB: Largest compute 7 load 0.012681 is 23.8% of average load 0.053198
LDB: Average compute 0.003764 is 7.1% of average load 0.053198
LDB: TIME 468.855 LOAD: AVG 0.0531978 MAX 0.0566119  PROXIES: TOTAL 24 MAXPE 4 MAXPATCH 6 None MEM: 0.443348 MB
LDB: TIME 468.855 LOAD: AVG 0.0531978 MAX 0.0566119  PROXIES: TOTAL 28 MAXPE 4 MAXPATCH 7 RefineTorusLB MEM: 0.443348 MB
LDB: TIME 468.855 LOAD: AVG 0.0531978 MAX 0.0566119  PROXIES: TOTAL 28 MAXPE 4 MAXPATCH 7 RefineTorusLB MEM: 0.443348 MB
LDB: ============== END OF LOAD BALANCING =============== 468.855
Info: useSync: 0 useProxySync: 0
LDB: =============== DONE WITH MIGRATION ================ 468.855
LDB: ============= START OF LOAD BALANCING ============== 471.387
LDB: ============== END OF LOAD BALANCING =============== 471.387
Info: useSync: 0 useProxySync: 0
LDB: =============== DONE WITH MIGRATION ================ 471.387
LDB: ============= START OF LOAD BALANCING ============== 471.451
LDB: Largest compute 7 load 0.013282 is 24.7% of average load 0.053733
LDB: Average compute 0.003796 is 7.1% of average load 0.053733
LDB: TIME 471.451 LOAD: AVG 0.0537332 MAX 0.0578134  PROXIES: TOTAL 24 MAXPE 4 MAXPATCH 6 None MEM: 0.443348 MB
LDB: TIME 471.451 LOAD: AVG 0.0537332 MAX 0.0578134  PROXIES: TOTAL 28 MAXPE 4 MAXPATCH 7 RefineTorusLB MEM: 0.443348 MB
LDB: TIME 471.451 LOAD: AVG 0.0537332 MAX 0.0578134  PROXIES: TOTAL 28 MAXPE 4 MAXPATCH 7 RefineTorusLB MEM: 0.443348 MB
LDB: ============== END OF LOAD BALANCING =============== 471.451
Info: useSync: 0 useProxySync: 0
LDB: =============== DONE WITH MIGRATION ================ 471.452
WRITING COORDINATES TO DCD FILE MDequil.dcd AT STEP 280000
PRESSURE: 280000 -340.62 -170.685 240.816 476.486 -224.192 22.4312 804.493 140.13 364.279
GPRESSURE: 280000 -268.828 -99.4957 80.3867 573.679 -117.023 -77.9137 765.091 141.424 259.038
PRESSAVG: 280000 -383.577 -11.9697 -49.5196 -12.3943 -315.6 -0.744127 -30.9219 29.7602 -15.6909
GPRESSAVG: 280000 -383.483 -11.6079 -49.6889 -12.9552 -315.841 -0.715683 -30.576 29.7875 -15.9037
ENERGY:  280000         0.0000         0.0000         0.0000         0.0000          -5607.6915       409.1923         0.0000         0.0000       949.9739          -4248.5253       301.7984     -5198.4992     -4246.8699       298.1207            -66.8446       -42.2710     22848.5891      -238.2895      -238.4095

LDB: ============= START OF LOAD BALANCING ============== 473.946
LDB: ============== END OF LOAD BALANCING =============== 473.947
Info: useSync: 0 useProxySync: 0
LDB: =============== DONE WITH MIGRATION ================ 473.947
LDB: ============= START OF LOAD BALANCING ============== 474.012
LDB: Largest compute 148 load 0.012894 is 23.8% of average load 0.054139
LDB: Average compute 0.003821 is 7.1% of average load 0.054139
LDB: TIME 474.012 LOAD: AVG 0.0541388 MAX 0.0603896  PROXIES: TOTAL 24 MAXPE 4 MAXPATCH 6 None MEM: 0.443348 MB
LDB: TIME 474.013 LOAD: AVG 0.0541388 MAX 0.0603896  PROXIES: TOTAL 28 MAXPE 4 MAXPATCH 7 RefineTorusLB MEM: 0.443348 MB
LDB: TIME 474.013 LOAD: AVG 0.0541388 MAX 0.0579436  PROXIES: TOTAL 28 MAXPE 4 MAXPATCH 7 RefineTorusLB MEM: 0.443348 MB
LDB: ============== END OF LOAD BALANCING =============== 474.013
Info: useSync: 0 useProxySync: 0
LDB: =============== DONE WITH MIGRATION ================ 474.013
LDB: ============= START OF LOAD BALANCING ============== 476.495
LDB: ============== END OF LOAD BALANCING =============== 476.495
Info: useSync: 0 useProxySync: 0
LDB: =============== DONE WITH MIGRATION ================ 476.495
LDB: ============= START OF LOAD BALANCING ============== 476.559
LDB: Largest compute 145 load 0.012464 is 23.4% of average load 0.053323
LDB: Average compute 0.003765 is 7.1% of average load 0.053323
LDB: TIME 476.559 LOAD: AVG 0.0533234 MAX 0.0584989  PROXIES: TOTAL 24 MAXPE 4 MAXPATCH 6 None MEM: 0.443348 MB
LDB: TIME 476.559 LOAD: AVG 0.0533234 MAX 0.0584989  PROXIES: TOTAL 28 MAXPE 4 MAXPATCH 7 RefineTorusLB MEM: 0.443348 MB
LDB: TIME 476.559 LOAD: AVG 0.0533234 MAX 0.0581078  PROXIES: TOTAL 28 MAXPE 4 MAXPATCH 7 RefineTorusLB MEM: 0.443348 MB
LDB: ============== END OF LOAD BALANCING =============== 476.559
Info: useSync: 0 useProxySync: 0
LDB: =============== DONE WITH MIGRATION ================ 476.56
LDB: ============= START OF LOAD BALANCING ============== 479.032
LDB: ============== END OF LOAD BALANCING =============== 479.032
Info: useSync: 0 useProxySync: 0
LDB: =============== DONE WITH MIGRATION ================ 479.032
LDB: ============= START OF LOAD BALANCING ============== 479.095
LDB: Largest compute 145 load 0.012197 is 22.8% of average load 0.053577
LDB: Average compute 0.003783 is 7.1% of average load 0.053577
LDB: TIME 479.096 LOAD: AVG 0.0535774 MAX 0.0585166  PROXIES: TOTAL 24 MAXPE 4 MAXPATCH 6 None MEM: 0.443348 MB
LDB: TIME 479.096 LOAD: AVG 0.0535774 MAX 0.0585166  PROXIES: TOTAL 28 MAXPE 4 MAXPATCH 7 RefineTorusLB MEM: 0.443348 MB
LDB: TIME 479.096 LOAD: AVG 0.0535774 MAX 0.058269  PROXIES: TOTAL 28 MAXPE 4 MAXPATCH 7 RefineTorusLB MEM: 0.443348 MB
LDB: ============== END OF LOAD BALANCING =============== 479.096
Info: useSync: 0 useProxySync: 0
LDB: =============== DONE WITH MIGRATION ================ 479.096
PRESSURE: 285000 122.034 -254.658 357.001 -578.293 -9.61505 -633.48 473.98 -345.837 -674.284
GPRESSURE: 285000 104.965 -200.609 416.602 -670.58 73.9896 -461.476 439.924 -265.302 -662.278
PRESSAVG: 285000 -417.983 -45.0064 15.4729 -10.3124 -471.47 -5.70267 -21.3063 -0.439645 -10.7618
GPRESSAVG: 285000 -418.164 -45.3965 15.8077 -10.3914 -471.478 -5.11607 -21.6609 -0.843209 -10.5029
ENERGY:  285000         0.0000         0.0000         0.0000         0.0000          -5577.7719       392.6789         0.0000         0.0000       952.8223          -4232.2707       302.7033     -5185.0930     -4229.9066       301.4919           -187.2885      -161.1078     22801.9759      -300.0716      -300.0483

WRITING COORDINATES TO DCD FILE MDequil.dcd AT STEP 285000
LDB: ============= START OF LOAD BALANCING ============== 481.631
LDB: ============== END OF LOAD BALANCING =============== 481.631
Info: useSync: 0 useProxySync: 0
LDB: =============== DONE WITH MIGRATION ================ 481.631
LDB: ============= START OF LOAD BALANCING ============== 481.694
LDB: Largest compute 147 load 0.012856 is 24.2% of average load 0.053228
LDB: Average compute 0.003764 is 7.1% of average load 0.053228
LDB: TIME 481.694 LOAD: AVG 0.0532285 MAX 0.0585423  PROXIES: TOTAL 24 MAXPE 4 MAXPATCH 6 None MEM: 0.443348 MB
LDB: TIME 481.694 LOAD: AVG 0.0532285 MAX 0.0585423  PROXIES: TOTAL 28 MAXPE 4 MAXPATCH 7 RefineTorusLB MEM: 0.443348 MB
LDB: TIME 481.694 LOAD: AVG 0.0532285 MAX 0.0580304  PROXIES: TOTAL 28 MAXPE 4 MAXPATCH 7 RefineTorusLB MEM: 0.443348 MB
LDB: ============== END OF LOAD BALANCING =============== 481.695
Info: useSync: 0 useProxySync: 0
LDB: =============== DONE WITH MIGRATION ================ 481.695
LDB: ============= START OF LOAD BALANCING ============== 484.175
LDB: ============== END OF LOAD BALANCING =============== 484.175
Info: useSync: 0 useProxySync: 0
LDB: =============== DONE WITH MIGRATION ================ 484.175
LDB: ============= START OF LOAD BALANCING ============== 484.24
LDB: Largest compute 141 load 0.012128 is 22.6% of average load 0.053616
LDB: Average compute 0.003785 is 7.1% of average load 0.053616
LDB: TIME 484.24 LOAD: AVG 0.0536159 MAX 0.0583183  PROXIES: TOTAL 24 MAXPE 4 MAXPATCH 6 None MEM: 0.443348 MB
LDB: TIME 484.24 LOAD: AVG 0.0536159 MAX 0.0583183  PROXIES: TOTAL 28 MAXPE 4 MAXPATCH 7 RefineTorusLB MEM: 0.443348 MB
LDB: TIME 484.24 LOAD: AVG 0.0536159 MAX 0.0583183  PROXIES: TOTAL 28 MAXPE 4 MAXPATCH 7 RefineTorusLB MEM: 0.443348 MB
LDB: ============== END OF LOAD BALANCING =============== 484.24
Info: useSync: 0 useProxySync: 0
LDB: =============== DONE WITH MIGRATION ================ 484.241
WRITING COORDINATES TO DCD FILE MDequil.dcd AT STEP 290000
PRESSURE: 290000 -111.876 394.494 -305.469 221.826 -786.736 -290.265 -683.293 -236.07 -475.334
GPRESSURE: 290000 -314.103 259.289 -217.162 127.617 -624.61 -261.691 -632.989 -274.853 -400.815
PRESSAVG: 290000 -410.981 -83.9593 42.8332 -72.0011 -320.728 -67.4067 79.5217 8.08849 2.52673
GPRESSAVG: 290000 -410.836 -84.1125 43.2208 -71.413 -320.831 -67.5031 79.4608 8.01522 2.45317
ENERGY:  290000         0.0000         0.0000         0.0000         0.0000          -5609.9551       398.8071         0.0000         0.0000       950.0664          -4261.0816       301.8278     -5211.1480     -4260.9668       302.2078           -457.9818      -446.5095     22888.5663      -243.0607      -243.0713

LDB: ============= START OF LOAD BALANCING ============== 486.737
LDB: ============== END OF LOAD BALANCING =============== 486.737
Info: useSync: 0 useProxySync: 0
LDB: =============== DONE WITH MIGRATION ================ 486.737
LDB: ============= START OF LOAD BALANCING ============== 486.8
LDB: Largest compute 145 load 0.012345 is 23.3% of average load 0.053081
LDB: Average compute 0.003749 is 7.1% of average load 0.053081
LDB: TIME 486.8 LOAD: AVG 0.0530812 MAX 0.0573617  PROXIES: TOTAL 24 MAXPE 4 MAXPATCH 6 None MEM: 0.443348 MB
LDB: TIME 486.8 LOAD: AVG 0.0530812 MAX 0.0573617  PROXIES: TOTAL 28 MAXPE 4 MAXPATCH 7 RefineTorusLB MEM: 0.443348 MB
LDB: TIME 486.8 LOAD: AVG 0.0530812 MAX 0.0573617  PROXIES: TOTAL 28 MAXPE 4 MAXPATCH 7 RefineTorusLB MEM: 0.443348 MB
LDB: ============== END OF LOAD BALANCING =============== 486.8
Info: useSync: 0 useProxySync: 0
LDB: =============== DONE WITH MIGRATION ================ 486.801
LDB: ============= START OF LOAD BALANCING ============== 489.306
LDB: ============== END OF LOAD BALANCING =============== 489.306
Info: useSync: 0 useProxySync: 0
LDB: =============== DONE WITH MIGRATION ================ 489.317
LDB: ============= START OF LOAD BALANCING ============== 489.383
LDB: Largest compute 148 load 0.012258 is 22.4% of average load 0.054723
LDB: Average compute 0.003809 is 7.0% of average load 0.054723
LDB: TIME 489.383 LOAD: AVG 0.0547234 MAX 0.0595968  PROXIES: TOTAL 24 MAXPE 4 MAXPATCH 6 None MEM: 0.443348 MB
LDB: TIME 489.383 LOAD: AVG 0.0547234 MAX 0.0595968  PROXIES: TOTAL 28 MAXPE 4 MAXPATCH 7 RefineTorusLB MEM: 0.443348 MB
LDB: TIME 489.383 LOAD: AVG 0.0547234 MAX 0.0595968  PROXIES: TOTAL 28 MAXPE 4 MAXPATCH 7 RefineTorusLB MEM: 0.443348 MB
LDB: ============== END OF LOAD BALANCING =============== 489.383
Info: useSync: 0 useProxySync: 0
LDB: =============== DONE WITH MIGRATION ================ 489.383
LDB: ============= START OF LOAD BALANCING ============== 491.905
LDB: ============== END OF LOAD BALANCING =============== 491.905
Info: useSync: 0 useProxySync: 0
LDB: =============== DONE WITH MIGRATION ================ 491.906
LDB: ============= START OF LOAD BALANCING ============== 491.97
LDB: Largest compute 145 load 0.012847 is 23.9% of average load 0.053781
LDB: Average compute 0.003805 is 7.1% of average load 0.053781
LDB: TIME 491.97 LOAD: AVG 0.0537813 MAX 0.0583503  PROXIES: TOTAL 24 MAXPE 4 MAXPATCH 6 None MEM: 0.443348 MB
LDB: TIME 491.97 LOAD: AVG 0.0537813 MAX 0.0583503  PROXIES: TOTAL 28 MAXPE 4 MAXPATCH 7 RefineTorusLB MEM: 0.443348 MB
LDB: TIME 491.97 LOAD: AVG 0.0537813 MAX 0.0583503  PROXIES: TOTAL 28 MAXPE 4 MAXPATCH 7 RefineTorusLB MEM: 0.443348 MB
LDB: ============== END OF LOAD BALANCING =============== 491.97
Info: useSync: 0 useProxySync: 0
LDB: =============== DONE WITH MIGRATION ================ 491.971
WRITING COORDINATES TO DCD FILE MDequil.dcd AT STEP 295000
PRESSURE: 295000 -391.067 -93.1774 303.151 -161.905 213.481 -130.247 487.337 -24.6183 385.807
GPRESSURE: 295000 -294.266 -109.571 348.503 23.7135 195.348 -116.279 310.078 -206.293 351.366
PRESSAVG: 295000 -228.327 -33.5014 -97.4597 -49.897 -235.661 28.5653 -17.8854 5.76992 9.64745
GPRESSAVG: 295000 -228.509 -33.4564 -97.2488 -50.3764 -236.03 28.5569 -17.7983 5.58297 9.79677
ENERGY:  295000         0.0000         0.0000         0.0000         0.0000          -5681.0771       411.1346         0.0000         0.0000      1015.5371          -4254.4055       322.6272     -5269.9425     -4252.3409       298.2719             69.4072        84.1497     22514.4064      -151.4468      -151.5807

LDB: ============= START OF LOAD BALANCING ============== 494.485
LDB: ============== END OF LOAD BALANCING =============== 494.485
Info: useSync: 0 useProxySync: 0
LDB: =============== DONE WITH MIGRATION ================ 494.488
LDB: ============= START OF LOAD BALANCING ============== 494.55
LDB: Largest compute 7 load 0.012080 is 22.6% of average load 0.053456
LDB: Average compute 0.003761 is 7.0% of average load 0.053456
LDB: TIME 494.551 LOAD: AVG 0.0534556 MAX 0.0573723  PROXIES: TOTAL 24 MAXPE 4 MAXPATCH 6 None MEM: 0.443348 MB
LDB: TIME 494.551 LOAD: AVG 0.0534556 MAX 0.0573723  PROXIES: TOTAL 28 MAXPE 4 MAXPATCH 7 RefineTorusLB MEM: 0.443348 MB
LDB: TIME 494.551 LOAD: AVG 0.0534556 MAX 0.0573723  PROXIES: TOTAL 28 MAXPE 4 MAXPATCH 7 RefineTorusLB MEM: 0.443348 MB
LDB: ============== END OF LOAD BALANCING =============== 494.551
Info: useSync: 0 useProxySync: 0
LDB: =============== DONE WITH MIGRATION ================ 494.551
LDB: ============= START OF LOAD BALANCING ============== 497.061
LDB: ============== END OF LOAD BALANCING =============== 497.062
Info: useSync: 0 useProxySync: 0
LDB: =============== DONE WITH MIGRATION ================ 497.062
LDB: ============= START OF LOAD BALANCING ============== 497.126
LDB: Largest compute 144 load 0.013101 is 24.5% of average load 0.053431
LDB: Average compute 0.003777 is 7.1% of average load 0.053431
LDB: TIME 497.127 LOAD: AVG 0.0534309 MAX 0.0587026  PROXIES: TOTAL 24 MAXPE 4 MAXPATCH 6 None MEM: 0.443348 MB
LDB: TIME 497.127 LOAD: AVG 0.0534309 MAX 0.0587026  PROXIES: TOTAL 28 MAXPE 4 MAXPATCH 7 RefineTorusLB MEM: 0.443348 MB
LDB: TIME 497.127 LOAD: AVG 0.0534309 MAX 0.0577103  PROXIES: TOTAL 28 MAXPE 4 MAXPATCH 7 RefineTorusLB MEM: 0.443348 MB
LDB: ============== END OF LOAD BALANCING =============== 497.127
Info: useSync: 0 useProxySync: 0
LDB: =============== DONE WITH MIGRATION ================ 497.127
WRITING COORDINATES TO DCD FILE MDequil.dcd AT STEP 300000
WRITING COORDINATES TO RESTART FILE AT STEP 300000
FINISHED WRITING RESTART COORDINATES
WRITING VELOCITIES TO RESTART FILE AT STEP 300000
FINISHED WRITING RESTART VELOCITIES
PRESSURE: 300000 -1067.11 -220.891 461.145 -207.115 -324.582 -395.924 102.112 -246.581 865.977
GPRESSURE: 300000 -1120.16 -58.7508 675.232 -3.9229 -262.355 -359.498 -169.215 5.77725 926.618
PRESSAVG: 300000 -399.782 -64.0367 16.4196 -86.8981 -407.659 -36.9329 -11.1741 -66.3408 -5.16626
GPRESSAVG: 300000 -399.728 -64.0976 16.2232 -86.9177 -407.27 -36.9634 -11.0785 -66.1556 -5.2906
TIMING: 300000  CPU: 476.052, 0.00128209/step  Wall: 487.909, 0.00129039/step, 0.0716886 hours remaining, 0.443348 MB of memory in use.
PERFORMANCE: 300000  averaging 106.251 ns/day, 0.00162633 sec/step with standard deviation 0.000410763
ETITLE:      TS           BOND          ANGLE          DIHED          IMPRP               ELECT            VDW       BOUNDARY           MISC        KINETIC               TOTAL           TEMP      POTENTIAL         TOTAL3        TEMPAVG            PRESSURE      GPRESSURE         VOLUME       PRESSAVG      GPRESSAVG

ENERGY:  300000         0.0000         0.0000         0.0000         0.0000          -5597.5117       382.0374         0.0000         0.0000       949.5809          -4265.8934       301.6735     -5215.4743     -4262.4702       297.9502           -175.2392      -151.9644     22443.4010      -270.8691      -270.7629

WRITING EXTENDED SYSTEM TO RESTART FILE AT STEP 300000
LDB: ============= START OF LOAD BALANCING ============== 499.632
LDB: ============== END OF LOAD BALANCING =============== 499.633
Info: useSync: 0 useProxySync: 0
LDB: =============== DONE WITH MIGRATION ================ 499.633
LDB: ============= START OF LOAD BALANCING ============== 499.697
LDB: Largest compute 142 load 0.013091 is 24.2% of average load 0.054186
LDB: Average compute 0.003835 is 7.1% of average load 0.054186
LDB: TIME 499.697 LOAD: AVG 0.0541862 MAX 0.0592494  PROXIES: TOTAL 24 MAXPE 4 MAXPATCH 6 None MEM: 0.443348 MB
LDB: TIME 499.697 LOAD: AVG 0.0541862 MAX 0.0592494  PROXIES: TOTAL 28 MAXPE 4 MAXPATCH 7 RefineTorusLB MEM: 0.443348 MB
LDB: TIME 499.697 LOAD: AVG 0.0541862 MAX 0.0590614  PROXIES: TOTAL 28 MAXPE 4 MAXPATCH 7 RefineTorusLB MEM: 0.443348 MB
LDB: ============== END OF LOAD BALANCING =============== 499.697
Info: useSync: 0 useProxySync: 0
LDB: =============== DONE WITH MIGRATION ================ 499.698
LDB: ============= START OF LOAD BALANCING ============== 502.243
LDB: ============== END OF LOAD BALANCING =============== 502.244
Info: useSync: 0 useProxySync: 0
LDB: =============== DONE WITH MIGRATION ================ 502.244
LDB: ============= START OF LOAD BALANCING ============== 502.309
LDB: Largest compute 143 load 0.012172 is 22.2% of average load 0.054878
LDB: Average compute 0.003893 is 7.1% of average load 0.054878
LDB: TIME 502.31 LOAD: AVG 0.0548783 MAX 0.0598033  PROXIES: TOTAL 24 MAXPE 4 MAXPATCH 6 None MEM: 0.443348 MB
LDB: TIME 502.31 LOAD: AVG 0.0548783 MAX 0.0598033  PROXIES: TOTAL 28 MAXPE 4 MAXPATCH 7 RefineTorusLB MEM: 0.443348 MB
LDB: TIME 502.31 LOAD: AVG 0.0548783 MAX 0.0598033  PROXIES: TOTAL 28 MAXPE 4 MAXPATCH 7 RefineTorusLB MEM: 0.443348 MB
LDB: ============== END OF LOAD BALANCING =============== 502.31
Info: useSync: 0 useProxySync: 0
LDB: =============== DONE WITH MIGRATION ================ 502.31
LDB: ============= START OF LOAD BALANCING ============== 504.836
LDB: ============== END OF LOAD BALANCING =============== 504.848
Info: useSync: 0 useProxySync: 0
LDB: =============== DONE WITH MIGRATION ================ 504.848
LDB: ============= START OF LOAD BALANCING ============== 504.911
LDB: Largest compute 143 load 0.013140 is 25.0% of average load 0.052539
LDB: Average compute 0.003715 is 7.1% of average load 0.052539
LDB: TIME 504.911 LOAD: AVG 0.0525391 MAX 0.0574011  PROXIES: TOTAL 24 MAXPE 4 MAXPATCH 6 None MEM: 0.443348 MB
LDB: TIME 504.911 LOAD: AVG 0.0525391 MAX 0.0574011  PROXIES: TOTAL 28 MAXPE 4 MAXPATCH 7 RefineTorusLB MEM: 0.443348 MB
LDB: TIME 504.912 LOAD: AVG 0.0525391 MAX 0.057155  PROXIES: TOTAL 28 MAXPE 4 MAXPATCH 7 RefineTorusLB MEM: 0.443348 MB
LDB: ============== END OF LOAD BALANCING =============== 504.912
Info: useSync: 0 useProxySync: 0
LDB: =============== DONE WITH MIGRATION ================ 504.912
WRITING COORDINATES TO DCD FILE MDequil.dcd AT STEP 305000
PRESSURE: 305000 -261.221 -665.123 439.857 -683.668 -443.003 -380.147 -221.709 138.165 731.846
GPRESSURE: 305000 -196.841 -700.645 750.954 -637.519 -589.716 -630.058 -268.483 323.955 848.718
PRESSAVG: 305000 -295.333 -26.5514 52.2218 -8.49862 -175.188 -18.1265 -70.3288 -23.7423 3.8409
GPRESSAVG: 305000 -295.579 -26.7081 52.0278 -8.64088 -175.453 -18.1515 -70.4326 -23.6443 3.94403
ENERGY:  305000         0.0000         0.0000         0.0000         0.0000          -5545.5792       399.9111         0.0000         0.0000       914.5047          -4231.1634       290.5301     -5145.6680     -4229.4827       298.1333              9.2073        20.7201     22769.2194      -155.5600      -155.6959

LDB: ============= START OF LOAD BALANCING ============== 507.434
LDB: ============== END OF LOAD BALANCING =============== 507.434
Info: useSync: 0 useProxySync: 0
LDB: =============== DONE WITH MIGRATION ================ 507.435
LDB: ============= START OF LOAD BALANCING ============== 507.499
LDB: Largest compute 141 load 0.012326 is 22.9% of average load 0.053736
LDB: Average compute 0.003804 is 7.1% of average load 0.053736
LDB: TIME 507.499 LOAD: AVG 0.0537355 MAX 0.0583651  PROXIES: TOTAL 24 MAXPE 4 MAXPATCH 6 None MEM: 0.443348 MB
LDB: TIME 507.499 LOAD: AVG 0.0537355 MAX 0.0583651  PROXIES: TOTAL 28 MAXPE 4 MAXPATCH 7 RefineTorusLB MEM: 0.443348 MB
LDB: TIME 507.499 LOAD: AVG 0.0537355 MAX 0.0583651  PROXIES: TOTAL 28 MAXPE 4 MAXPATCH 7 RefineTorusLB MEM: 0.443348 MB
LDB: ============== END OF LOAD BALANCING =============== 507.499
Info: useSync: 0 useProxySync: 0
LDB: =============== DONE WITH MIGRATION ================ 507.5
LDB: ============= START OF LOAD BALANCING ============== 510.016
LDB: ============== END OF LOAD BALANCING =============== 510.016
Info: useSync: 0 useProxySync: 0
LDB: =============== DONE WITH MIGRATION ================ 510.016
LDB: ============= START OF LOAD BALANCING ============== 510.081
LDB: Largest compute 141 load 0.013391 is 24.3% of average load 0.055049
LDB: Average compute 0.003899 is 7.1% of average load 0.055049
LDB: TIME 510.083 LOAD: AVG 0.0550485 MAX 0.060132  PROXIES: TOTAL 24 MAXPE 4 MAXPATCH 6 None MEM: 0.443348 MB
LDB: TIME 510.083 LOAD: AVG 0.0550485 MAX 0.060132  PROXIES: TOTAL 28 MAXPE 4 MAXPATCH 7 RefineTorusLB MEM: 0.443348 MB
LDB: TIME 510.083 LOAD: AVG 0.0550485 MAX 0.0598753  PROXIES: TOTAL 28 MAXPE 4 MAXPATCH 7 RefineTorusLB MEM: 0.443348 MB
LDB: ============== END OF LOAD BALANCING =============== 510.083
Info: useSync: 0 useProxySync: 0
LDB: =============== DONE WITH MIGRATION ================ 510.083
WRITING COORDINATES TO DCD FILE MDequil.dcd AT STEP 310000
PRESSURE: 310000 96.5118 -631.581 -198.352 -531.357 -613.119 -567.683 324.418 -516.583 -244.319
GPRESSURE: 310000 -66.7606 -264.196 -210.28 -561.206 -507.213 -876.734 225.234 -93.6806 -107.87
PRESSAVG: 310000 -358.826 -2.38524 -87.5251 22.6 -317.466 -31.5146 -26.8969 29.6178 19.0719
GPRESSAVG: 310000 -358.811 -2.34462 -87.1953 22.3643 -317.641 -31.394 -26.6832 29.9663 19.1433
ENERGY:  310000         0.0000         0.0000         0.0000         0.0000          -5583.3361       420.1833         0.0000         0.0000       957.1427          -4206.0101       304.0758     -5163.1528     -4204.0768       304.3938           -253.6419      -227.2812     22829.7631      -219.0732      -219.1029

LDB: ============= START OF LOAD BALANCING ============== 512.585
LDB: ============== END OF LOAD BALANCING =============== 512.585
Info: useSync: 0 useProxySync: 0
LDB: =============== DONE WITH MIGRATION ================ 512.585
LDB: ============= START OF LOAD BALANCING ============== 512.649
LDB: Largest compute 6 load 0.013150 is 24.6% of average load 0.053500
LDB: Average compute 0.003779 is 7.1% of average load 0.053500
LDB: TIME 512.65 LOAD: AVG 0.0535004 MAX 0.0593284  PROXIES: TOTAL 24 MAXPE 4 MAXPATCH 6 None MEM: 0.443348 MB
LDB: TIME 512.65 LOAD: AVG 0.0535004 MAX 0.0593284  PROXIES: TOTAL 28 MAXPE 4 MAXPATCH 7 RefineTorusLB MEM: 0.443348 MB
LDB: TIME 512.65 LOAD: AVG 0.0535004 MAX 0.058307  PROXIES: TOTAL 28 MAXPE 4 MAXPATCH 7 RefineTorusLB MEM: 0.443348 MB
LDB: ============== END OF LOAD BALANCING =============== 512.65
Info: useSync: 0 useProxySync: 0
LDB: =============== DONE WITH MIGRATION ================ 512.65
LDB: ============= START OF LOAD BALANCING ============== 515.241
LDB: ============== END OF LOAD BALANCING =============== 515.241
Info: useSync: 0 useProxySync: 0
LDB: =============== DONE WITH MIGRATION ================ 515.242
LDB: ============= START OF LOAD BALANCING ============== 515.305
LDB: Largest compute 147 load 0.012357 is 22.8% of average load 0.054198
LDB: Average compute 0.003824 is 7.1% of average load 0.054198
LDB: TIME 515.305 LOAD: AVG 0.0541979 MAX 0.0592854  PROXIES: TOTAL 24 MAXPE 4 MAXPATCH 6 None MEM: 0.443348 MB
LDB: TIME 515.306 LOAD: AVG 0.0541979 MAX 0.0592854  PROXIES: TOTAL 28 MAXPE 4 MAXPATCH 7 RefineTorusLB MEM: 0.443348 MB
LDB: TIME 515.306 LOAD: AVG 0.0541979 MAX 0.0590353  PROXIES: TOTAL 28 MAXPE 4 MAXPATCH 7 RefineTorusLB MEM: 0.443348 MB
LDB: ============== END OF LOAD BALANCING =============== 515.306
Info: useSync: 0 useProxySync: 0
LDB: =============== DONE WITH MIGRATION ================ 515.306
LDB: ============= START OF LOAD BALANCING ============== 522.087
LDB: ============== END OF LOAD BALANCING =============== 522.092
Info: useSync: 0 useProxySync: 0
LDB: =============== DONE WITH MIGRATION ================ 522.112
LDB: ============= START OF LOAD BALANCING ============== 522.641
LDB: Largest compute 7 load 0.028079 is 47.2% of average load 0.059518
LDB: Average compute 0.003618 is 6.1% of average load 0.059518
LDB: TIME 522.644 LOAD: AVG 0.0595178 MAX 0.090601  PROXIES: TOTAL 24 MAXPE 4 MAXPATCH 6 None MEM: 0.443348 MB
LDB: TIME 522.645 LOAD: AVG 0.0595178 MAX 0.090601  PROXIES: TOTAL 28 MAXPE 4 MAXPATCH 7 RefineTorusLB MEM: 0.443348 MB
LDB: TIME 522.645 LOAD: AVG 0.0595178 MAX 0.0714299  PROXIES: TOTAL 28 MAXPE 4 MAXPATCH 7 RefineTorusLB MEM: 0.443348 MB
LDB: ============== END OF LOAD BALANCING =============== 522.652
Info: useSync: 0 useProxySync: 0
LDB: =============== DONE WITH MIGRATION ================ 522.672
PRESSURE: 315000 404.961 -42.1846 -621.37 252.879 480.517 -156.911 -519.747 -699.926 509.258
GPRESSURE: 315000 343.995 -30.7663 -557.185 395.921 616.428 210.22 -674.35 -743.284 505.857
PRESSAVG: 315000 -382.907 -101.333 -84.3253 -60.4688 -412.193 4.08527 -90.6165 -3.4368 0.939285
GPRESSAVG: 315000 -382.73 -101.187 -84.0388 -60.2108 -412.253 4.15602 -90.9203 -3.69843 1.05574
ENERGY:  315000         0.0000         0.0000         0.0000         0.0000          -5656.9266       438.7617         0.0000         0.0000       955.9049          -4262.2600       303.6826     -5218.1649     -4258.6596       300.3656            464.9120       488.7599     22636.3069      -264.7203      -264.6425

WRITING COORDINATES TO DCD FILE MDequil.dcd AT STEP 315000
LDB: ============= START OF LOAD BALANCING ============== 534.365
LDB: ============== END OF LOAD BALANCING =============== 534.368
Info: useSync: 0 useProxySync: 0
LDB: =============== DONE WITH MIGRATION ================ 534.377
LDB: ============= START OF LOAD BALANCING ============== 534.805
LDB: Largest compute 7 load 0.012587 is 25.4% of average load 0.049626
LDB: Average compute 0.003411 is 6.9% of average load 0.049626
LDB: TIME 534.813 LOAD: AVG 0.0496258 MAX 0.0610252  PROXIES: TOTAL 24 MAXPE 4 MAXPATCH 6 None MEM: 0.443348 MB
LDB: TIME 534.813 LOAD: AVG 0.0496258 MAX 0.0610252  PROXIES: TOTAL 28 MAXPE 4 MAXPATCH 7 RefineTorusLB MEM: 0.443348 MB
LDB: TIME 534.813 LOAD: AVG 0.0496258 MAX 0.0540721  PROXIES: TOTAL 28 MAXPE 4 MAXPATCH 7 RefineTorusLB MEM: 0.443348 MB
LDB: ============== END OF LOAD BALANCING =============== 534.819
Info: useSync: 0 useProxySync: 0
LDB: =============== DONE WITH MIGRATION ================ 534.87
LDB: ============= START OF LOAD BALANCING ============== 547.007
LDB: ============== END OF LOAD BALANCING =============== 547.01
Info: useSync: 0 useProxySync: 0
LDB: =============== DONE WITH MIGRATION ================ 547.021
LDB: ============= START OF LOAD BALANCING ============== 547.296
LDB: Largest compute 159 load 0.012871 is 24.0% of average load 0.053520
LDB: Average compute 0.003628 is 6.8% of average load 0.053520
LDB: TIME 547.305 LOAD: AVG 0.0535201 MAX 0.0645525  PROXIES: TOTAL 24 MAXPE 4 MAXPATCH 6 None MEM: 0.443348 MB
LDB: TIME 547.305 LOAD: AVG 0.0535201 MAX 0.0645525  PROXIES: TOTAL 28 MAXPE 4 MAXPATCH 7 RefineTorusLB MEM: 0.443348 MB
LDB: TIME 547.305 LOAD: AVG 0.0535201 MAX 0.0582584  PROXIES: TOTAL 28 MAXPE 4 MAXPATCH 7 RefineTorusLB MEM: 0.443348 MB
LDB: ============== END OF LOAD BALANCING =============== 547.309
Info: useSync: 0 useProxySync: 0
LDB: =============== DONE WITH MIGRATION ================ 547.365
WRITING COORDINATES TO DCD FILE MDequil.dcd AT STEP 320000
PRESSURE: 320000 -1098.52 129.724 163.607 32.4549 -375.502 -660.116 685.61 -537.96 -797.338
GPRESSURE: 320000 -1070.77 84.7055 346.483 -56.6001 -331.152 -832.886 564.135 -376.4 -813.191
PRESSAVG: 320000 -331.26 -2.12283 -35.9146 27.6125 -268.419 -50.2345 94.1086 54.613 5.62995
GPRESSAVG: 320000 -331.481 -1.82608 -35.5752 27.3795 -268.189 -50.2448 94.3577 54.8428 5.65384
ENERGY:  320000         0.0000         0.0000         0.0000         0.0000          -5612.6965       383.3781         0.0000         0.0000       952.9650          -4276.3534       302.7486     -5229.3183     -4275.2263       299.2304           -757.1194      -738.3717     23106.0971      -198.0162      -198.0055

LDB: ============= START OF LOAD BALANCING ============== 556.742
LDB: ============== END OF LOAD BALANCING =============== 556.742
Info: useSync: 0 useProxySync: 0
LDB: =============== DONE WITH MIGRATION ================ 556.742
LDB: ============= START OF LOAD BALANCING ============== 556.802
LDB: Largest compute 145 load 0.011734 is 24.4% of average load 0.048001
LDB: Average compute 0.003393 is 7.1% of average load 0.048001
LDB: TIME 556.802 LOAD: AVG 0.0480007 MAX 0.0553169  PROXIES: TOTAL 24 MAXPE 4 MAXPATCH 6 None MEM: 0.443348 MB
LDB: TIME 556.802 LOAD: AVG 0.0480007 MAX 0.0553169  PROXIES: TOTAL 28 MAXPE 4 MAXPATCH 7 RefineTorusLB MEM: 0.443348 MB
LDB: TIME 556.802 LOAD: AVG 0.0480007 MAX 0.0523546  PROXIES: TOTAL 28 MAXPE 4 MAXPATCH 7 RefineTorusLB MEM: 0.443348 MB
LDB: ============== END OF LOAD BALANCING =============== 556.802
Info: useSync: 0 useProxySync: 0
LDB: =============== DONE WITH MIGRATION ================ 556.803
LDB: ============= START OF LOAD BALANCING ============== 559.102
LDB: ============== END OF LOAD BALANCING =============== 559.103
Info: useSync: 0 useProxySync: 0
LDB: =============== DONE WITH MIGRATION ================ 559.103
LDB: ============= START OF LOAD BALANCING ============== 559.162
LDB: Largest compute 6 load 0.011381 is 23.4% of average load 0.048730
LDB: Average compute 0.003448 is 7.1% of average load 0.048730
LDB: TIME 559.162 LOAD: AVG 0.0487304 MAX 0.0534442  PROXIES: TOTAL 24 MAXPE 4 MAXPATCH 6 None MEM: 0.443348 MB
LDB: TIME 559.162 LOAD: AVG 0.0487304 MAX 0.0534442  PROXIES: TOTAL 28 MAXPE 4 MAXPATCH 7 RefineTorusLB MEM: 0.443348 MB
LDB: TIME 559.162 LOAD: AVG 0.0487304 MAX 0.0529231  PROXIES: TOTAL 28 MAXPE 4 MAXPATCH 7 RefineTorusLB MEM: 0.443348 MB
LDB: ============== END OF LOAD BALANCING =============== 559.162
Info: useSync: 0 useProxySync: 0
LDB: =============== DONE WITH MIGRATION ================ 559.162
LDB: ============= START OF LOAD BALANCING ============== 561.535
LDB: ============== END OF LOAD BALANCING =============== 561.535
Info: useSync: 0 useProxySync: 0
LDB: =============== DONE WITH MIGRATION ================ 561.535
LDB: ============= START OF LOAD BALANCING ============== 561.594
LDB: Largest compute 142 load 0.011771 is 23.9% of average load 0.049323
LDB: Average compute 0.003494 is 7.1% of average load 0.049323
LDB: TIME 561.594 LOAD: AVG 0.0493231 MAX 0.0541073  PROXIES: TOTAL 24 MAXPE 4 MAXPATCH 6 None MEM: 0.443348 MB
LDB: TIME 561.594 LOAD: AVG 0.0493231 MAX 0.0541073  PROXIES: TOTAL 28 MAXPE 4 MAXPATCH 7 RefineTorusLB MEM: 0.443348 MB
LDB: TIME 561.594 LOAD: AVG 0.0493231 MAX 0.0537678  PROXIES: TOTAL 28 MAXPE 4 MAXPATCH 7 RefineTorusLB MEM: 0.443348 MB
LDB: ============== END OF LOAD BALANCING =============== 561.594
Info: useSync: 0 useProxySync: 0
LDB: =============== DONE WITH MIGRATION ================ 561.605
WRITING COORDINATES TO DCD FILE MDequil.dcd AT STEP 325000
PRESSURE: 325000 758.117 6.47262 80.102 -11.1064 -343.642 -530.957 -122.205 -857.601 178.312
GPRESSURE: 325000 722.622 -17.0053 115.447 253.285 -148.71 -299.865 -46.5658 -879.923 139.434
PRESSAVG: 325000 -374.036 -22.7237 48.6961 -29.3805 -331.164 -17.2449 -52.045 -55.3492 -6.56858
GPRESSAVG: 325000 -373.789 -22.7323 48.4877 -29.5421 -331.617 -17.3932 -51.9781 -55.3753 -6.41369
ENERGY:  325000         0.0000         0.0000         0.0000         0.0000          -5710.1042       431.8657         0.0000         0.0000       947.1242          -4331.1144       300.8930     -5278.2386     -4329.6159       299.0968            197.5958       237.7819     22564.9237      -237.2561      -237.2733

LDB: ============= START OF LOAD BALANCING ============== 563.985
LDB: ============== END OF LOAD BALANCING =============== 563.985
Info: useSync: 0 useProxySync: 0
LDB: =============== DONE WITH MIGRATION ================ 563.985
LDB: ============= START OF LOAD BALANCING ============== 564.051
LDB: Largest compute 7 load 0.013106 is 24.0% of average load 0.054641
LDB: Average compute 0.003871 is 7.1% of average load 0.054641
LDB: TIME 564.051 LOAD: AVG 0.0546411 MAX 0.0612768  PROXIES: TOTAL 24 MAXPE 4 MAXPATCH 6 None MEM: 0.443348 MB
LDB: TIME 564.052 LOAD: AVG 0.0546411 MAX 0.0612768  PROXIES: TOTAL 28 MAXPE 4 MAXPATCH 7 RefineTorusLB MEM: 0.443348 MB
LDB: TIME 564.052 LOAD: AVG 0.0546411 MAX 0.0590329  PROXIES: TOTAL 28 MAXPE 4 MAXPATCH 7 RefineTorusLB MEM: 0.443348 MB
LDB: ============== END OF LOAD BALANCING =============== 564.052
Info: useSync: 0 useProxySync: 0
LDB: =============== DONE WITH MIGRATION ================ 564.052
LDB: ============= START OF LOAD BALANCING ============== 566.677
LDB: ============== END OF LOAD BALANCING =============== 566.678
Info: useSync: 0 useProxySync: 0
LDB: =============== DONE WITH MIGRATION ================ 566.678
LDB: ============= START OF LOAD BALANCING ============== 566.745
LDB: Largest compute 5 load 0.012531 is 23.4% of average load 0.053445
LDB: Average compute 0.003773 is 7.1% of average load 0.053445
LDB: TIME 566.745 LOAD: AVG 0.0534449 MAX 0.0602556  PROXIES: TOTAL 24 MAXPE 4 MAXPATCH 6 None MEM: 0.443348 MB
LDB: TIME 566.745 LOAD: AVG 0.0534449 MAX 0.0602556  PROXIES: TOTAL 28 MAXPE 4 MAXPATCH 7 RefineTorusLB MEM: 0.443348 MB
LDB: TIME 566.745 LOAD: AVG 0.0534449 MAX 0.058303  PROXIES: TOTAL 29 MAXPE 4 MAXPATCH 8 RefineTorusLB MEM: 0.443348 MB
LDB: ============== END OF LOAD BALANCING =============== 566.746
Info: useSync: 0 useProxySync: 0
LDB: =============== DONE WITH MIGRATION ================ 566.746
WRITING COORDINATES TO DCD FILE MDequil.dcd AT STEP 330000
PRESSURE: 330000 142.334 198.723 798.728 15.1865 -206.872 154.342 487.13 720.656 416.169
GPRESSURE: 330000 126.314 115.796 886.294 290.201 -177.673 470.978 295.675 669.184 461.625
PRESSAVG: 330000 -375.327 -0.777568 60.4911 19.05 -301.138 40.3608 15.5637 7.90763 -6.12353
GPRESSAVG: 330000 -375.475 -0.983194 60.587 19.078 -301.024 40.6717 15.8599 7.93967 -6.10115
ENERGY:  330000         0.0000         0.0000         0.0000         0.0000          -5609.9697       393.4445         0.0000         0.0000       917.1562          -4299.3690       291.3725     -5216.5252     -4296.8188       293.1987            117.2103       136.7556     22526.5260      -227.5293      -227.5334

LDB: ============= START OF LOAD BALANCING ============== 569.334
LDB: ============== END OF LOAD BALANCING =============== 569.334
Info: useSync: 0 useProxySync: 0
LDB: =============== DONE WITH MIGRATION ================ 569.334
LDB: ============= START OF LOAD BALANCING ============== 569.401
LDB: Largest compute 7 load 0.012234 is 22.8% of average load 0.053742
LDB: Average compute 0.003797 is 7.1% of average load 0.053742
LDB: TIME 569.401 LOAD: AVG 0.0537416 MAX 0.0591092  PROXIES: TOTAL 24 MAXPE 4 MAXPATCH 6 None MEM: 0.443348 MB
LDB: TIME 569.401 LOAD: AVG 0.0537416 MAX 0.0591092  PROXIES: TOTAL 29 MAXPE 4 MAXPATCH 8 RefineTorusLB MEM: 0.443348 MB
LDB: TIME 569.401 LOAD: AVG 0.0537416 MAX 0.058495  PROXIES: TOTAL 29 MAXPE 4 MAXPATCH 8 RefineTorusLB MEM: 0.443348 MB
LDB: ============== END OF LOAD BALANCING =============== 569.401
Info: useSync: 0 useProxySync: 0
LDB: =============== DONE WITH MIGRATION ================ 569.401
LDB: ============= START OF LOAD BALANCING ============== 571.953
LDB: ============== END OF LOAD BALANCING =============== 571.954
Info: useSync: 0 useProxySync: 0
LDB: =============== DONE WITH MIGRATION ================ 571.954
LDB: ============= START OF LOAD BALANCING ============== 572.02
LDB: Largest compute 7 load 0.012799 is 23.6% of average load 0.054264
LDB: Average compute 0.003831 is 7.1% of average load 0.054264
LDB: TIME 572.02 LOAD: AVG 0.0542637 MAX 0.0596061  PROXIES: TOTAL 24 MAXPE 4 MAXPATCH 6 None MEM: 0.443348 MB
LDB: TIME 572.02 LOAD: AVG 0.0542637 MAX 0.0596061  PROXIES: TOTAL 29 MAXPE 4 MAXPATCH 8 RefineTorusLB MEM: 0.443348 MB
LDB: TIME 572.02 LOAD: AVG 0.0542637 MAX 0.0590946  PROXIES: TOTAL 29 MAXPE 4 MAXPATCH 8 RefineTorusLB MEM: 0.443348 MB
LDB: ============== END OF LOAD BALANCING =============== 572.021
Info: useSync: 0 useProxySync: 0
LDB: =============== DONE WITH MIGRATION ================ 572.021
LDB: ============= START OF LOAD BALANCING ============== 574.687
LDB: ============== END OF LOAD BALANCING =============== 574.687
Info: useSync: 0 useProxySync: 0
LDB: =============== DONE WITH MIGRATION ================ 574.688
LDB: ============= START OF LOAD BALANCING ============== 574.755
LDB: Largest compute 147 load 0.013257 is 24.6% of average load 0.053921
LDB: Average compute 0.003812 is 7.1% of average load 0.053921
LDB: TIME 574.755 LOAD: AVG 0.0539208 MAX 0.0588948  PROXIES: TOTAL 24 MAXPE 4 MAXPATCH 6 None MEM: 0.443348 MB
LDB: TIME 574.755 LOAD: AVG 0.0539208 MAX 0.0588948  PROXIES: TOTAL 29 MAXPE 4 MAXPATCH 8 RefineTorusLB MEM: 0.443348 MB
LDB: TIME 574.755 LOAD: AVG 0.0539208 MAX 0.0586441  PROXIES: TOTAL 29 MAXPE 4 MAXPATCH 8 RefineTorusLB MEM: 0.443348 MB
LDB: ============== END OF LOAD BALANCING =============== 574.755
Info: useSync: 0 useProxySync: 0
LDB: =============== DONE WITH MIGRATION ================ 574.756
WRITING COORDINATES TO DCD FILE MDequil.dcd AT STEP 335000
PRESSURE: 335000 562.908 195.317 -221.965 132.766 -680.374 646.249 259.65 399.33 -246.984
GPRESSURE: 335000 515.508 -64.4709 -166.026 528.727 -636.093 949.361 211.188 265.286 -227.134
PRESSAVG: 335000 -308.469 52.166 -4.71707 24.663 -362.679 43.9394 13.1395 52.1204 -11.0153
GPRESSAVG: 335000 -308.325 52.4678 -4.53845 24.6727 -362.5 43.7456 12.91 51.9787 -10.9
ENERGY:  335000         0.0000         0.0000         0.0000         0.0000          -5655.5016       395.7569         0.0000         0.0000       960.7552          -4298.9895       305.2235     -5259.7447     -4296.5501       295.4236           -121.4834      -115.9064     22503.8436      -227.3879      -227.2416

LDB: ============= START OF LOAD BALANCING ============== 577.331
LDB: ============== END OF LOAD BALANCING =============== 577.331
Info: useSync: 0 useProxySync: 0
LDB: =============== DONE WITH MIGRATION ================ 577.331
LDB: ============= START OF LOAD BALANCING ============== 577.407
LDB: Largest compute 5 load 0.012284 is 22.9% of average load 0.053531
LDB: Average compute 0.003713 is 6.9% of average load 0.053531
LDB: TIME 577.407 LOAD: AVG 0.0535305 MAX 0.0644088  PROXIES: TOTAL 24 MAXPE 4 MAXPATCH 6 None MEM: 0.443348 MB
LDB: TIME 577.407 LOAD: AVG 0.0535305 MAX 0.0644088  PROXIES: TOTAL 29 MAXPE 4 MAXPATCH 8 RefineTorusLB MEM: 0.443348 MB
LDB: TIME 577.407 LOAD: AVG 0.0535305 MAX 0.0575407  PROXIES: TOTAL 30 MAXPE 4 MAXPATCH 9 RefineTorusLB MEM: 0.443348 MB
LDB: ============== END OF LOAD BALANCING =============== 577.407
Info: useSync: 0 useProxySync: 0
LDB: =============== DONE WITH MIGRATION ================ 577.407
LDB: ============= START OF LOAD BALANCING ============== 579.971
LDB: ============== END OF LOAD BALANCING =============== 579.971
Info: useSync: 0 useProxySync: 0
LDB: =============== DONE WITH MIGRATION ================ 579.972
LDB: ============= START OF LOAD BALANCING ============== 580.037
LDB: Largest compute 147 load 0.012139 is 22.8% of average load 0.053242
LDB: Average compute 0.003752 is 7.0% of average load 0.053242
LDB: TIME 580.037 LOAD: AVG 0.053242 MAX 0.0585992  PROXIES: TOTAL 24 MAXPE 4 MAXPATCH 6 None MEM: 0.443348 MB
LDB: TIME 580.037 LOAD: AVG 0.053242 MAX 0.0585992  PROXIES: TOTAL 30 MAXPE 4 MAXPATCH 9 RefineTorusLB MEM: 0.443348 MB
LDB: TIME 580.037 LOAD: AVG 0.053242 MAX 0.0569126  PROXIES: TOTAL 30 MAXPE 4 MAXPATCH 9 RefineTorusLB MEM: 0.443348 MB
LDB: ============== END OF LOAD BALANCING =============== 580.037
Info: useSync: 0 useProxySync: 0
LDB: =============== DONE WITH MIGRATION ================ 580.037
WRITING COORDINATES TO DCD FILE MDequil.dcd AT STEP 340000
PRESSURE: 340000 659.539 -15.4984 -543.664 106.022 -261.367 -667.738 -755.013 -929.226 122.287
GPRESSURE: 340000 604.247 -220.192 -485.503 118.098 27.212 -862.443 -704.566 -857.652 -84.6284
PRESSAVG: 340000 -208.337 -42.2823 5.06066 -4.86809 -356.496 -21.8297 -46.8309 -95.5802 -0.0357215
GPRESSAVG: 340000 -208.531 -42.1074 4.83424 -5.01164 -356.243 -21.4736 -46.729 -95.381 -0.100193
ENERGY:  340000         0.0000         0.0000         0.0000         0.0000          -5660.0346       433.5336         0.0000         0.0000       919.4914          -4307.0095       292.1143     -5226.5009     -4304.3627       295.3104            173.4862       182.2768     22525.1471      -188.2896      -188.2914

LDB: ============= START OF LOAD BALANCING ============== 582.612
LDB: ============== END OF LOAD BALANCING =============== 582.612
Info: useSync: 0 useProxySync: 0
LDB: =============== DONE WITH MIGRATION ================ 582.612
LDB: ============= START OF LOAD BALANCING ============== 582.678
LDB: Largest compute 7 load 0.012605 is 23.6% of average load 0.053406
LDB: Average compute 0.003766 is 7.1% of average load 0.053406
LDB: TIME 582.678 LOAD: AVG 0.0534058 MAX 0.0587775  PROXIES: TOTAL 24 MAXPE 4 MAXPATCH 6 None MEM: 0.443348 MB
LDB: TIME 582.678 LOAD: AVG 0.0534058 MAX 0.0587775  PROXIES: TOTAL 30 MAXPE 4 MAXPATCH 9 RefineTorusLB MEM: 0.443348 MB
LDB: TIME 582.679 LOAD: AVG 0.0534058 MAX 0.0581893  PROXIES: TOTAL 30 MAXPE 4 MAXPATCH 9 RefineTorusLB MEM: 0.443348 MB
LDB: ============== END OF LOAD BALANCING =============== 582.679
Info: useSync: 0 useProxySync: 0
LDB: =============== DONE WITH MIGRATION ================ 582.679
LDB: ============= START OF LOAD BALANCING ============== 585.336
LDB: ============== END OF LOAD BALANCING =============== 585.336
Info: useSync: 0 useProxySync: 0
LDB: =============== DONE WITH MIGRATION ================ 585.336
LDB: ============= START OF LOAD BALANCING ============== 585.4
LDB: Largest compute 145 load 0.011829 is 22.3% of average load 0.053019
LDB: Average compute 0.003736 is 7.0% of average load 0.053019
LDB: TIME 585.4 LOAD: AVG 0.0530193 MAX 0.057886  PROXIES: TOTAL 24 MAXPE 4 MAXPATCH 6 None MEM: 0.443348 MB
LDB: TIME 585.4 LOAD: AVG 0.0530193 MAX 0.057886  PROXIES: TOTAL 30 MAXPE 4 MAXPATCH 9 RefineTorusLB MEM: 0.443348 MB
LDB: TIME 585.401 LOAD: AVG 0.0530193 MAX 0.0569007  PROXIES: TOTAL 30 MAXPE 4 MAXPATCH 9 RefineTorusLB MEM: 0.443348 MB
LDB: ============== END OF LOAD BALANCING =============== 585.401
Info: useSync: 0 useProxySync: 0
LDB: =============== DONE WITH MIGRATION ================ 585.401
LDB: ============= START OF LOAD BALANCING ============== 587.916
LDB: ============== END OF LOAD BALANCING =============== 587.916
Info: useSync: 0 useProxySync: 0
LDB: =============== DONE WITH MIGRATION ================ 587.916
LDB: ============= START OF LOAD BALANCING ============== 587.981
LDB: Largest compute 145 load 0.012226 is 22.8% of average load 0.053616
LDB: Average compute 0.003776 is 7.0% of average load 0.053616
LDB: TIME 587.981 LOAD: AVG 0.0536159 MAX 0.0584048  PROXIES: TOTAL 24 MAXPE 4 MAXPATCH 6 None MEM: 0.443348 MB
LDB: TIME 587.981 LOAD: AVG 0.0536159 MAX 0.0584048  PROXIES: TOTAL 30 MAXPE 4 MAXPATCH 9 RefineTorusLB MEM: 0.443348 MB
LDB: TIME 587.981 LOAD: AVG 0.0536159 MAX 0.0584048  PROXIES: TOTAL 30 MAXPE 4 MAXPATCH 9 RefineTorusLB MEM: 0.443348 MB
LDB: ============== END OF LOAD BALANCING =============== 587.982
Info: useSync: 0 useProxySync: 0
LDB: =============== DONE WITH MIGRATION ================ 587.982
PRESSURE: 345000 -153.307 303.531 -109.66 -315.572 -389.718 -537.559 -801.363 -728.619 1286.3
GPRESSURE: 345000 -47.5642 291.699 -228.907 -410.687 -547.528 -904.333 -770.818 -590.866 1408.08
PRESSAVG: 345000 -407.893 -10.3338 92.011 -3.96809 -435.363 -11.9821 135.707 -46.1325 16.0615
GPRESSAVG: 345000 -408.25 -10.8207 91.8708 -3.67819 -435.488 -11.773 135.68 -45.8787 15.9375
ENERGY:  345000         0.0000         0.0000         0.0000         0.0000          -5701.1687       452.4612         0.0000         0.0000       952.5386          -4296.1689       302.6131     -5248.7075     -4294.7076       298.1359            247.7597       270.9953     22734.9473      -275.7315      -275.9335

WRITING COORDINATES TO DCD FILE MDequil.dcd AT STEP 345000
LDB: ============= START OF LOAD BALANCING ============== 590.581
LDB: ============== END OF LOAD BALANCING =============== 590.581
Info: useSync: 0 useProxySync: 0
LDB: =============== DONE WITH MIGRATION ================ 590.582
LDB: ============= START OF LOAD BALANCING ============== 590.648
LDB: Largest compute 147 load 0.013038 is 24.2% of average load 0.053941
LDB: Average compute 0.003789 is 7.0% of average load 0.053941
LDB: TIME 590.648 LOAD: AVG 0.0539414 MAX 0.0580032  PROXIES: TOTAL 24 MAXPE 4 MAXPATCH 6 None MEM: 0.443348 MB
LDB: TIME 590.648 LOAD: AVG 0.0539414 MAX 0.0580032  PROXIES: TOTAL 30 MAXPE 4 MAXPATCH 9 RefineTorusLB MEM: 0.443348 MB
LDB: TIME 590.648 LOAD: AVG 0.0539414 MAX 0.0580032  PROXIES: TOTAL 30 MAXPE 4 MAXPATCH 9 RefineTorusLB MEM: 0.443348 MB
LDB: ============== END OF LOAD BALANCING =============== 590.648
Info: useSync: 0 useProxySync: 0
LDB: =============== DONE WITH MIGRATION ================ 590.648
LDB: ============= START OF LOAD BALANCING ============== 593.23
LDB: ============== END OF LOAD BALANCING =============== 593.23
Info: useSync: 0 useProxySync: 0
LDB: =============== DONE WITH MIGRATION ================ 593.23
LDB: ============= START OF LOAD BALANCING ============== 593.297
LDB: Largest compute 142 load 0.012766 is 23.5% of average load 0.054390
LDB: Average compute 0.003818 is 7.0% of average load 0.054390
LDB: TIME 593.297 LOAD: AVG 0.0543896 MAX 0.0588306  PROXIES: TOTAL 24 MAXPE 4 MAXPATCH 6 None MEM: 0.443348 MB
LDB: TIME 593.297 LOAD: AVG 0.0543896 MAX 0.0588306  PROXIES: TOTAL 30 MAXPE 4 MAXPATCH 9 RefineTorusLB MEM: 0.443348 MB
LDB: TIME 593.297 LOAD: AVG 0.0543896 MAX 0.0588306  PROXIES: TOTAL 30 MAXPE 4 MAXPATCH 9 RefineTorusLB MEM: 0.443348 MB
LDB: ============== END OF LOAD BALANCING =============== 593.297
Info: useSync: 0 useProxySync: 0
LDB: =============== DONE WITH MIGRATION ================ 593.298
PRESSURE: 350000 -587.774 556.47 -369.532 946.125 -1253.35 259.873 -204.572 -229.194 3.35167
GPRESSURE: 350000 -583.423 664.364 -410.04 888.754 -933.616 356.779 -78.4365 -419.579 -251.449
PRESSAVG: 350000 -273.867 -0.296357 48.4839 36.0254 -244.639 9.56008 -44.1322 -13.5536 16.5995
GPRESSAVG: 350000 -273.766 -0.114311 48.8431 35.9569 -244.713 9.39813 -43.7323 -13.7973 16.619
TIMING: 350000  CPU: 568.497, 0.00184891/step  Wall: 584.179, 0.0019254/step, 0.0802248 hours remaining, 0.443348 MB of memory in use.
PERFORMANCE: 350000  averaging 103.531 ns/day, 0.00166906 sec/step with standard deviation 0.00039164
ETITLE:      TS           BOND          ANGLE          DIHED          IMPRP               ELECT            VDW       BOUNDARY           MISC        KINETIC               TOTAL           TEMP      POTENTIAL         TOTAL3        TEMPAVG            PRESSURE      GPRESSURE         VOLUME       PRESSAVG      GPRESSAVG

ENERGY:  350000         0.0000         0.0000         0.0000         0.0000          -5516.4239       348.0503         0.0000         0.0000       979.4417          -4188.9320       311.1600     -5168.3737     -4185.6251       297.1367           -612.5897      -589.4958     22626.3663      -167.3021      -167.2865

WRITING EXTENDED SYSTEM TO RESTART FILE AT STEP 350000
WRITING COORDINATES TO DCD FILE MDequil.dcd AT STEP 350000
WRITING COORDINATES TO RESTART FILE AT STEP 350000
FINISHED WRITING RESTART COORDINATES
WRITING VELOCITIES TO RESTART FILE AT STEP 350000
FINISHED WRITING RESTART VELOCITIES
LDB: ============= START OF LOAD BALANCING ============== 595.945
LDB: ============== END OF LOAD BALANCING =============== 595.945
Info: useSync: 0 useProxySync: 0
LDB: =============== DONE WITH MIGRATION ================ 595.945
LDB: ============= START OF LOAD BALANCING ============== 596.01
LDB: Largest compute 145 load 0.012360 is 23.0% of average load 0.053673
LDB: Average compute 0.003769 is 7.0% of average load 0.053673
LDB: TIME 596.011 LOAD: AVG 0.0536735 MAX 0.0587525  PROXIES: TOTAL 24 MAXPE 4 MAXPATCH 6 None MEM: 0.443348 MB
LDB: TIME 596.011 LOAD: AVG 0.0536735 MAX 0.0587525  PROXIES: TOTAL 30 MAXPE 4 MAXPATCH 9 RefineTorusLB MEM: 0.443348 MB
LDB: TIME 596.011 LOAD: AVG 0.0536735 MAX 0.0584168  PROXIES: TOTAL 30 MAXPE 4 MAXPATCH 9 RefineTorusLB MEM: 0.443348 MB
LDB: ============== END OF LOAD BALANCING =============== 596.011
Info: useSync: 0 useProxySync: 0
LDB: =============== DONE WITH MIGRATION ================ 596.011
LDB: ============= START OF LOAD BALANCING ============== 598.596
LDB: ============== END OF LOAD BALANCING =============== 598.596
Info: useSync: 0 useProxySync: 0
LDB: =============== DONE WITH MIGRATION ================ 598.599
LDB: ============= START OF LOAD BALANCING ============== 598.665
LDB: Largest compute 7 load 0.012586 is 23.1% of average load 0.054485
LDB: Average compute 0.003830 is 7.0% of average load 0.054485
LDB: TIME 598.666 LOAD: AVG 0.0544854 MAX 0.0617608  PROXIES: TOTAL 24 MAXPE 4 MAXPATCH 6 None MEM: 0.443348 MB
LDB: TIME 598.666 LOAD: AVG 0.0544854 MAX 0.0617608  PROXIES: TOTAL 30 MAXPE 4 MAXPATCH 9 RefineTorusLB MEM: 0.443348 MB
LDB: TIME 598.666 LOAD: AVG 0.0544854 MAX 0.0592715  PROXIES: TOTAL 30 MAXPE 4 MAXPATCH 9 RefineTorusLB MEM: 0.443348 MB
LDB: ============== END OF LOAD BALANCING =============== 598.666
Info: useSync: 0 useProxySync: 0
LDB: =============== DONE WITH MIGRATION ================ 598.666
LDB: ============= START OF LOAD BALANCING ============== 601.23
LDB: ============== END OF LOAD BALANCING =============== 601.23
Info: useSync: 0 useProxySync: 0
LDB: =============== DONE WITH MIGRATION ================ 601.23
LDB: ============= START OF LOAD BALANCING ============== 601.295
LDB: Largest compute 7 load 0.012626 is 23.4% of average load 0.053924
LDB: Average compute 0.003789 is 7.0% of average load 0.053924
LDB: TIME 601.295 LOAD: AVG 0.0539242 MAX 0.057868  PROXIES: TOTAL 24 MAXPE 4 MAXPATCH 6 None MEM: 0.443348 MB
LDB: TIME 601.295 LOAD: AVG 0.0539242 MAX 0.057868  PROXIES: TOTAL 30 MAXPE 4 MAXPATCH 9 RefineTorusLB MEM: 0.443348 MB
LDB: TIME 601.295 LOAD: AVG 0.0539242 MAX 0.057868  PROXIES: TOTAL 30 MAXPE 4 MAXPATCH 9 RefineTorusLB MEM: 0.443348 MB
LDB: ============== END OF LOAD BALANCING =============== 601.295
Info: useSync: 0 useProxySync: 0
LDB: =============== DONE WITH MIGRATION ================ 601.296
WRITING COORDINATES TO DCD FILE MDequil.dcd AT STEP 355000
PRESSURE: 355000 -323.283 -33.2832 -309.237 -504.49 508.401 786.661 -662.895 654.029 577.657
GPRESSURE: 355000 -298.473 -376.162 -330.229 -466.121 353.81 430.959 -567.282 1134.81 722.745
PRESSAVG: 355000 -293.978 87.4498 19.7614 64.1817 -260.012 34.4993 0.728936 41.7184 0.250527
GPRESSAVG: 355000 -293.929 87.634 19.8157 64.5483 -259.839 34.4458 0.878913 42.4676 0.38115
ENERGY:  355000         0.0000         0.0000         0.0000         0.0000          -5626.4108       402.6506         0.0000         0.0000       963.8999          -4259.8603       306.2225     -5223.7602     -4258.5595       298.2174            254.2581       259.3604     22418.3210      -184.5798      -184.4622

LDB: ============= START OF LOAD BALANCING ============== 603.86
LDB: ============== END OF LOAD BALANCING =============== 603.86
Info: useSync: 0 useProxySync: 0
LDB: =============== DONE WITH MIGRATION ================ 603.86
LDB: ============= START OF LOAD BALANCING ============== 603.926
LDB: Largest compute 141 load 0.012407 is 23.1% of average load 0.053629
LDB: Average compute 0.003762 is 7.0% of average load 0.053629
LDB: TIME 603.926 LOAD: AVG 0.0536292 MAX 0.0582978  PROXIES: TOTAL 24 MAXPE 4 MAXPATCH 6 None MEM: 0.443348 MB
LDB: TIME 603.926 LOAD: AVG 0.0536292 MAX 0.0582978  PROXIES: TOTAL 30 MAXPE 4 MAXPATCH 9 RefineTorusLB MEM: 0.443348 MB
LDB: TIME 603.926 LOAD: AVG 0.0536292 MAX 0.0582978  PROXIES: TOTAL 30 MAXPE 4 MAXPATCH 9 RefineTorusLB MEM: 0.443348 MB
LDB: ============== END OF LOAD BALANCING =============== 603.926
Info: useSync: 0 useProxySync: 0
LDB: =============== DONE WITH MIGRATION ================ 603.927
LDB: ============= START OF LOAD BALANCING ============== 606.498
LDB: ============== END OF LOAD BALANCING =============== 606.499
Info: useSync: 0 useProxySync: 0
LDB: =============== DONE WITH MIGRATION ================ 606.499
LDB: ============= START OF LOAD BALANCING ============== 606.564
LDB: Largest compute 143 load 0.012785 is 23.7% of average load 0.053953
LDB: Average compute 0.003794 is 7.0% of average load 0.053953
LDB: TIME 606.564 LOAD: AVG 0.0539533 MAX 0.058006  PROXIES: TOTAL 24 MAXPE 4 MAXPATCH 6 None MEM: 0.443348 MB
LDB: TIME 606.564 LOAD: AVG 0.0539533 MAX 0.058006  PROXIES: TOTAL 30 MAXPE 4 MAXPATCH 9 RefineTorusLB MEM: 0.443348 MB
LDB: TIME 606.564 LOAD: AVG 0.0539533 MAX 0.058006  PROXIES: TOTAL 30 MAXPE 4 MAXPATCH 9 RefineTorusLB MEM: 0.443348 MB
LDB: ============== END OF LOAD BALANCING =============== 606.565
Info: useSync: 0 useProxySync: 0
LDB: =============== DONE WITH MIGRATION ================ 606.565
WRITING COORDINATES TO DCD FILE MDequil.dcd AT STEP 360000
PRESSURE: 360000 78.6962 0.949167 730.33 86.0914 -274.363 113.634 390.79 -61.5025 -223.565
GPRESSURE: 360000 119.25 356.686 541.476 -305.708 -282.557 367.031 442.764 -257.343 -219.149
PRESSAVG: 360000 -280.641 21.7942 65.4702 -0.765411 -346.339 28.2365 78.9362 22.235 17.6782
GPRESSAVG: 360000 -280.373 22.0285 65.1849 -1.18498 -345.989 28.9919 78.3245 21.6659 17.1215
ENERGY:  360000         0.0000         0.0000         0.0000         0.0000          -5637.8789       416.5318         0.0000         0.0000       930.3976          -4290.9494       295.5792     -5221.3470     -4287.8384       299.7513           -139.7439      -127.4856     23019.4372      -203.1005      -203.0803

LDB: ============= START OF LOAD BALANCING ============== 609.138
LDB: ============== END OF LOAD BALANCING =============== 609.138
Info: useSync: 0 useProxySync: 0
LDB: =============== DONE WITH MIGRATION ================ 609.138
LDB: ============= START OF LOAD BALANCING ============== 609.203
LDB: Largest compute 147 load 0.012183 is 22.9% of average load 0.053259
LDB: Average compute 0.003733 is 7.0% of average load 0.053259
LDB: TIME 609.203 LOAD: AVG 0.0532589 MAX 0.0595265  PROXIES: TOTAL 24 MAXPE 4 MAXPATCH 6 None MEM: 0.443348 MB
LDB: TIME 609.203 LOAD: AVG 0.0532589 MAX 0.0595265  PROXIES: TOTAL 30 MAXPE 4 MAXPATCH 9 RefineTorusLB MEM: 0.443348 MB
LDB: TIME 609.203 LOAD: AVG 0.0532589 MAX 0.0575577  PROXIES: TOTAL 30 MAXPE 4 MAXPATCH 9 RefineTorusLB MEM: 0.443348 MB
LDB: ============== END OF LOAD BALANCING =============== 609.203
Info: useSync: 0 useProxySync: 0
LDB: =============== DONE WITH MIGRATION ================ 609.204
LDB: ============= START OF LOAD BALANCING ============== 611.748
LDB: ============== END OF LOAD BALANCING =============== 611.748
Info: useSync: 0 useProxySync: 0
LDB: =============== DONE WITH MIGRATION ================ 611.748
LDB: ============= START OF LOAD BALANCING ============== 611.814
LDB: Largest compute 145 load 0.013888 is 25.5% of average load 0.054447
LDB: Average compute 0.003831 is 7.0% of average load 0.054447
LDB: TIME 611.815 LOAD: AVG 0.0544473 MAX 0.0592166  PROXIES: TOTAL 24 MAXPE 4 MAXPATCH 6 None MEM: 0.443348 MB
LDB: TIME 611.815 LOAD: AVG 0.0544473 MAX 0.0592166  PROXIES: TOTAL 30 MAXPE 4 MAXPATCH 9 RefineTorusLB MEM: 0.443348 MB
LDB: TIME 611.815 LOAD: AVG 0.0544473 MAX 0.0592166  PROXIES: TOTAL 30 MAXPE 4 MAXPATCH 9 RefineTorusLB MEM: 0.443348 MB
LDB: ============== END OF LOAD BALANCING =============== 611.815
Info: useSync: 0 useProxySync: 0
LDB: =============== DONE WITH MIGRATION ================ 611.815
LDB: ============= START OF LOAD BALANCING ============== 614.398
LDB: ============== END OF LOAD BALANCING =============== 614.398
Info: useSync: 0 useProxySync: 0
LDB: =============== DONE WITH MIGRATION ================ 614.398
LDB: ============= START OF LOAD BALANCING ============== 614.464
LDB: Largest compute 145 load 0.012642 is 23.1% of average load 0.054758
LDB: Average compute 0.003847 is 7.0% of average load 0.054758
LDB: TIME 614.465 LOAD: AVG 0.0547585 MAX 0.0594089  PROXIES: TOTAL 24 MAXPE 4 MAXPATCH 6 None MEM: 0.443348 MB
LDB: TIME 614.465 LOAD: AVG 0.0547585 MAX 0.0594089  PROXIES: TOTAL 30 MAXPE 4 MAXPATCH 9 RefineTorusLB MEM: 0.443348 MB
LDB: TIME 614.465 LOAD: AVG 0.0547585 MAX 0.0594089  PROXIES: TOTAL 30 MAXPE 4 MAXPATCH 9 RefineTorusLB MEM: 0.443348 MB
LDB: ============== END OF LOAD BALANCING =============== 614.465
Info: useSync: 0 useProxySync: 0
LDB: =============== DONE WITH MIGRATION ================ 614.465
WRITING COORDINATES TO DCD FILE MDequil.dcd AT STEP 365000
PRESSURE: 365000 -262.269 -74.4616 -338.422 87.3876 289.81 -315.581 -469.531 -667.091 -130.05
GPRESSURE: 365000 -162.522 181.752 -334.713 9.3239 161.029 -263.543 -425.299 -839.606 -72.7534
PRESSAVG: 365000 -260.179 16.2237 -8.24387 36.5167 -341.394 3.70994 28.3754 -16.7955 -15.2672
GPRESSAVG: 365000 -260.48 15.828 -8.38312 37.078 -341.266 3.6849 28.6673 -16.3584 -14.8693
ENERGY:  365000         0.0000         0.0000         0.0000         0.0000          -5623.3191       394.7465         0.0000         0.0000       895.2616          -4333.3110       284.4167     -5228.5726     -4330.1928       297.3776            -34.1697       -24.7486     22420.7931      -205.6134      -205.5383

LDB: ============= START OF LOAD BALANCING ============== 617.035
LDB: ============== END OF LOAD BALANCING =============== 617.035
Info: useSync: 0 useProxySync: 0
LDB: =============== DONE WITH MIGRATION ================ 617.035
LDB: ============= START OF LOAD BALANCING ============== 617.101
LDB: Largest compute 5 load 0.012659 is 23.3% of average load 0.054396
LDB: Average compute 0.003827 is 7.0% of average load 0.054396
LDB: TIME 617.102 LOAD: AVG 0.054396 MAX 0.0582964  PROXIES: TOTAL 24 MAXPE 4 MAXPATCH 6 None MEM: 0.443348 MB
LDB: TIME 617.102 LOAD: AVG 0.054396 MAX 0.0582964  PROXIES: TOTAL 30 MAXPE 4 MAXPATCH 9 RefineTorusLB MEM: 0.443348 MB
LDB: TIME 617.102 LOAD: AVG 0.054396 MAX 0.0582964  PROXIES: TOTAL 30 MAXPE 4 MAXPATCH 9 RefineTorusLB MEM: 0.443348 MB
LDB: ============== END OF LOAD BALANCING =============== 617.102
Info: useSync: 0 useProxySync: 0
LDB: =============== DONE WITH MIGRATION ================ 617.102
LDB: ============= START OF LOAD BALANCING ============== 619.663
LDB: ============== END OF LOAD BALANCING =============== 619.663
Info: useSync: 0 useProxySync: 0
LDB: =============== DONE WITH MIGRATION ================ 619.663
LDB: ============= START OF LOAD BALANCING ============== 619.729
LDB: Largest compute 6 load 0.012416 is 23.1% of average load 0.053838
LDB: Average compute 0.003773 is 7.0% of average load 0.053838
LDB: TIME 619.729 LOAD: AVG 0.0538376 MAX 0.0587232  PROXIES: TOTAL 24 MAXPE 4 MAXPATCH 6 None MEM: 0.443348 MB
LDB: TIME 619.729 LOAD: AVG 0.0538376 MAX 0.0587232  PROXIES: TOTAL 30 MAXPE 4 MAXPATCH 9 RefineTorusLB MEM: 0.443348 MB
LDB: TIME 619.729 LOAD: AVG 0.0538376 MAX 0.0587232  PROXIES: TOTAL 30 MAXPE 4 MAXPATCH 9 RefineTorusLB MEM: 0.443348 MB
LDB: ============== END OF LOAD BALANCING =============== 619.729
Info: useSync: 0 useProxySync: 0
LDB: =============== DONE WITH MIGRATION ================ 619.729
WRITING COORDINATES TO DCD FILE MDequil.dcd AT STEP 370000
PRESSURE: 370000 -1180.39 -197.895 -488.982 27.1123 48.2541 457.415 -953.896 335.95 -813.361
GPRESSURE: 370000 -1169.09 -237.368 -281.867 85.2805 -59.7545 201.959 -1138.99 677.942 -671.5
PRESSAVG: 370000 -340.201 47.8857 -25.7963 86.6555 -308.498 11.9962 3.69011 80.9666 15.9002
GPRESSAVG: 370000 -339.968 47.9031 -25.7334 86.7284 -308.811 12.1551 3.66807 81.366 15.6924
ENERGY:  370000         0.0000         0.0000         0.0000         0.0000          -5560.5861       363.8788         0.0000         0.0000       924.6218          -4272.0855       293.7442     -5196.7074     -4270.5339       293.7443           -648.4999      -633.4492     22821.0811      -210.9330      -211.0292

LDB: ============= START OF LOAD BALANCING ============== 622.281
LDB: ============== END OF LOAD BALANCING =============== 622.281
Info: useSync: 0 useProxySync: 0
LDB: =============== DONE WITH MIGRATION ================ 622.281
LDB: ============= START OF LOAD BALANCING ============== 622.345
LDB: Largest compute 147 load 0.012871 is 24.0% of average load 0.053649
LDB: Average compute 0.003762 is 7.0% of average load 0.053649
LDB: TIME 622.346 LOAD: AVG 0.0536493 MAX 0.0588206  PROXIES: TOTAL 24 MAXPE 4 MAXPATCH 6 None MEM: 0.443348 MB
LDB: TIME 622.346 LOAD: AVG 0.0536493 MAX 0.0588206  PROXIES: TOTAL 30 MAXPE 4 MAXPATCH 9 RefineTorusLB MEM: 0.443348 MB
LDB: TIME 622.346 LOAD: AVG 0.0536493 MAX 0.0569614  PROXIES: TOTAL 30 MAXPE 4 MAXPATCH 9 RefineTorusLB MEM: 0.443348 MB
LDB: ============== END OF LOAD BALANCING =============== 622.346
Info: useSync: 0 useProxySync: 0
LDB: =============== DONE WITH MIGRATION ================ 622.346
LDB: ============= START OF LOAD BALANCING ============== 624.913
LDB: ============== END OF LOAD BALANCING =============== 624.914
Info: useSync: 0 useProxySync: 0
LDB: =============== DONE WITH MIGRATION ================ 624.914
LDB: ============= START OF LOAD BALANCING ============== 624.978
LDB: Largest compute 147 load 0.011902 is 22.4% of average load 0.053204
LDB: Average compute 0.003727 is 7.0% of average load 0.053204
LDB: TIME 624.978 LOAD: AVG 0.0532037 MAX 0.0565914  PROXIES: TOTAL 24 MAXPE 4 MAXPATCH 6 None MEM: 0.443348 MB
LDB: TIME 624.978 LOAD: AVG 0.0532037 MAX 0.0565914  PROXIES: TOTAL 30 MAXPE 4 MAXPATCH 9 RefineTorusLB MEM: 0.443348 MB
LDB: TIME 624.978 LOAD: AVG 0.0532037 MAX 0.0565914  PROXIES: TOTAL 30 MAXPE 4 MAXPATCH 9 RefineTorusLB MEM: 0.443348 MB
LDB: ============== END OF LOAD BALANCING =============== 624.978
Info: useSync: 0 useProxySync: 0
LDB: =============== DONE WITH MIGRATION ================ 624.978
LDB: ============= START OF LOAD BALANCING ============== 627.509
LDB: ============== END OF LOAD BALANCING =============== 627.509
Info: useSync: 0 useProxySync: 0
LDB: =============== DONE WITH MIGRATION ================ 627.51
LDB: ============= START OF LOAD BALANCING ============== 627.574
LDB: Largest compute 142 load 0.012568 is 23.7% of average load 0.053140
LDB: Average compute 0.003725 is 7.0% of average load 0.053140
LDB: TIME 627.578 LOAD: AVG 0.0531398 MAX 0.0576828  PROXIES: TOTAL 24 MAXPE 4 MAXPATCH 6 None MEM: 0.443348 MB
LDB: TIME 627.578 LOAD: AVG 0.0531398 MAX 0.0576828  PROXIES: TOTAL 30 MAXPE 4 MAXPATCH 9 RefineTorusLB MEM: 0.443348 MB
LDB: TIME 627.578 LOAD: AVG 0.0531398 MAX 0.0576828  PROXIES: TOTAL 30 MAXPE 4 MAXPATCH 9 RefineTorusLB MEM: 0.443348 MB
LDB: ============== END OF LOAD BALANCING =============== 627.58
Info: useSync: 0 useProxySync: 0
LDB: =============== DONE WITH MIGRATION ================ 627.581
WRITING COORDINATES TO DCD FILE MDequil.dcd AT STEP 375000
PRESSURE: 375000 -48.1674 667.371 -419.182 276.855 68.6776 326.741 -51.4145 816.626 349.806
GPRESSURE: 375000 -47.5921 875.648 -265.997 213.905 -14.2025 249.747 -144.025 994.094 453.403
PRESSAVG: 375000 -442.755 37.0993 -38.9228 30.1077 -475.464 12.3666 -102.296 20.6028 8.07288
GPRESSAVG: 375000 -442.551 36.9498 -39.0517 29.7015 -475.853 12.2148 -102.335 20.4163 8.09641
ENERGY:  375000         0.0000         0.0000         0.0000         0.0000          -5564.1741       394.7737         0.0000         0.0000       958.2904          -4211.1100       304.4405     -5169.4005     -4208.4779       301.9995            123.4388       130.5361     22918.6017      -303.3820      -303.4359

LDB: ============= START OF LOAD BALANCING ============== 630.115
LDB: ============== END OF LOAD BALANCING =============== 630.115
Info: useSync: 0 useProxySync: 0
LDB: =============== DONE WITH MIGRATION ================ 630.115
LDB: ============= START OF LOAD BALANCING ============== 630.18
LDB: Largest compute 145 load 0.013467 is 25.1% of average load 0.053609
LDB: Average compute 0.003762 is 7.0% of average load 0.053609
LDB: TIME 630.181 LOAD: AVG 0.0536094 MAX 0.058784  PROXIES: TOTAL 24 MAXPE 4 MAXPATCH 6 None MEM: 0.443348 MB
LDB: TIME 630.181 LOAD: AVG 0.0536094 MAX 0.058784  PROXIES: TOTAL 30 MAXPE 4 MAXPATCH 9 RefineTorusLB MEM: 0.443348 MB
LDB: TIME 630.181 LOAD: AVG 0.0536094 MAX 0.0584466  PROXIES: TOTAL 30 MAXPE 4 MAXPATCH 9 RefineTorusLB MEM: 0.443348 MB
LDB: ============== END OF LOAD BALANCING =============== 630.181
Info: useSync: 0 useProxySync: 0
LDB: =============== DONE WITH MIGRATION ================ 630.181
LDB: ============= START OF LOAD BALANCING ============== 632.731
LDB: ============== END OF LOAD BALANCING =============== 632.731
Info: useSync: 0 useProxySync: 0
LDB: =============== DONE WITH MIGRATION ================ 632.732
LDB: ============= START OF LOAD BALANCING ============== 632.797
LDB: Largest compute 5 load 0.012159 is 22.6% of average load 0.053811
LDB: Average compute 0.003779 is 7.0% of average load 0.053811
LDB: TIME 632.797 LOAD: AVG 0.0538106 MAX 0.0585402  PROXIES: TOTAL 24 MAXPE 4 MAXPATCH 6 None MEM: 0.443348 MB
LDB: TIME 632.797 LOAD: AVG 0.0538106 MAX 0.0585402  PROXIES: TOTAL 30 MAXPE 4 MAXPATCH 9 RefineTorusLB MEM: 0.443348 MB
LDB: TIME 632.797 LOAD: AVG 0.0538106 MAX 0.0585402  PROXIES: TOTAL 30 MAXPE 4 MAXPATCH 9 RefineTorusLB MEM: 0.443348 MB
LDB: ============== END OF LOAD BALANCING =============== 632.797
Info: useSync: 0 useProxySync: 0
LDB: =============== DONE WITH MIGRATION ================ 632.798
PRESSURE: 380000 -1837.67 127.231 -141.315 82.1759 -1484.81 322.202 -724.158 405.922 122.333
GPRESSURE: 380000 -2036.39 136.639 -16.6849 -79.0313 -1112.58 240.95 -889.087 221.565 -2.19147
PRESSAVG: 380000 -328.322 -9.71594 28.6559 33.7601 -362.59 -12.9945 -58.1289 -25.1575 8.72324
GPRESSAVG: 380000 -328.58 -9.68768 28.7704 33.8089 -362.284 -13.0169 -57.6473 -25.3656 8.78518
ENERGY:  380000         0.0000         0.0000         0.0000         0.0000          -5582.9659       334.9295         0.0000         0.0000       887.9743          -4360.0622       282.1016     -5248.0364     -4358.6467       297.7073          -1066.7156     -1050.3876     22720.4931      -227.3963      -227.3597

WRITING COORDINATES TO DCD FILE MDequil.dcd AT STEP 380000
LDB: ============= START OF LOAD BALANCING ============== 635.513
LDB: ============== END OF LOAD BALANCING =============== 635.513
Info: useSync: 0 useProxySync: 0
LDB: =============== DONE WITH MIGRATION ================ 635.513
LDB: ============= START OF LOAD BALANCING ============== 635.579
LDB: Largest compute 143 load 0.012291 is 22.6% of average load 0.054405
LDB: Average compute 0.003827 is 7.0% of average load 0.054405
LDB: TIME 635.579 LOAD: AVG 0.0544046 MAX 0.0574935  PROXIES: TOTAL 24 MAXPE 4 MAXPATCH 6 None MEM: 0.443348 MB
LDB: TIME 635.579 LOAD: AVG 0.0544046 MAX 0.0574935  PROXIES: TOTAL 30 MAXPE 4 MAXPATCH 9 RefineTorusLB MEM: 0.443348 MB
LDB: TIME 635.579 LOAD: AVG 0.0544046 MAX 0.0574935  PROXIES: TOTAL 30 MAXPE 4 MAXPATCH 9 RefineTorusLB MEM: 0.443348 MB
LDB: ============== END OF LOAD BALANCING =============== 635.579
Info: useSync: 0 useProxySync: 0
LDB: =============== DONE WITH MIGRATION ================ 635.579
LDB: ============= START OF LOAD BALANCING ============== 638.146
LDB: ============== END OF LOAD BALANCING =============== 638.147
Info: useSync: 0 useProxySync: 0
LDB: =============== DONE WITH MIGRATION ================ 638.147
LDB: ============= START OF LOAD BALANCING ============== 638.212
LDB: Largest compute 145 load 0.013333 is 24.6% of average load 0.054094
LDB: Average compute 0.003799 is 7.0% of average load 0.054094
LDB: TIME 638.212 LOAD: AVG 0.0540938 MAX 0.0583235  PROXIES: TOTAL 24 MAXPE 4 MAXPATCH 6 None MEM: 0.443348 MB
LDB: TIME 638.212 LOAD: AVG 0.0540938 MAX 0.0583235  PROXIES: TOTAL 30 MAXPE 4 MAXPATCH 9 RefineTorusLB MEM: 0.443348 MB
LDB: TIME 638.213 LOAD: AVG 0.0540938 MAX 0.0583235  PROXIES: TOTAL 30 MAXPE 4 MAXPATCH 9 RefineTorusLB MEM: 0.443348 MB
LDB: ============== END OF LOAD BALANCING =============== 638.213
Info: useSync: 0 useProxySync: 0
LDB: =============== DONE WITH MIGRATION ================ 638.213
LDB: ============= START OF LOAD BALANCING ============== 640.776
LDB: ============== END OF LOAD BALANCING =============== 640.776
Info: useSync: 0 useProxySync: 0
LDB: =============== DONE WITH MIGRATION ================ 640.779
LDB: ============= START OF LOAD BALANCING ============== 640.845
LDB: Largest compute 145 load 0.013151 is 23.9% of average load 0.055086
LDB: Average compute 0.003863 is 7.0% of average load 0.055086
LDB: TIME 640.845 LOAD: AVG 0.0550863 MAX 0.0590679  PROXIES: TOTAL 24 MAXPE 4 MAXPATCH 6 None MEM: 0.443348 MB
LDB: TIME 640.846 LOAD: AVG 0.0550863 MAX 0.0590679  PROXIES: TOTAL 30 MAXPE 4 MAXPATCH 9 RefineTorusLB MEM: 0.443348 MB
LDB: TIME 640.846 LOAD: AVG 0.0550863 MAX 0.0590679  PROXIES: TOTAL 30 MAXPE 4 MAXPATCH 9 RefineTorusLB MEM: 0.443348 MB
LDB: ============== END OF LOAD BALANCING =============== 640.846
Info: useSync: 0 useProxySync: 0
LDB: =============== DONE WITH MIGRATION ================ 640.846
WRITING COORDINATES TO DCD FILE MDequil.dcd AT STEP 385000
PRESSURE: 385000 -1174.67 621.974 -573.446 223.179 -448.099 -289.747 -695.712 -62.0254 126.173
GPRESSURE: 385000 -991.148 476.022 -444.292 418.835 -518.376 -438.457 -435.285 210.509 38.425
PRESSAVG: 385000 -238.075 -14.0238 -39.6671 -32.5249 -322.001 91.8326 -10.1217 -51.8179 11.732
GPRESSAVG: 385000 -237.946 -13.6887 -40.038 -32.8739 -322.346 91.417 -10.5277 -51.7401 11.7531
ENERGY:  385000         0.0000         0.0000         0.0000         0.0000          -5606.0707       378.0619         0.0000         0.0000       917.5751          -4310.4337       291.5056     -5228.0088     -4307.6383       292.9857           -498.8664      -490.3662     22408.2193      -182.7813      -182.8464

LDB: ============= START OF LOAD BALANCING ============== 643.417
LDB: ============== END OF LOAD BALANCING =============== 643.417
Info: useSync: 0 useProxySync: 0
LDB: =============== DONE WITH MIGRATION ================ 643.418
LDB: ============= START OF LOAD BALANCING ============== 643.483
LDB: Largest compute 147 load 0.012728 is 23.5% of average load 0.054112
LDB: Average compute 0.003801 is 7.0% of average load 0.054112
LDB: TIME 643.483 LOAD: AVG 0.0541115 MAX 0.0577836  PROXIES: TOTAL 24 MAXPE 4 MAXPATCH 6 None MEM: 0.443348 MB
LDB: TIME 643.483 LOAD: AVG 0.0541115 MAX 0.0577836  PROXIES: TOTAL 30 MAXPE 4 MAXPATCH 9 RefineTorusLB MEM: 0.443348 MB
LDB: TIME 643.483 LOAD: AVG 0.0541115 MAX 0.0577836  PROXIES: TOTAL 30 MAXPE 4 MAXPATCH 9 RefineTorusLB MEM: 0.443348 MB
LDB: ============== END OF LOAD BALANCING =============== 643.483
Info: useSync: 0 useProxySync: 0
LDB: =============== DONE WITH MIGRATION ================ 643.483
LDB: ============= START OF LOAD BALANCING ============== 646.05
LDB: ============== END OF LOAD BALANCING =============== 646.05
Info: useSync: 0 useProxySync: 0
LDB: =============== DONE WITH MIGRATION ================ 646.05
LDB: ============= START OF LOAD BALANCING ============== 646.116
LDB: Largest compute 5 load 0.012749 is 23.2% of average load 0.054897
LDB: Average compute 0.003857 is 7.0% of average load 0.054897
LDB: TIME 646.117 LOAD: AVG 0.0548966 MAX 0.0582618  PROXIES: TOTAL 24 MAXPE 4 MAXPATCH 6 None MEM: 0.443348 MB
LDB: TIME 646.117 LOAD: AVG 0.0548966 MAX 0.0582618  PROXIES: TOTAL 30 MAXPE 4 MAXPATCH 9 RefineTorusLB MEM: 0.443348 MB
LDB: TIME 646.117 LOAD: AVG 0.0548966 MAX 0.0582618  PROXIES: TOTAL 30 MAXPE 4 MAXPATCH 9 RefineTorusLB MEM: 0.443348 MB
LDB: ============== END OF LOAD BALANCING =============== 646.117
Info: useSync: 0 useProxySync: 0
LDB: =============== DONE WITH MIGRATION ================ 646.117
WRITING COORDINATES TO DCD FILE MDequil.dcd AT STEP 390000
PRESSURE: 390000 -532.33 804.217 26.3704 710.655 -1063.62 -30.445 156.825 -116.568 -779.268
GPRESSURE: 390000 -548.188 655.492 26.2728 1034.08 -1061 126.089 77.6418 -179.516 -724.232
PRESSAVG: 390000 -207.992 -9.30134 -4.79059 -44.9422 -344.992 18.3468 15.101 -31.5146 4.21736
GPRESSAVG: 390000 -208.241 -9.12375 -4.62412 -44.4063 -344.959 18.3532 15.2106 -32.1736 4.19602
ENERGY:  390000         0.0000         0.0000         0.0000         0.0000          -5527.6580       341.1133         0.0000         0.0000       956.1733          -4230.3713       303.7679     -5186.5446     -4228.4044       295.9385           -791.7377      -777.8062     22691.3932      -182.9221      -183.0013

LDB: ============= START OF LOAD BALANCING ============== 649.861
LDB: ============== END OF LOAD BALANCING =============== 649.864
Info: useSync: 0 useProxySync: 0
LDB: =============== DONE WITH MIGRATION ================ 649.873
LDB: ============= START OF LOAD BALANCING ============== 650.241
LDB: Largest compute 164 load 0.013317 is 26.7% of average load 0.049950
LDB: Average compute 0.003447 is 6.9% of average load 0.049950
LDB: TIME 650.242 LOAD: AVG 0.0499497 MAX 0.0555833  PROXIES: TOTAL 24 MAXPE 4 MAXPATCH 6 None MEM: 0.443348 MB
LDB: TIME 650.242 LOAD: AVG 0.0499497 MAX 0.0555833  PROXIES: TOTAL 30 MAXPE 4 MAXPATCH 9 RefineTorusLB MEM: 0.443348 MB
LDB: TIME 650.242 LOAD: AVG 0.0499497 MAX 0.0542542  PROXIES: TOTAL 30 MAXPE 4 MAXPATCH 9 RefineTorusLB MEM: 0.443348 MB
LDB: ============== END OF LOAD BALANCING =============== 650.244
Info: useSync: 0 useProxySync: 0
LDB: =============== DONE WITH MIGRATION ================ 650.272
LDB: ============= START OF LOAD BALANCING ============== 664.055
LDB: ============== END OF LOAD BALANCING =============== 664.058
Info: useSync: 0 useProxySync: 0
LDB: =============== DONE WITH MIGRATION ================ 664.07
LDB: ============= START OF LOAD BALANCING ============== 664.361
LDB: Largest compute 22 load 0.034298 is 62.3% of average load 0.055078
LDB: Average compute 0.003789 is 6.9% of average load 0.055078
LDB: TIME 664.362 LOAD: AVG 0.0550781 MAX 0.0840428  PROXIES: TOTAL 24 MAXPE 4 MAXPATCH 6 None MEM: 0.443348 MB
LDB: TIME 664.362 LOAD: AVG 0.0550781 MAX 0.0840428  PROXIES: TOTAL 30 MAXPE 4 MAXPATCH 9 RefineTorusLB MEM: 0.443348 MB
LDB: TIME 664.363 LOAD: AVG 0.0550781 MAX 0.0597029  PROXIES: TOTAL 30 MAXPE 4 MAXPATCH 9 RefineTorusLB MEM: 0.443348 MB
LDB: ============== END OF LOAD BALANCING =============== 664.366
Info: useSync: 0 useProxySync: 0
LDB: =============== DONE WITH MIGRATION ================ 664.418
LDB: ============= START OF LOAD BALANCING ============== 677.632
LDB: ============== END OF LOAD BALANCING =============== 677.635
Info: useSync: 0 useProxySync: 0
LDB: =============== DONE WITH MIGRATION ================ 677.648
LDB: ============= START OF LOAD BALANCING ============== 677.898
LDB: Largest compute 167 load 0.045428 is 82.6% of average load 0.055015
LDB: Average compute 0.003815 is 6.9% of average load 0.055015
LDB: TIME 677.901 LOAD: AVG 0.0550147 MAX 0.0835583  PROXIES: TOTAL 24 MAXPE 4 MAXPATCH 6 None MEM: 0.443348 MB
LDB: TIME 677.901 LOAD: AVG 0.0550147 MAX 0.0835583  PROXIES: TOTAL 30 MAXPE 4 MAXPATCH 9 RefineTorusLB MEM: 0.443348 MB
LDB: TIME 677.901 LOAD: AVG 0.0550147 MAX 0.0598718  PROXIES: TOTAL 30 MAXPE 4 MAXPATCH 9 RefineTorusLB MEM: 0.443348 MB
LDB: ============== END OF LOAD BALANCING =============== 677.906
Info: useSync: 0 useProxySync: 0
LDB: =============== DONE WITH MIGRATION ================ 677.953
PRESSURE: 395000 214.287 -208.332 192.216 -420.366 -247.363 659.234 -56.655 444.868 -675.214
GPRESSURE: 395000 26.2088 93.7397 405.327 -221.596 -72.6969 641.487 -130.462 217.696 -611.326
PRESSAVG: 395000 -315.41 -23.2573 9.29504 -32.8323 -355.616 -15.6835 -45.751 -17.7394 6.85489
GPRESSAVG: 395000 -315.518 -23.2087 9.11408 -32.8176 -355.736 -15.8799 -45.7771 -17.6208 7.19878
ENERGY:  395000         0.0000         0.0000         0.0000         0.0000          -5615.7279       415.0635         0.0000         0.0000       927.3018          -4273.3626       294.5956     -5200.6644     -4271.5354       299.4282           -236.0967      -219.2715     22902.6279      -221.3902      -221.3517

WRITING COORDINATES TO DCD FILE MDequil.dcd AT STEP 395000
LDB: ============= START OF LOAD BALANCING ============== 692.002
LDB: ============== END OF LOAD BALANCING =============== 692.005
Info: useSync: 0 useProxySync: 0
LDB: =============== DONE WITH MIGRATION ================ 692.014
LDB: ============= START OF LOAD BALANCING ============== 692.384
LDB: Largest compute 137 load 0.027185 is 50.1% of average load 0.054307
LDB: Average compute 0.003727 is 6.9% of average load 0.054307
LDB: TIME 692.388 LOAD: AVG 0.0543069 MAX 0.0783746  PROXIES: TOTAL 24 MAXPE 4 MAXPATCH 6 None MEM: 0.443348 MB
LDB: TIME 692.388 LOAD: AVG 0.0543069 MAX 0.0783746  PROXIES: TOTAL 30 MAXPE 4 MAXPATCH 9 RefineTorusLB MEM: 0.443348 MB
LDB: TIME 692.388 LOAD: AVG 0.0543069 MAX 0.0583671  PROXIES: TOTAL 30 MAXPE 4 MAXPATCH 9 RefineTorusLB MEM: 0.443348 MB
LDB: ============== END OF LOAD BALANCING =============== 692.393
Info: useSync: 0 useProxySync: 0
LDB: =============== DONE WITH MIGRATION ================ 692.434
LDB: ============= START OF LOAD BALANCING ============== 709.896
LDB: ============== END OF LOAD BALANCING =============== 709.899
Info: useSync: 0 useProxySync: 0
LDB: =============== DONE WITH MIGRATION ================ 709.912
LDB: ============= START OF LOAD BALANCING ============== 710.298
LDB: Largest compute 166 load 0.016475 is 29.1% of average load 0.056550
LDB: Average compute 0.003808 is 6.7% of average load 0.056550
LDB: TIME 710.303 LOAD: AVG 0.0565498 MAX 0.083178  PROXIES: TOTAL 24 MAXPE 4 MAXPATCH 6 None MEM: 0.443348 MB
LDB: TIME 710.304 LOAD: AVG 0.0565498 MAX 0.083178  PROXIES: TOTAL 30 MAXPE 4 MAXPATCH 9 RefineTorusLB MEM: 0.443348 MB
LDB: TIME 710.304 LOAD: AVG 0.0565498 MAX 0.0613422  PROXIES: TOTAL 30 MAXPE 4 MAXPATCH 9 RefineTorusLB MEM: 0.443348 MB
LDB: ============== END OF LOAD BALANCING =============== 710.31
Info: useSync: 0 useProxySync: 0
LDB: =============== DONE WITH MIGRATION ================ 710.364
PRESSURE: 400000 -260.924 -269.454 220.832 95.138 -304.442 195.072 -112.712 409.371 73.2948
GPRESSURE: 400000 -125.21 -416.719 311.137 257.749 -319.455 -63.0621 -57.621 395.218 30.9273
PRESSAVG: 400000 -361.478 -44.686 75.6318 -78.7628 -418.896 27.7836 14.8809 -28.3371 -0.719183
GPRESSAVG: 400000 -361.606 -44.8477 75.5978 -79.1437 -418.604 27.972 14.6269 -28.4304 -1.31351
TIMING: 400000  CPU: 686.206, 0.00235418/step  Wall: 708.588, 0.00248819/step, 0.0691163 hours remaining, 0.443348 MB of memory in use.
PERFORMANCE: 400000  averaging 97.5473 ns/day, 0.00177145 sec/step with standard deviation 0.000464049
ETITLE:      TS           BOND          ANGLE          DIHED          IMPRP               ELECT            VDW       BOUNDARY           MISC        KINETIC               TOTAL           TEMP      POTENTIAL         TOTAL3        TEMPAVG            PRESSURE      GPRESSURE         VOLUME       PRESSAVG      GPRESSAVG

ENERGY:  400000         0.0000         0.0000         0.0000         0.0000          -5640.3481       429.2045         0.0000         0.0000       912.2031          -4298.9404       289.7989     -5211.1435     -4296.9983       294.2082           -164.0236      -137.9124     22904.3472      -260.3642      -260.5079

WRITING EXTENDED SYSTEM TO RESTART FILE AT STEP 400000
WRITING COORDINATES TO DCD FILE MDequil.dcd AT STEP 400000
WRITING COORDINATES TO RESTART FILE AT STEP 400000
FINISHED WRITING RESTART COORDINATES
WRITING VELOCITIES TO RESTART FILE AT STEP 400000
FINISHED WRITING RESTART VELOCITIES
LDB: ============= START OF LOAD BALANCING ============== 720.937
LDB: ============== END OF LOAD BALANCING =============== 720.939
Info: useSync: 0 useProxySync: 0
LDB: =============== DONE WITH MIGRATION ================ 720.942
LDB: ============= START OF LOAD BALANCING ============== 721.217
LDB: Largest compute 146 load 0.013375 is 26.8% of average load 0.049945
LDB: Average compute 0.003429 is 6.9% of average load 0.049945
LDB: TIME 721.228 LOAD: AVG 0.0499446 MAX 0.0549953  PROXIES: TOTAL 24 MAXPE 4 MAXPATCH 6 None MEM: 0.443348 MB
LDB: TIME 721.229 LOAD: AVG 0.0499446 MAX 0.0549953  PROXIES: TOTAL 30 MAXPE 4 MAXPATCH 9 RefineTorusLB MEM: 0.443348 MB
LDB: TIME 721.229 LOAD: AVG 0.0499446 MAX 0.053271  PROXIES: TOTAL 30 MAXPE 4 MAXPATCH 9 RefineTorusLB MEM: 0.443348 MB
LDB: ============== END OF LOAD BALANCING =============== 721.24
Info: useSync: 0 useProxySync: 0
LDB: =============== DONE WITH MIGRATION ================ 721.282
LDB: ============= START OF LOAD BALANCING ============== 732.661
LDB: ============== END OF LOAD BALANCING =============== 732.661
Info: useSync: 0 useProxySync: 0
LDB: =============== DONE WITH MIGRATION ================ 732.67
LDB: ============= START OF LOAD BALANCING ============== 732.882
LDB: Largest compute 143 load 0.011408 is 22.5% of average load 0.050599
LDB: Average compute 0.003497 is 6.9% of average load 0.050599
LDB: TIME 732.889 LOAD: AVG 0.0505987 MAX 0.0625706  PROXIES: TOTAL 24 MAXPE 4 MAXPATCH 6 None MEM: 0.443348 MB
LDB: TIME 732.889 LOAD: AVG 0.0505987 MAX 0.0625706  PROXIES: TOTAL 30 MAXPE 4 MAXPATCH 9 RefineTorusLB MEM: 0.443348 MB
LDB: TIME 732.889 LOAD: AVG 0.0505987 MAX 0.0545771  PROXIES: TOTAL 30 MAXPE 4 MAXPATCH 9 RefineTorusLB MEM: 0.443348 MB
LDB: ============== END OF LOAD BALANCING =============== 732.896
Info: useSync: 0 useProxySync: 0
LDB: =============== DONE WITH MIGRATION ================ 732.947
LDB: ============= START OF LOAD BALANCING ============== 737.713
LDB: ============== END OF LOAD BALANCING =============== 737.717
Info: useSync: 0 useProxySync: 0
LDB: =============== DONE WITH MIGRATION ================ 737.72
LDB: ============= START OF LOAD BALANCING ============== 737.803
LDB: Largest compute 145 load 0.011507 is 23.4% of average load 0.049247
LDB: Average compute 0.003468 is 7.0% of average load 0.049247
LDB: TIME 737.804 LOAD: AVG 0.0492472 MAX 0.0578855  PROXIES: TOTAL 24 MAXPE 4 MAXPATCH 6 None MEM: 0.443348 MB
LDB: TIME 737.804 LOAD: AVG 0.0492472 MAX 0.0578855  PROXIES: TOTAL 30 MAXPE 4 MAXPATCH 9 RefineTorusLB MEM: 0.443348 MB
LDB: TIME 737.804 LOAD: AVG 0.0492472 MAX 0.0530304  PROXIES: TOTAL 30 MAXPE 4 MAXPATCH 9 RefineTorusLB MEM: 0.443348 MB
LDB: ============== END OF LOAD BALANCING =============== 737.804
Info: useSync: 0 useProxySync: 0
LDB: =============== DONE WITH MIGRATION ================ 737.804
WRITING COORDINATES TO DCD FILE MDequil.dcd AT STEP 405000
PRESSURE: 405000 -445.103 -539.838 31.1538 -681.993 98.1892 639.718 411.417 658.058 160.516
GPRESSURE: 405000 -362.092 -484.746 269.328 -782.743 71.8001 385.342 430.169 828.904 165.816
PRESSAVG: 405000 -294.668 -68.6962 -62.9808 -45.0354 -331.251 5.11564 -80.7962 -7.06205 -10.4596
GPRESSAVG: 405000 -294.659 -68.6466 -62.5422 -44.6338 -331.504 4.94698 -80.2985 -7.20794 -10.661
ENERGY:  405000         0.0000         0.0000         0.0000         0.0000          -5637.5929       404.4527         0.0000         0.0000       911.5420          -4321.5983       289.5889     -5233.1402     -4320.1051       294.8188            -62.1324       -41.4921     22576.9364      -212.1262      -212.2748

LDB: ============= START OF LOAD BALANCING ============== 740.174
LDB: ============== END OF LOAD BALANCING =============== 740.174
Info: useSync: 0 useProxySync: 0
LDB: =============== DONE WITH MIGRATION ================ 740.174
LDB: ============= START OF LOAD BALANCING ============== 740.234
LDB: Largest compute 6 load 0.010355 is 21.5% of average load 0.048246
LDB: Average compute 0.003392 is 7.0% of average load 0.048246
LDB: TIME 740.237 LOAD: AVG 0.048246 MAX 0.0530715  PROXIES: TOTAL 24 MAXPE 4 MAXPATCH 6 None MEM: 0.443348 MB
LDB: TIME 740.238 LOAD: AVG 0.048246 MAX 0.0530715  PROXIES: TOTAL 30 MAXPE 4 MAXPATCH 9 RefineTorusLB MEM: 0.443348 MB
LDB: TIME 740.238 LOAD: AVG 0.048246 MAX 0.0526234  PROXIES: TOTAL 30 MAXPE 4 MAXPATCH 9 RefineTorusLB MEM: 0.443348 MB
LDB: ============== END OF LOAD BALANCING =============== 740.243
Info: useSync: 0 useProxySync: 0
LDB: =============== DONE WITH MIGRATION ================ 740.253
LDB: ============= START OF LOAD BALANCING ============== 742.572
LDB: ============== END OF LOAD BALANCING =============== 742.572
Info: useSync: 0 useProxySync: 0
LDB: =============== DONE WITH MIGRATION ================ 742.572
LDB: ============= START OF LOAD BALANCING ============== 742.632
LDB: Largest compute 7 load 0.011023 is 22.9% of average load 0.048148
LDB: Average compute 0.003393 is 7.0% of average load 0.048148
LDB: TIME 742.637 LOAD: AVG 0.0481483 MAX 0.0538078  PROXIES: TOTAL 24 MAXPE 4 MAXPATCH 6 None MEM: 0.443348 MB
LDB: TIME 742.637 LOAD: AVG 0.0481483 MAX 0.0538078  PROXIES: TOTAL 30 MAXPE 4 MAXPATCH 9 RefineTorusLB MEM: 0.443348 MB
LDB: TIME 742.637 LOAD: AVG 0.0481483 MAX 0.0520048  PROXIES: TOTAL 30 MAXPE 4 MAXPATCH 9 RefineTorusLB MEM: 0.443348 MB
LDB: ============== END OF LOAD BALANCING =============== 742.645
Info: useSync: 0 useProxySync: 0
LDB: =============== DONE WITH MIGRATION ================ 742.646
WRITING COORDINATES TO DCD FILE MDequil.dcd AT STEP 410000
PRESSURE: 410000 273.668 -331.072 145.24 -218.626 -1742.79 -164.045 196.385 -44.077 -448.071
GPRESSURE: 410000 241.462 -421.648 143.703 -7.73731 -1584.12 -45.7031 -193.778 25.1565 -538.305
PRESSAVG: 410000 -318.109 -12.1066 -11.2514 2.98629 -324.077 -5.66267 45.4737 30.21 8.96045
GPRESSAVG: 410000 -317.763 -11.9436 -11.3043 2.61658 -324.321 -5.57912 45.1656 30.2843 8.86621
ENERGY:  410000         0.0000         0.0000         0.0000         0.0000          -5533.3738       390.0407         0.0000         0.0000       911.0336          -4232.2995       289.4274     -5143.3331     -4229.1243       300.1988           -639.0644      -626.9881     23313.8758      -211.0752      -211.0728

LDB: ============= START OF LOAD BALANCING ============== 745.068
LDB: ============== END OF LOAD BALANCING =============== 745.068
Info: useSync: 0 useProxySync: 0
LDB: =============== DONE WITH MIGRATION ================ 745.069
LDB: ============= START OF LOAD BALANCING ============== 745.127
LDB: Largest compute 142 load 0.010689 is 22.2% of average load 0.048170
LDB: Average compute 0.003392 is 7.0% of average load 0.048170
LDB: TIME 745.127 LOAD: AVG 0.0481701 MAX 0.0537771  PROXIES: TOTAL 24 MAXPE 4 MAXPATCH 6 None MEM: 0.443348 MB
LDB: TIME 745.127 LOAD: AVG 0.0481701 MAX 0.0537771  PROXIES: TOTAL 30 MAXPE 4 MAXPATCH 9 RefineTorusLB MEM: 0.443348 MB
LDB: TIME 745.127 LOAD: AVG 0.0481701 MAX 0.0524014  PROXIES: TOTAL 30 MAXPE 4 MAXPATCH 9 RefineTorusLB MEM: 0.443348 MB
LDB: ============== END OF LOAD BALANCING =============== 745.127
Info: useSync: 0 useProxySync: 0
LDB: =============== DONE WITH MIGRATION ================ 745.128
LDB: ============= START OF LOAD BALANCING ============== 747.563
LDB: ============== END OF LOAD BALANCING =============== 747.563
Info: useSync: 0 useProxySync: 0
LDB: =============== DONE WITH MIGRATION ================ 747.563
LDB: ============= START OF LOAD BALANCING ============== 747.626
LDB: Largest compute 7 load 0.011870 is 22.5% of average load 0.052702
LDB: Average compute 0.003714 is 7.0% of average load 0.052702
LDB: TIME 747.627 LOAD: AVG 0.0527022 MAX 0.0597125  PROXIES: TOTAL 24 MAXPE 4 MAXPATCH 6 None MEM: 0.443348 MB
LDB: TIME 747.627 LOAD: AVG 0.0527022 MAX 0.0597125  PROXIES: TOTAL 30 MAXPE 4 MAXPATCH 9 RefineTorusLB MEM: 0.443348 MB
LDB: TIME 747.627 LOAD: AVG 0.0527022 MAX 0.0565069  PROXIES: TOTAL 30 MAXPE 4 MAXPATCH 9 RefineTorusLB MEM: 0.443348 MB
LDB: ============== END OF LOAD BALANCING =============== 747.627
Info: useSync: 0 useProxySync: 0
LDB: =============== DONE WITH MIGRATION ================ 747.627
LDB: ============= START OF LOAD BALANCING ============== 750.108
LDB: ============== END OF LOAD BALANCING =============== 750.108
Info: useSync: 0 useProxySync: 0
LDB: =============== DONE WITH MIGRATION ================ 750.111
LDB: ============= START OF LOAD BALANCING ============== 750.174
LDB: Largest compute 7 load 0.011933 is 22.2% of average load 0.053805
LDB: Average compute 0.003783 is 7.0% of average load 0.053805
LDB: TIME 750.174 LOAD: AVG 0.0538053 MAX 0.0579693  PROXIES: TOTAL 24 MAXPE 4 MAXPATCH 6 None MEM: 0.443348 MB
LDB: TIME 750.174 LOAD: AVG 0.0538053 MAX 0.0579693  PROXIES: TOTAL 30 MAXPE 4 MAXPATCH 9 RefineTorusLB MEM: 0.443348 MB
LDB: TIME 750.174 LOAD: AVG 0.0538053 MAX 0.0579693  PROXIES: TOTAL 30 MAXPE 4 MAXPATCH 9 RefineTorusLB MEM: 0.443348 MB
LDB: ============== END OF LOAD BALANCING =============== 750.174
Info: useSync: 0 useProxySync: 0
LDB: =============== DONE WITH MIGRATION ================ 750.175
PRESSURE: 415000 -223.182 211.565 465.171 -291.255 -836.847 124.939 213.785 -117.157 -116.692
GPRESSURE: 415000 -8.11384 472.683 489.217 -417.076 -954.323 -133.361 123.767 -90.1835 -172.56
PRESSAVG: 415000 -258.994 51.2736 38.369 90.8715 -297.266 33.332 88.2289 21.1567 12.9711
GPRESSAVG: 415000 -258.861 51.4785 38.2151 90.9943 -297.381 33.7514 88.1237 21.043 13.1443
ENERGY:  415000         0.0000         0.0000         0.0000         0.0000          -5527.5083       355.7679         0.0000         0.0000       917.6343          -4254.1061       291.5244     -5171.7404     -4251.2627       296.9848           -392.2404      -378.3323     22486.6796      -181.0961      -181.0326

WRITING COORDINATES TO DCD FILE MDequil.dcd AT STEP 415000
LDB: ============= START OF LOAD BALANCING ============== 752.662
LDB: ============== END OF LOAD BALANCING =============== 752.662
Info: useSync: 0 useProxySync: 0
LDB: =============== DONE WITH MIGRATION ================ 752.662
LDB: ============= START OF LOAD BALANCING ============== 752.725
LDB: Largest compute 144 load 0.012412 is 23.0% of average load 0.054082
LDB: Average compute 0.003817 is 7.1% of average load 0.054082
LDB: TIME 752.725 LOAD: AVG 0.0540823 MAX 0.0568289  PROXIES: TOTAL 24 MAXPE 4 MAXPATCH 6 None MEM: 0.443348 MB
LDB: TIME 752.726 LOAD: AVG 0.0540823 MAX 0.0568289  PROXIES: TOTAL 30 MAXPE 4 MAXPATCH 9 RefineTorusLB MEM: 0.443348 MB
LDB: TIME 752.726 LOAD: AVG 0.0540823 MAX 0.0568289  PROXIES: TOTAL 30 MAXPE 4 MAXPATCH 9 RefineTorusLB MEM: 0.443348 MB
LDB: ============== END OF LOAD BALANCING =============== 752.728
Info: useSync: 0 useProxySync: 0
LDB: =============== DONE WITH MIGRATION ================ 752.739
LDB: ============= START OF LOAD BALANCING ============== 755.263
LDB: ============== END OF LOAD BALANCING =============== 755.266
Info: useSync: 0 useProxySync: 0
LDB: =============== DONE WITH MIGRATION ================ 755.266
LDB: ============= START OF LOAD BALANCING ============== 755.329
LDB: Largest compute 5 load 0.011779 is 21.8% of average load 0.054087
LDB: Average compute 0.003818 is 7.1% of average load 0.054087
LDB: TIME 755.329 LOAD: AVG 0.054087 MAX 0.056467  PROXIES: TOTAL 24 MAXPE 4 MAXPATCH 6 None MEM: 0.443348 MB
LDB: TIME 755.329 LOAD: AVG 0.054087 MAX 0.056467  PROXIES: TOTAL 30 MAXPE 4 MAXPATCH 9 RefineTorusLB MEM: 0.443348 MB
LDB: TIME 755.329 LOAD: AVG 0.054087 MAX 0.056467  PROXIES: TOTAL 30 MAXPE 4 MAXPATCH 9 RefineTorusLB MEM: 0.443348 MB
LDB: ============== END OF LOAD BALANCING =============== 755.329
Info: useSync: 0 useProxySync: 0
LDB: =============== DONE WITH MIGRATION ================ 755.33
WRITING COORDINATES TO DCD FILE MDequil.dcd AT STEP 420000
PRESSURE: 420000 180.791 348.487 -123.686 465.958 366.994 -515.147 -115.532 -250.809 559.909
GPRESSURE: 420000 211.9 487.874 -139.608 465.651 462.299 -394.377 -166.377 -170.959 477.064
PRESSAVG: 420000 -53.2253 16.3971 63.3146 -3.31867 -132.259 -27.2231 20.6886 -66.2434 15.0773
GPRESSAVG: 420000 -53.1787 16.3472 63.8307 -3.14439 -132.25 -27.2683 20.2478 -66.8173 15.0993
ENERGY:  420000         0.0000         0.0000         0.0000         0.0000          -5592.9018       413.9567         0.0000         0.0000       989.7815          -4189.1636       314.4449     -5178.9451     -4187.1572       307.9640            369.2313       383.7544     22439.4515       -56.8024       -56.7765

LDB: ============= START OF LOAD BALANCING ============== 757.948
LDB: ============== END OF LOAD BALANCING =============== 757.948
Info: useSync: 0 useProxySync: 0
LDB: =============== DONE WITH MIGRATION ================ 757.948
LDB: ============= START OF LOAD BALANCING ============== 758.012
LDB: Largest compute 143 load 0.012470 is 23.0% of average load 0.054238
LDB: Average compute 0.003822 is 7.0% of average load 0.054238
LDB: TIME 758.012 LOAD: AVG 0.0542382 MAX 0.0586789  PROXIES: TOTAL 24 MAXPE 4 MAXPATCH 6 None MEM: 0.443348 MB
LDB: TIME 758.012 LOAD: AVG 0.0542382 MAX 0.0586789  PROXIES: TOTAL 30 MAXPE 4 MAXPATCH 9 RefineTorusLB MEM: 0.443348 MB
LDB: TIME 758.013 LOAD: AVG 0.0542382 MAX 0.0586789  PROXIES: TOTAL 30 MAXPE 4 MAXPATCH 9 RefineTorusLB MEM: 0.443348 MB
LDB: ============== END OF LOAD BALANCING =============== 758.013
Info: useSync: 0 useProxySync: 0
LDB: =============== DONE WITH MIGRATION ================ 758.013
LDB: ============= START OF LOAD BALANCING ============== 760.485
LDB: ============== END OF LOAD BALANCING =============== 760.485
Info: useSync: 0 useProxySync: 0
LDB: =============== DONE WITH MIGRATION ================ 760.488
LDB: ============= START OF LOAD BALANCING ============== 760.551
LDB: Largest compute 143 load 0.012617 is 23.4% of average load 0.053932
LDB: Average compute 0.003780 is 7.0% of average load 0.053932
LDB: TIME 760.551 LOAD: AVG 0.0539321 MAX 0.0578078  PROXIES: TOTAL 24 MAXPE 4 MAXPATCH 6 None MEM: 0.443348 MB
LDB: TIME 760.551 LOAD: AVG 0.0539321 MAX 0.0578078  PROXIES: TOTAL 30 MAXPE 4 MAXPATCH 9 RefineTorusLB MEM: 0.443348 MB
LDB: TIME 760.551 LOAD: AVG 0.0539321 MAX 0.0578078  PROXIES: TOTAL 30 MAXPE 4 MAXPATCH 9 RefineTorusLB MEM: 0.443348 MB
LDB: ============== END OF LOAD BALANCING =============== 760.551
Info: useSync: 0 useProxySync: 0
LDB: =============== DONE WITH MIGRATION ================ 760.552
LDB: ============= START OF LOAD BALANCING ============== 763.041
LDB: ============== END OF LOAD BALANCING =============== 763.041
Info: useSync: 0 useProxySync: 0
LDB: =============== DONE WITH MIGRATION ================ 763.041
LDB: ============= START OF LOAD BALANCING ============== 763.106
LDB: Largest compute 144 load 0.011715 is 21.9% of average load 0.053510
LDB: Average compute 0.003765 is 7.0% of average load 0.053510
LDB: TIME 763.106 LOAD: AVG 0.0535104 MAX 0.0590573  PROXIES: TOTAL 24 MAXPE 4 MAXPATCH 6 None MEM: 0.443348 MB
LDB: TIME 763.106 LOAD: AVG 0.0535104 MAX 0.0590573  PROXIES: TOTAL 30 MAXPE 4 MAXPATCH 9 RefineTorusLB MEM: 0.443348 MB
LDB: TIME 763.106 LOAD: AVG 0.0535104 MAX 0.0583053  PROXIES: TOTAL 30 MAXPE 4 MAXPATCH 9 RefineTorusLB MEM: 0.443348 MB
LDB: ============== END OF LOAD BALANCING =============== 763.106
Info: useSync: 0 useProxySync: 0
LDB: =============== DONE WITH MIGRATION ================ 763.107
WRITING COORDINATES TO DCD FILE MDequil.dcd AT STEP 425000
PRESSURE: 425000 84.0123 436.401 262.378 517.228 -879.19 -261.057 100.029 -475.281 420.676
GPRESSURE: 425000 142.846 497.676 281.89 724.57 -777.2 -115.171 15.3356 -599.49 315.647
PRESSAVG: 425000 -283.194 60.8671 -18.2731 51.1746 -369.528 -48.186 -42.1177 16.2694 -17.7107
GPRESSAVG: 425000 -283.291 61.4488 -18.5912 50.7173 -369.271 -48.245 -41.6558 16.483 -18.0004
ENERGY:  425000         0.0000         0.0000         0.0000         0.0000          -5619.0422       403.4479         0.0000         0.0000       960.9754          -4254.6189       305.2935     -5215.5943     -4253.1378       303.1108           -124.8340      -106.2357     22759.0968      -223.4778      -223.5208

LDB: ============= START OF LOAD BALANCING ============== 765.593
LDB: ============== END OF LOAD BALANCING =============== 765.593
Info: useSync: 0 useProxySync: 0
LDB: =============== DONE WITH MIGRATION ================ 765.593
LDB: ============= START OF LOAD BALANCING ============== 765.657
LDB: Largest compute 144 load 0.011853 is 21.8% of average load 0.054329
LDB: Average compute 0.003824 is 7.0% of average load 0.054329
LDB: TIME 765.657 LOAD: AVG 0.0543288 MAX 0.0597394  PROXIES: TOTAL 24 MAXPE 4 MAXPATCH 6 None MEM: 0.443348 MB
LDB: TIME 765.657 LOAD: AVG 0.0543288 MAX 0.0597394  PROXIES: TOTAL 30 MAXPE 4 MAXPATCH 9 RefineTorusLB MEM: 0.443348 MB
LDB: TIME 765.657 LOAD: AVG 0.0543288 MAX 0.059098  PROXIES: TOTAL 30 MAXPE 4 MAXPATCH 9 RefineTorusLB MEM: 0.443348 MB
LDB: ============== END OF LOAD BALANCING =============== 765.657
Info: useSync: 0 useProxySync: 0
LDB: =============== DONE WITH MIGRATION ================ 765.658
LDB: ============= START OF LOAD BALANCING ============== 768.129
LDB: ============== END OF LOAD BALANCING =============== 768.129
Info: useSync: 0 useProxySync: 0
LDB: =============== DONE WITH MIGRATION ================ 768.129
LDB: ============= START OF LOAD BALANCING ============== 768.192
LDB: Largest compute 144 load 0.012518 is 23.1% of average load 0.054211
LDB: Average compute 0.003813 is 7.0% of average load 0.054211
LDB: TIME 768.193 LOAD: AVG 0.0542112 MAX 0.0565549  PROXIES: TOTAL 24 MAXPE 4 MAXPATCH 6 None MEM: 0.443348 MB
LDB: TIME 768.193 LOAD: AVG 0.0542112 MAX 0.0565549  PROXIES: TOTAL 30 MAXPE 4 MAXPATCH 9 RefineTorusLB MEM: 0.443348 MB
LDB: TIME 768.193 LOAD: AVG 0.0542112 MAX 0.0565549  PROXIES: TOTAL 30 MAXPE 4 MAXPATCH 9 RefineTorusLB MEM: 0.443348 MB
LDB: ============== END OF LOAD BALANCING =============== 768.193
Info: useSync: 0 useProxySync: 0
LDB: =============== DONE WITH MIGRATION ================ 768.193
WRITING COORDINATES TO DCD FILE MDequil.dcd AT STEP 430000
PRESSURE: 430000 -677.788 -62.6985 14.4253 185.299 -288.915 526.496 -214.328 158.542 -402.995
GPRESSURE: 430000 -762.001 -89.8926 -21.4038 320.132 -270.141 314.452 -400.593 168.291 -266.67
PRESSAVG: 430000 -452.44 -15.8237 -36.2406 18.5576 -341.693 -19.4504 -12.6902 57.9298 8.58088
GPRESSAVG: 430000 -452.327 -16.1918 -36.248 19.0481 -341.689 -19.6179 -12.6328 57.8571 8.98193
ENERGY:  430000         0.0000         0.0000         0.0000         0.0000          -5654.7706       389.1989         0.0000         0.0000       913.3815          -4352.1902       290.1733     -5265.5717     -4350.2033       292.9161           -456.5661      -432.9374     22499.7032      -261.8506      -261.6780

LDB: ============= START OF LOAD BALANCING ============== 770.709
LDB: ============== END OF LOAD BALANCING =============== 770.709
Info: useSync: 0 useProxySync: 0
LDB: =============== DONE WITH MIGRATION ================ 770.733
LDB: ============= START OF LOAD BALANCING ============== 770.826
LDB: Largest compute 88 load 0.018994 is 34.0% of average load 0.055854
LDB: Average compute 0.003716 is 6.7% of average load 0.055854
LDB: TIME 770.826 LOAD: AVG 0.0558536 MAX 0.0797644  PROXIES: TOTAL 24 MAXPE 4 MAXPATCH 6 None MEM: 0.443348 MB
LDB: TIME 770.826 LOAD: AVG 0.0558536 MAX 0.0797644  PROXIES: TOTAL 30 MAXPE 4 MAXPATCH 9 RefineTorusLB MEM: 0.443348 MB
LDB: TIME 770.826 LOAD: AVG 0.0558536 MAX 0.0598835  PROXIES: TOTAL 29 MAXPE 4 MAXPATCH 8 RefineTorusLB MEM: 0.443348 MB
LDB: ============== END OF LOAD BALANCING =============== 770.826
Info: useSync: 0 useProxySync: 0
LDB: =============== DONE WITH MIGRATION ================ 770.827
LDB: ============= START OF LOAD BALANCING ============== 773.46
LDB: ============== END OF LOAD BALANCING =============== 773.46
Info: useSync: 0 useProxySync: 0
LDB: =============== DONE WITH MIGRATION ================ 773.46
LDB: ============= START OF LOAD BALANCING ============== 773.527
LDB: Largest compute 142 load 0.011962 is 22.6% of average load 0.052984
LDB: Average compute 0.003728 is 7.0% of average load 0.052984
LDB: TIME 773.528 LOAD: AVG 0.052984 MAX 0.061589  PROXIES: TOTAL 24 MAXPE 4 MAXPATCH 6 None MEM: 0.443348 MB
LDB: TIME 773.528 LOAD: AVG 0.052984 MAX 0.061589  PROXIES: TOTAL 29 MAXPE 4 MAXPATCH 8 RefineTorusLB MEM: 0.443348 MB
LDB: TIME 773.528 LOAD: AVG 0.052984 MAX 0.0569364  PROXIES: TOTAL 29 MAXPE 4 MAXPATCH 8 RefineTorusLB MEM: 0.443348 MB
LDB: ============== END OF LOAD BALANCING =============== 773.528
Info: useSync: 0 useProxySync: 0
LDB: =============== DONE WITH MIGRATION ================ 773.528
LDB: ============= START OF LOAD BALANCING ============== 776.081
LDB: ============== END OF LOAD BALANCING =============== 776.081
Info: useSync: 0 useProxySync: 0
LDB: =============== DONE WITH MIGRATION ================ 776.081
LDB: ============= START OF LOAD BALANCING ============== 776.147
LDB: Largest compute 5 load 0.012493 is 23.4% of average load 0.053459
LDB: Average compute 0.003761 is 7.0% of average load 0.053459
LDB: TIME 776.147 LOAD: AVG 0.0534586 MAX 0.0602613  PROXIES: TOTAL 24 MAXPE 4 MAXPATCH 6 None MEM: 0.443348 MB
LDB: TIME 776.147 LOAD: AVG 0.0534586 MAX 0.0602613  PROXIES: TOTAL 29 MAXPE 4 MAXPATCH 8 RefineTorusLB MEM: 0.443348 MB
LDB: TIME 776.147 LOAD: AVG 0.0534586 MAX 0.0581842  PROXIES: TOTAL 29 MAXPE 4 MAXPATCH 8 RefineTorusLB MEM: 0.443348 MB
LDB: ============== END OF LOAD BALANCING =============== 776.147
Info: useSync: 0 useProxySync: 0
LDB: =============== DONE WITH MIGRATION ================ 776.148
WRITING COORDINATES TO DCD FILE MDequil.dcd AT STEP 435000
PRESSURE: 435000 -561.114 19.5149 -113.643 205.14 -9.19622 -488.159 -327.043 30.1011 -746.081
GPRESSURE: 435000 -643.348 -251.269 -125.159 270.363 66.6164 -586.748 -401.151 196.937 -684.868
PRESSAVG: 435000 -362.751 82.0074 23.1772 55.7148 -301.164 -35.1726 -49.7973 34.0097 1.95116
GPRESSAVG: 435000 -362.543 82.0239 23.2208 55.3059 -301.258 -34.6766 -49.9809 33.3876 1.83471
ENERGY:  435000         0.0000         0.0000         0.0000         0.0000          -5497.8291       363.8946         0.0000         0.0000       896.7201          -4237.2144       284.8801     -5133.9345     -4234.5772       295.7853           -438.7970      -420.5331     22857.4074      -220.6545      -220.6552

LDB: ============= START OF LOAD BALANCING ============== 778.72
LDB: ============== END OF LOAD BALANCING =============== 778.72
Info: useSync: 0 useProxySync: 0
LDB: =============== DONE WITH MIGRATION ================ 778.72
LDB: ============= START OF LOAD BALANCING ============== 778.786
LDB: Largest compute 5 load 0.013227 is 24.7% of average load 0.053601
LDB: Average compute 0.003777 is 7.0% of average load 0.053601
LDB: TIME 778.786 LOAD: AVG 0.0536009 MAX 0.0602867  PROXIES: TOTAL 24 MAXPE 4 MAXPATCH 6 None MEM: 0.443348 MB
LDB: TIME 778.786 LOAD: AVG 0.0536009 MAX 0.0602867  PROXIES: TOTAL 29 MAXPE 4 MAXPATCH 8 RefineTorusLB MEM: 0.443348 MB
LDB: TIME 778.787 LOAD: AVG 0.0536009 MAX 0.0582648  PROXIES: TOTAL 29 MAXPE 4 MAXPATCH 8 RefineTorusLB MEM: 0.443348 MB
LDB: ============== END OF LOAD BALANCING =============== 778.787
Info: useSync: 0 useProxySync: 0
LDB: =============== DONE WITH MIGRATION ================ 778.787
LDB: ============= START OF LOAD BALANCING ============== 781.325
LDB: ============== END OF LOAD BALANCING =============== 781.325
Info: useSync: 0 useProxySync: 0
LDB: =============== DONE WITH MIGRATION ================ 781.337
LDB: ============= START OF LOAD BALANCING ============== 781.401
LDB: Largest compute 161 load 0.012081 is 23.1% of average load 0.052345
LDB: Average compute 0.003680 is 7.0% of average load 0.052345
LDB: TIME 781.401 LOAD: AVG 0.0523449 MAX 0.058646  PROXIES: TOTAL 24 MAXPE 4 MAXPATCH 6 None MEM: 0.443348 MB
LDB: TIME 781.402 LOAD: AVG 0.0523449 MAX 0.058646  PROXIES: TOTAL 29 MAXPE 4 MAXPATCH 8 RefineTorusLB MEM: 0.443348 MB
LDB: TIME 781.402 LOAD: AVG 0.0523449 MAX 0.0569486  PROXIES: TOTAL 29 MAXPE 4 MAXPATCH 8 RefineTorusLB MEM: 0.443348 MB
LDB: ============== END OF LOAD BALANCING =============== 781.402
Info: useSync: 0 useProxySync: 0
LDB: =============== DONE WITH MIGRATION ================ 781.402
PRESSURE: 440000 829.555 -273.627 -293.664 -314.996 -122.062 -83.9958 9.7658 75.1284 -36.9815
GPRESSURE: 440000 950.806 -385.288 -260.81 -406.813 -356.205 -159.845 208.294 -50.8189 129.308
PRESSAVG: 440000 -281.047 0.0309877 -47.2304 3.91129 -217.75 -41.4385 -47.1288 -55.7763 13.3759
GPRESSAVG: 440000 -280.553 -0.53893 -47.3633 4.26279 -218.071 -41.15 -46.7917 -55.6636 13.1657
ENERGY:  440000         0.0000         0.0000         0.0000         0.0000          -5601.8902       412.0814         0.0000         0.0000       957.6733          -4232.1355       304.2444     -5189.8088     -4231.2496       306.2044            223.5039       241.3031     22627.3696      -161.8070      -161.8194

WRITING COORDINATES TO DCD FILE MDequil.dcd AT STEP 440000
LDB: ============= START OF LOAD BALANCING ============== 783.923
LDB: ============== END OF LOAD BALANCING =============== 783.923
Info: useSync: 0 useProxySync: 0
LDB: =============== DONE WITH MIGRATION ================ 783.923
LDB: ============= START OF LOAD BALANCING ============== 783.988
LDB: Largest compute 5 load 0.011992 is 22.5% of average load 0.053209
LDB: Average compute 0.003742 is 7.0% of average load 0.053209
LDB: TIME 783.988 LOAD: AVG 0.0532091 MAX 0.0604155  PROXIES: TOTAL 24 MAXPE 4 MAXPATCH 6 None MEM: 0.443348 MB
LDB: TIME 783.988 LOAD: AVG 0.0532091 MAX 0.0604155  PROXIES: TOTAL 29 MAXPE 4 MAXPATCH 8 RefineTorusLB MEM: 0.443348 MB
LDB: TIME 783.988 LOAD: AVG 0.0532091 MAX 0.0569388  PROXIES: TOTAL 30 MAXPE 4 MAXPATCH 9 RefineTorusLB MEM: 0.443348 MB
LDB: ============== END OF LOAD BALANCING =============== 783.988
Info: useSync: 0 useProxySync: 0
LDB: =============== DONE WITH MIGRATION ================ 783.989
LDB: ============= START OF LOAD BALANCING ============== 786.524
LDB: ============== END OF LOAD BALANCING =============== 786.535
Info: useSync: 0 useProxySync: 0
LDB: =============== DONE WITH MIGRATION ================ 786.535
LDB: ============= START OF LOAD BALANCING ============== 786.61
LDB: Largest compute 163 load 0.018209 is 35.0% of average load 0.052048
LDB: Average compute 0.003655 is 7.0% of average load 0.052048
LDB: TIME 786.61 LOAD: AVG 0.0520477 MAX 0.0657048  PROXIES: TOTAL 24 MAXPE 4 MAXPATCH 6 None MEM: 0.443348 MB
LDB: TIME 786.61 LOAD: AVG 0.0520477 MAX 0.0657048  PROXIES: TOTAL 30 MAXPE 4 MAXPATCH 9 RefineTorusLB MEM: 0.443348 MB
LDB: TIME 786.61 LOAD: AVG 0.0520477 MAX 0.0565721  PROXIES: TOTAL 30 MAXPE 4 MAXPATCH 9 RefineTorusLB MEM: 0.443348 MB
LDB: ============== END OF LOAD BALANCING =============== 786.61
Info: useSync: 0 useProxySync: 0
LDB: =============== DONE WITH MIGRATION ================ 786.611
LDB: ============= START OF LOAD BALANCING ============== 789.179
LDB: ============== END OF LOAD BALANCING =============== 789.179
Info: useSync: 0 useProxySync: 0
LDB: =============== DONE WITH MIGRATION ================ 789.179
LDB: ============= START OF LOAD BALANCING ============== 789.246
LDB: Largest compute 7 load 0.012603 is 23.3% of average load 0.054005
LDB: Average compute 0.003800 is 7.0% of average load 0.054005
LDB: TIME 789.246 LOAD: AVG 0.0540053 MAX 0.0605716  PROXIES: TOTAL 24 MAXPE 4 MAXPATCH 6 None MEM: 0.443348 MB
LDB: TIME 789.246 LOAD: AVG 0.0540053 MAX 0.0605716  PROXIES: TOTAL 30 MAXPE 4 MAXPATCH 9 RefineTorusLB MEM: 0.443348 MB
LDB: TIME 789.246 LOAD: AVG 0.0540053 MAX 0.0587331  PROXIES: TOTAL 30 MAXPE 4 MAXPATCH 9 RefineTorusLB MEM: 0.443348 MB
LDB: ============== END OF LOAD BALANCING =============== 789.246
Info: useSync: 0 useProxySync: 0
LDB: =============== DONE WITH MIGRATION ================ 789.246
PRESSURE: 445000 -362.484 325.135 129.198 189.401 189.225 136.436 327.325 145.29 98.125
GPRESSURE: 445000 -316.098 164.694 458.771 309.877 -2.36338 -32.1827 321.804 280.205 313.229
PRESSAVG: 445000 -377.845 -49.075 18.5504 -38.1297 -262.838 -46.4186 90.145 25.0288 0.331585
GPRESSAVG: 445000 -378.217 -49.4168 18.785 -38.2621 -262.72 -46.438 90.0902 25.2224 0.631238
ENERGY:  445000         0.0000         0.0000         0.0000         0.0000          -5591.7965       415.0314         0.0000         0.0000       913.7704          -4262.9947       290.2968     -5176.7651     -4260.7346       300.0042            -25.0447        -1.7443     22852.2434      -213.4505      -213.4351

WRITING COORDINATES TO DCD FILE MDequil.dcd AT STEP 445000
LDB: ============= START OF LOAD BALANCING ============== 791.73
LDB: ============== END OF LOAD BALANCING =============== 791.73
Info: useSync: 0 useProxySync: 0
LDB: =============== DONE WITH MIGRATION ================ 791.73
LDB: ============= START OF LOAD BALANCING ============== 791.795
LDB: Largest compute 7 load 0.012394 is 23.0% of average load 0.053793
LDB: Average compute 0.003777 is 7.0% of average load 0.053793
LDB: TIME 791.795 LOAD: AVG 0.0537929 MAX 0.0594116  PROXIES: TOTAL 24 MAXPE 4 MAXPATCH 6 None MEM: 0.443348 MB
LDB: TIME 791.795 LOAD: AVG 0.0537929 MAX 0.0594116  PROXIES: TOTAL 30 MAXPE 4 MAXPATCH 9 RefineTorusLB MEM: 0.443348 MB
LDB: TIME 791.795 LOAD: AVG 0.0537929 MAX 0.0586659  PROXIES: TOTAL 30 MAXPE 4 MAXPATCH 9 RefineTorusLB MEM: 0.443348 MB
LDB: ============== END OF LOAD BALANCING =============== 791.795
Info: useSync: 0 useProxySync: 0
LDB: =============== DONE WITH MIGRATION ================ 791.796
LDB: ============= START OF LOAD BALANCING ============== 794.356
LDB: ============== END OF LOAD BALANCING =============== 794.356
Info: useSync: 0 useProxySync: 0
LDB: =============== DONE WITH MIGRATION ================ 794.356
LDB: ============= START OF LOAD BALANCING ============== 794.422
LDB: Largest compute 5 load 0.012164 is 22.6% of average load 0.053940
LDB: Average compute 0.003797 is 7.0% of average load 0.053940
LDB: TIME 794.422 LOAD: AVG 0.0539401 MAX 0.0608056  PROXIES: TOTAL 24 MAXPE 4 MAXPATCH 6 None MEM: 0.443348 MB
LDB: TIME 794.422 LOAD: AVG 0.0539401 MAX 0.0608056  PROXIES: TOTAL 30 MAXPE 4 MAXPATCH 9 RefineTorusLB MEM: 0.443348 MB
LDB: TIME 794.422 LOAD: AVG 0.0539401 MAX 0.058412  PROXIES: TOTAL 30 MAXPE 4 MAXPATCH 9 RefineTorusLB MEM: 0.443348 MB
LDB: ============== END OF LOAD BALANCING =============== 794.422
Info: useSync: 0 useProxySync: 0
LDB: =============== DONE WITH MIGRATION ================ 794.423
PRESSURE: 450000 -591.042 956.48 369.465 621.906 -640.618 280.266 -191.784 640.33 363.674
GPRESSURE: 450000 -603.264 1239.79 146.866 288.329 -528.745 187.678 -371.067 602.195 308.631
PRESSAVG: 450000 -262.472 -10.374 65.3338 4.65275 -315.848 -27.2474 64.8868 -22.8074 -7.31352
GPRESSAVG: 450000 -262.659 -9.83083 65.1434 4.77126 -315.812 -27.8258 65.5943 -22.6084 -7.43391
TIMING: 450000  CPU: 761.415, 0.00150419/step  Wall: 785.201, 0.00153226/step, 0.0212814 hours remaining, 0.443348 MB of memory in use.
PERFORMANCE: 450000  averaging 99.0331 ns/day, 0.00174487 sec/step with standard deviation 0.00044134
ETITLE:      TS           BOND          ANGLE          DIHED          IMPRP               ELECT            VDW       BOUNDARY           MISC        KINETIC               TOTAL           TEMP      POTENTIAL         TOTAL3        TEMPAVG            PRESSURE      GPRESSURE         VOLUME       PRESSAVG      GPRESSAVG

ENERGY:  450000         0.0000         0.0000         0.0000         0.0000          -5612.6554       384.7309         0.0000         0.0000       966.5995          -4261.3250       307.0802     -5227.9245     -4259.2965       301.0938           -289.3286      -274.4592     22444.1922      -195.2113      -195.3017

WRITING EXTENDED SYSTEM TO RESTART FILE AT STEP 450000
WRITING COORDINATES TO DCD FILE MDequil.dcd AT STEP 450000
WRITING COORDINATES TO RESTART FILE AT STEP 450000
FINISHED WRITING RESTART COORDINATES
WRITING VELOCITIES TO RESTART FILE AT STEP 450000
FINISHED WRITING RESTART VELOCITIES
LDB: ============= START OF LOAD BALANCING ============== 796.923
LDB: ============== END OF LOAD BALANCING =============== 796.924
Info: useSync: 0 useProxySync: 0
LDB: =============== DONE WITH MIGRATION ================ 796.926
LDB: ============= START OF LOAD BALANCING ============== 796.99
LDB: Largest compute 144 load 0.012482 is 23.2% of average load 0.053689
LDB: Average compute 0.003772 is 7.0% of average load 0.053689
LDB: TIME 796.991 LOAD: AVG 0.0536891 MAX 0.0606155  PROXIES: TOTAL 24 MAXPE 4 MAXPATCH 6 None MEM: 0.443348 MB
LDB: TIME 796.991 LOAD: AVG 0.0536891 MAX 0.0606155  PROXIES: TOTAL 30 MAXPE 4 MAXPATCH 9 RefineTorusLB MEM: 0.443348 MB
LDB: TIME 796.991 LOAD: AVG 0.0536891 MAX 0.0584055  PROXIES: TOTAL 30 MAXPE 4 MAXPATCH 9 RefineTorusLB MEM: 0.443348 MB
LDB: ============== END OF LOAD BALANCING =============== 796.991
Info: useSync: 0 useProxySync: 0
LDB: =============== DONE WITH MIGRATION ================ 796.991
LDB: ============= START OF LOAD BALANCING ============== 799.503
LDB: ============== END OF LOAD BALANCING =============== 799.504
Info: useSync: 0 useProxySync: 0
LDB: =============== DONE WITH MIGRATION ================ 799.504
LDB: ============= START OF LOAD BALANCING ============== 799.567
LDB: Largest compute 7 load 0.012184 is 22.8% of average load 0.053380
LDB: Average compute 0.003744 is 7.0% of average load 0.053380
LDB: TIME 799.568 LOAD: AVG 0.0533802 MAX 0.0588434  PROXIES: TOTAL 24 MAXPE 4 MAXPATCH 6 None MEM: 0.443348 MB
LDB: TIME 799.568 LOAD: AVG 0.0533802 MAX 0.0588434  PROXIES: TOTAL 30 MAXPE 4 MAXPATCH 9 RefineTorusLB MEM: 0.443348 MB
LDB: TIME 799.568 LOAD: AVG 0.0533802 MAX 0.0581175  PROXIES: TOTAL 30 MAXPE 4 MAXPATCH 9 RefineTorusLB MEM: 0.443348 MB
LDB: ============== END OF LOAD BALANCING =============== 799.568
Info: useSync: 0 useProxySync: 0
LDB: =============== DONE WITH MIGRATION ================ 799.568
LDB: ============= START OF LOAD BALANCING ============== 802.072
LDB: ============== END OF LOAD BALANCING =============== 802.072
Info: useSync: 0 useProxySync: 0
LDB: =============== DONE WITH MIGRATION ================ 802.075
LDB: ============= START OF LOAD BALANCING ============== 802.137
LDB: Largest compute 7 load 0.011797 is 22.2% of average load 0.053056
LDB: Average compute 0.003735 is 7.0% of average load 0.053056
LDB: TIME 802.137 LOAD: AVG 0.0530559 MAX 0.0578955  PROXIES: TOTAL 24 MAXPE 4 MAXPATCH 6 None MEM: 0.443348 MB
LDB: TIME 802.138 LOAD: AVG 0.0530559 MAX 0.0578955  PROXIES: TOTAL 30 MAXPE 4 MAXPATCH 9 RefineTorusLB MEM: 0.443348 MB
LDB: TIME 802.138 LOAD: AVG 0.0530559 MAX 0.0576501  PROXIES: TOTAL 30 MAXPE 4 MAXPATCH 9 RefineTorusLB MEM: 0.443348 MB
LDB: ============== END OF LOAD BALANCING =============== 802.138
Info: useSync: 0 useProxySync: 0
LDB: =============== DONE WITH MIGRATION ================ 802.138
PRESSURE: 455000 -1063.91 242.12 131.227 629.968 -414.371 -525.359 156.646 -803.557 -1034.46
GPRESSURE: 455000 -937.271 333.078 428.533 459.912 -660.548 -670.907 -185.393 -527.207 -851.152
PRESSAVG: 455000 -224.197 -58.9894 -37.2502 -34.3888 -273.308 -28.1959 6.31604 -31.0629 10.4642
GPRESSAVG: 455000 -224.203 -58.8133 -36.8719 -34.5071 -273.248 -27.5688 5.80549 -31.0888 10.9012
ENERGY:  455000         0.0000         0.0000         0.0000         0.0000          -5566.6490       349.3864         0.0000         0.0000       929.2501          -4288.0124       295.2146     -5217.2626     -4287.4152       296.6031           -837.5793      -816.3236     22659.1237      -162.3471      -162.1832

WRITING COORDINATES TO DCD FILE MDequil.dcd AT STEP 455000
LDB: ============= START OF LOAD BALANCING ============== 804.616
LDB: ============== END OF LOAD BALANCING =============== 804.616
Info: useSync: 0 useProxySync: 0
LDB: =============== DONE WITH MIGRATION ================ 804.616
LDB: ============= START OF LOAD BALANCING ============== 804.698
LDB: Largest compute 143 load 0.011982 is 22.7% of average load 0.052713
LDB: Average compute 0.003707 is 7.0% of average load 0.052713
LDB: TIME 804.699 LOAD: AVG 0.0527129 MAX 0.058941  PROXIES: TOTAL 24 MAXPE 4 MAXPATCH 6 None MEM: 0.443348 MB
LDB: TIME 804.699 LOAD: AVG 0.0527129 MAX 0.058941  PROXIES: TOTAL 30 MAXPE 4 MAXPATCH 9 RefineTorusLB MEM: 0.443348 MB
LDB: TIME 804.699 LOAD: AVG 0.0527129 MAX 0.0568959  PROXIES: TOTAL 30 MAXPE 4 MAXPATCH 9 RefineTorusLB MEM: 0.443348 MB
LDB: ============== END OF LOAD BALANCING =============== 804.699
Info: useSync: 0 useProxySync: 0
LDB: =============== DONE WITH MIGRATION ================ 804.699
LDB: ============= START OF LOAD BALANCING ============== 807.201
LDB: ============== END OF LOAD BALANCING =============== 807.201
Info: useSync: 0 useProxySync: 0
LDB: =============== DONE WITH MIGRATION ================ 807.201
LDB: ============= START OF LOAD BALANCING ============== 807.276
LDB: Largest compute 7 load 0.012238 is 22.7% of average load 0.053914
LDB: Average compute 0.003725 is 6.9% of average load 0.053914
LDB: TIME 807.276 LOAD: AVG 0.053914 MAX 0.0637442  PROXIES: TOTAL 24 MAXPE 4 MAXPATCH 6 None MEM: 0.443348 MB
LDB: TIME 807.276 LOAD: AVG 0.053914 MAX 0.0637442  PROXIES: TOTAL 30 MAXPE 4 MAXPATCH 9 RefineTorusLB MEM: 0.443348 MB
LDB: TIME 807.276 LOAD: AVG 0.053914 MAX 0.0569453  PROXIES: TOTAL 30 MAXPE 4 MAXPATCH 9 RefineTorusLB MEM: 0.443348 MB
LDB: ============== END OF LOAD BALANCING =============== 807.276
Info: useSync: 0 useProxySync: 0
LDB: =============== DONE WITH MIGRATION ================ 807.277
WRITING COORDINATES TO DCD FILE MDequil.dcd AT STEP 460000
PRESSURE: 460000 -462.065 -512.925 452.4 -475.095 -501.491 53.7694 136.648 -90.4976 -1015.43
GPRESSURE: 460000 -321.467 -364.143 575.467 -475.855 -488.831 189.293 -82.7897 -152.319 -1090.74
PRESSAVG: 460000 -333.201 -16.4754 26.6399 -69.2733 -356.826 -4.85551 -36.0458 -46.3391 -9.62938
GPRESSAVG: 460000 -332.926 -16.5485 26.842 -69.355 -356.914 -5.28164 -35.9461 -46.3091 -9.29115
ENERGY:  460000         0.0000         0.0000         0.0000         0.0000          -5568.6463       381.2228         0.0000         0.0000       942.4818          -4244.9417       299.4182     -5187.4236     -4242.7623       296.9427           -659.6620      -633.6779     23284.0906      -233.2188      -233.0438

LDB: ============= START OF LOAD BALANCING ============== 809.775
LDB: ============== END OF LOAD BALANCING =============== 809.775
Info: useSync: 0 useProxySync: 0
LDB: =============== DONE WITH MIGRATION ================ 809.775
LDB: ============= START OF LOAD BALANCING ============== 809.838
LDB: Largest compute 142 load 0.012317 is 23.3% of average load 0.052849
LDB: Average compute 0.003707 is 7.0% of average load 0.052849
LDB: TIME 809.838 LOAD: AVG 0.0528488 MAX 0.0560355  PROXIES: TOTAL 24 MAXPE 4 MAXPATCH 6 None MEM: 0.443348 MB
LDB: TIME 809.838 LOAD: AVG 0.0528488 MAX 0.0560355  PROXIES: TOTAL 30 MAXPE 4 MAXPATCH 9 RefineTorusLB MEM: 0.443348 MB
LDB: TIME 809.838 LOAD: AVG 0.0528488 MAX 0.0560355  PROXIES: TOTAL 30 MAXPE 4 MAXPATCH 9 RefineTorusLB MEM: 0.443348 MB
LDB: ============== END OF LOAD BALANCING =============== 809.838
Info: useSync: 0 useProxySync: 0
LDB: =============== DONE WITH MIGRATION ================ 809.838
LDB: ============= START OF LOAD BALANCING ============== 812.3
LDB: ============== END OF LOAD BALANCING =============== 812.301
Info: useSync: 0 useProxySync: 0
LDB: =============== DONE WITH MIGRATION ================ 812.301
LDB: ============= START OF LOAD BALANCING ============== 812.366
LDB: Largest compute 5 load 0.012411 is 22.9% of average load 0.054245
LDB: Average compute 0.003817 is 7.0% of average load 0.054245
LDB: TIME 812.366 LOAD: AVG 0.0542452 MAX 0.0588472  PROXIES: TOTAL 24 MAXPE 4 MAXPATCH 6 None MEM: 0.443348 MB
LDB: TIME 812.366 LOAD: AVG 0.0542452 MAX 0.0588472  PROXIES: TOTAL 30 MAXPE 4 MAXPATCH 9 RefineTorusLB MEM: 0.443348 MB
LDB: TIME 812.366 LOAD: AVG 0.0542452 MAX 0.0588472  PROXIES: TOTAL 30 MAXPE 4 MAXPATCH 9 RefineTorusLB MEM: 0.443348 MB
LDB: ============== END OF LOAD BALANCING =============== 812.366
Info: useSync: 0 useProxySync: 0
LDB: =============== DONE WITH MIGRATION ================ 812.366
LDB: ============= START OF LOAD BALANCING ============== 814.871
LDB: ============== END OF LOAD BALANCING =============== 814.871
Info: useSync: 0 useProxySync: 0
LDB: =============== DONE WITH MIGRATION ================ 814.871
LDB: ============= START OF LOAD BALANCING ============== 814.935
LDB: Largest compute 7 load 0.012053 is 22.7% of average load 0.053162
LDB: Average compute 0.003733 is 7.0% of average load 0.053162
LDB: TIME 814.935 LOAD: AVG 0.0531618 MAX 0.0569619  PROXIES: TOTAL 24 MAXPE 4 MAXPATCH 6 None MEM: 0.443348 MB
LDB: TIME 814.935 LOAD: AVG 0.0531618 MAX 0.0569619  PROXIES: TOTAL 30 MAXPE 4 MAXPATCH 9 RefineTorusLB MEM: 0.443348 MB
LDB: TIME 814.935 LOAD: AVG 0.0531618 MAX 0.0569619  PROXIES: TOTAL 30 MAXPE 4 MAXPATCH 9 RefineTorusLB MEM: 0.443348 MB
LDB: ============== END OF LOAD BALANCING =============== 814.935
Info: useSync: 0 useProxySync: 0
LDB: =============== DONE WITH MIGRATION ================ 814.936
WRITING COORDINATES TO DCD FILE MDequil.dcd AT STEP 465000
PRESSURE: 465000 -603.768 479.074 -390.484 175.502 -277.524 -92.617 -160.032 -421.77 -104.414
GPRESSURE: 465000 -644.368 371.604 -236.097 124.331 -281.001 -75.2141 -304.433 -443.842 3.82294
PRESSAVG: 465000 -355.684 -57.9681 11.9553 -50.4059 -312.412 17.872 -69.9813 -14.8429 10.1813
GPRESSAVG: 465000 -355.261 -58.3411 12.3074 -50.7388 -312.597 17.7376 -70.1194 -14.5854 10.075
ENERGY:  465000         0.0000         0.0000         0.0000         0.0000          -5637.5211       397.1236         0.0000         0.0000       957.6859          -4282.7116       304.2484     -5240.3975     -4280.8663       297.1471           -328.5686      -307.1819     22682.1151      -219.3046      -219.2610

LDB: ============= START OF LOAD BALANCING ============== 817.553
LDB: ============== END OF LOAD BALANCING =============== 817.553
Info: useSync: 0 useProxySync: 0
LDB: =============== DONE WITH MIGRATION ================ 817.553
LDB: ============= START OF LOAD BALANCING ============== 817.627
LDB: Largest compute 146 load 0.012333 is 23.2% of average load 0.053257
LDB: Average compute 0.003676 is 6.9% of average load 0.053257
LDB: TIME 817.628 LOAD: AVG 0.0532568 MAX 0.0591865  PROXIES: TOTAL 24 MAXPE 4 MAXPATCH 6 None MEM: 0.443348 MB
LDB: TIME 817.628 LOAD: AVG 0.0532568 MAX 0.0591865  PROXIES: TOTAL 30 MAXPE 4 MAXPATCH 9 RefineTorusLB MEM: 0.443348 MB
LDB: TIME 817.628 LOAD: AVG 0.0532568 MAX 0.0573624  PROXIES: TOTAL 30 MAXPE 4 MAXPATCH 9 RefineTorusLB MEM: 0.443348 MB
LDB: ============== END OF LOAD BALANCING =============== 817.628
Info: useSync: 0 useProxySync: 0
LDB: =============== DONE WITH MIGRATION ================ 817.628
LDB: ============= START OF LOAD BALANCING ============== 820.133
LDB: ============== END OF LOAD BALANCING =============== 820.134
Info: useSync: 0 useProxySync: 0
LDB: =============== DONE WITH MIGRATION ================ 820.134
LDB: ============= START OF LOAD BALANCING ============== 820.198
LDB: Largest compute 5 load 0.012432 is 23.3% of average load 0.053278
LDB: Average compute 0.003747 is 7.0% of average load 0.053278
LDB: TIME 820.198 LOAD: AVG 0.0532781 MAX 0.0577013  PROXIES: TOTAL 24 MAXPE 4 MAXPATCH 6 None MEM: 0.443348 MB
LDB: TIME 820.198 LOAD: AVG 0.0532781 MAX 0.0577013  PROXIES: TOTAL 30 MAXPE 4 MAXPATCH 9 RefineTorusLB MEM: 0.443348 MB
LDB: TIME 820.198 LOAD: AVG 0.0532781 MAX 0.0577013  PROXIES: TOTAL 30 MAXPE 4 MAXPATCH 9 RefineTorusLB MEM: 0.443348 MB
LDB: ============== END OF LOAD BALANCING =============== 820.198
Info: useSync: 0 useProxySync: 0
LDB: =============== DONE WITH MIGRATION ================ 820.199
WRITING COORDINATES TO DCD FILE MDequil.dcd AT STEP 470000
PRESSURE: 470000 -165.242 52.4121 -71.8497 -218.617 45.3932 -192.958 432 -294.923 373.501
GPRESSURE: 470000 -81.4485 -241.528 -101.729 46.7895 19.455 -45.0499 479.393 -645.49 398.72
PRESSAVG: 470000 -325.067 -21.9732 -38.4514 -7.24498 -340.167 -48.242 -90.4323 -46.8987 5.98964
GPRESSAVG: 470000 -325.235 -21.6013 -38.3054 -7.02302 -340.03 -47.8716 -90.508 -47.6669 5.99419
ENERGY:  470000         0.0000         0.0000         0.0000         0.0000          -5576.5220       406.9702         0.0000         0.0000       929.2619          -4240.2899       295.2183     -5169.5518     -4237.5633       300.7982             84.5508       112.2422     22860.1769      -219.7482      -219.7568

LDB: ============= START OF LOAD BALANCING ============== 822.688
LDB: ============== END OF LOAD BALANCING =============== 822.688
Info: useSync: 0 useProxySync: 0
LDB: =============== DONE WITH MIGRATION ================ 822.688
LDB: ============= START OF LOAD BALANCING ============== 822.752
LDB: Largest compute 7 load 0.011840 is 22.3% of average load 0.053105
LDB: Average compute 0.003721 is 7.0% of average load 0.053105
LDB: TIME 822.752 LOAD: AVG 0.0531047 MAX 0.0609983  PROXIES: TOTAL 24 MAXPE 4 MAXPATCH 6 None MEM: 0.443348 MB
LDB: TIME 822.752 LOAD: AVG 0.0531047 MAX 0.0609983  PROXIES: TOTAL 30 MAXPE 4 MAXPATCH 9 RefineTorusLB MEM: 0.443348 MB
LDB: TIME 822.753 LOAD: AVG 0.0531047 MAX 0.0565102  PROXIES: TOTAL 30 MAXPE 4 MAXPATCH 9 RefineTorusLB MEM: 0.443348 MB
LDB: ============== END OF LOAD BALANCING =============== 822.753
Info: useSync: 0 useProxySync: 0
LDB: =============== DONE WITH MIGRATION ================ 822.753
LDB: ============= START OF LOAD BALANCING ============== 825.218
LDB: ============== END OF LOAD BALANCING =============== 825.219
Info: useSync: 0 useProxySync: 0
LDB: =============== DONE WITH MIGRATION ================ 825.219
LDB: ============= START OF LOAD BALANCING ============== 825.281
LDB: Largest compute 144 load 0.011853 is 22.4% of average load 0.052972
LDB: Average compute 0.003715 is 7.0% of average load 0.052972
LDB: TIME 825.282 LOAD: AVG 0.0529724 MAX 0.0575527  PROXIES: TOTAL 24 MAXPE 4 MAXPATCH 6 None MEM: 0.443348 MB
LDB: TIME 825.282 LOAD: AVG 0.0529724 MAX 0.0575527  PROXIES: TOTAL 30 MAXPE 4 MAXPATCH 9 RefineTorusLB MEM: 0.443348 MB
LDB: TIME 825.282 LOAD: AVG 0.0529724 MAX 0.0575527  PROXIES: TOTAL 30 MAXPE 4 MAXPATCH 9 RefineTorusLB MEM: 0.443348 MB
LDB: ============== END OF LOAD BALANCING =============== 825.282
Info: useSync: 0 useProxySync: 0
LDB: =============== DONE WITH MIGRATION ================ 825.282
LDB: ============= START OF LOAD BALANCING ============== 827.752
LDB: ============== END OF LOAD BALANCING =============== 827.752
Info: useSync: 0 useProxySync: 0
LDB: =============== DONE WITH MIGRATION ================ 827.752
LDB: ============= START OF LOAD BALANCING ============== 827.816
LDB: Largest compute 7 load 0.011835 is 22.0% of average load 0.053780
LDB: Average compute 0.003778 is 7.0% of average load 0.053780
LDB: TIME 827.816 LOAD: AVG 0.0537798 MAX 0.0570932  PROXIES: TOTAL 24 MAXPE 4 MAXPATCH 6 None MEM: 0.443348 MB
LDB: TIME 827.816 LOAD: AVG 0.0537798 MAX 0.0570932  PROXIES: TOTAL 30 MAXPE 4 MAXPATCH 9 RefineTorusLB MEM: 0.443348 MB
LDB: TIME 827.816 LOAD: AVG 0.0537798 MAX 0.0570932  PROXIES: TOTAL 30 MAXPE 4 MAXPATCH 9 RefineTorusLB MEM: 0.443348 MB
LDB: ============== END OF LOAD BALANCING =============== 827.816
Info: useSync: 0 useProxySync: 0
LDB: =============== DONE WITH MIGRATION ================ 827.816
WRITING COORDINATES TO DCD FILE MDequil.dcd AT STEP 475000
PRESSURE: 475000 65.4193 183.251 -359.069 -13.1588 906.185 -68.3788 -621.419 -217.784 213.093
GPRESSURE: 475000 213.999 375.609 -350.305 -193.793 865.939 -114.099 -318.783 5.09758 141.602
PRESSAVG: 475000 -421.329 -5.9514 19.2026 -64.2787 -461.865 37.0445 53.0686 49.4504 -27.4683
GPRESSAVG: 475000 -421.394 -5.46005 19.3253 -64.4726 -461.959 37.1556 52.9421 50.1967 -27.3975
ENERGY:  475000         0.0000         0.0000         0.0000         0.0000          -5599.5067       433.6708         0.0000         0.0000       963.7516          -4202.0843       306.1754     -5165.8359     -4199.7548       306.1370            394.8993       407.1801     22863.9089      -303.5540      -303.5833

LDB: ============= START OF LOAD BALANCING ============== 830.478
LDB: ============== END OF LOAD BALANCING =============== 830.478
Info: useSync: 0 useProxySync: 0
LDB: =============== DONE WITH MIGRATION ================ 830.478
LDB: ============= START OF LOAD BALANCING ============== 830.544
LDB: Largest compute 7 load 0.013162 is 24.7% of average load 0.053272
LDB: Average compute 0.003735 is 7.0% of average load 0.053272
LDB: TIME 830.544 LOAD: AVG 0.0532721 MAX 0.0568569  PROXIES: TOTAL 24 MAXPE 4 MAXPATCH 6 None MEM: 0.443348 MB
LDB: TIME 830.544 LOAD: AVG 0.0532721 MAX 0.0568569  PROXIES: TOTAL 30 MAXPE 4 MAXPATCH 9 RefineTorusLB MEM: 0.443348 MB
LDB: TIME 830.544 LOAD: AVG 0.0532721 MAX 0.0568569  PROXIES: TOTAL 30 MAXPE 4 MAXPATCH 9 RefineTorusLB MEM: 0.443348 MB
LDB: ============== END OF LOAD BALANCING =============== 830.544
Info: useSync: 0 useProxySync: 0
LDB: =============== DONE WITH MIGRATION ================ 830.545
LDB: ============= START OF LOAD BALANCING ============== 833.424
LDB: ============== END OF LOAD BALANCING =============== 833.424
Info: useSync: 0 useProxySync: 0
LDB: =============== DONE WITH MIGRATION ================ 833.424
LDB: ============= START OF LOAD BALANCING ============== 833.488
LDB: Largest compute 147 load 0.013167 is 24.7% of average load 0.053208
LDB: Average compute 0.003738 is 7.0% of average load 0.053208
LDB: TIME 833.488 LOAD: AVG 0.0532083 MAX 0.0581671  PROXIES: TOTAL 24 MAXPE 4 MAXPATCH 6 None MEM: 0.443348 MB
LDB: TIME 833.488 LOAD: AVG 0.0532083 MAX 0.0581671  PROXIES: TOTAL 30 MAXPE 4 MAXPATCH 9 RefineTorusLB MEM: 0.443348 MB
LDB: TIME 833.488 LOAD: AVG 0.0532083 MAX 0.057904  PROXIES: TOTAL 30 MAXPE 4 MAXPATCH 9 RefineTorusLB MEM: 0.443348 MB
LDB: ============== END OF LOAD BALANCING =============== 833.488
Info: useSync: 0 useProxySync: 0
LDB: =============== DONE WITH MIGRATION ================ 833.488
PRESSURE: 480000 -441.584 103.463 -396.783 -104.313 -218.227 -128.754 -515.382 -143.624 248.541
GPRESSURE: 480000 -417.49 370.958 -435.206 101.561 -55.9376 -159.014 -486.376 -79.631 96.5798
PRESSAVG: 480000 -370.434 3.38253 14.8063 -16.6845 -390.062 -30.6086 37.1377 -28.8191 4.69928
GPRESSAVG: 480000 -370.299 3.17276 14.9607 -16.3286 -389.856 -30.9461 37.0307 -29.0527 4.74422
ENERGY:  480000         0.0000         0.0000         0.0000         0.0000          -5578.7252       386.6837         0.0000         0.0000       922.4390          -4269.6025       293.0508     -5192.0415     -4267.6234       298.8622           -137.0903      -125.6159     22889.3496      -251.9324      -251.8036

WRITING COORDINATES TO DCD FILE MDequil.dcd AT STEP 480000
LDB: ============= START OF LOAD BALANCING ============== 836.127
LDB: ============== END OF LOAD BALANCING =============== 836.127
Info: useSync: 0 useProxySync: 0
LDB: =============== DONE WITH MIGRATION ================ 836.127
LDB: ============= START OF LOAD BALANCING ============== 836.191
LDB: Largest compute 147 load 0.012486 is 23.4% of average load 0.053377
LDB: Average compute 0.003747 is 7.0% of average load 0.053377
LDB: TIME 836.191 LOAD: AVG 0.0533771 MAX 0.0574312  PROXIES: TOTAL 24 MAXPE 4 MAXPATCH 6 None MEM: 0.443348 MB
LDB: TIME 836.191 LOAD: AVG 0.0533771 MAX 0.0574312  PROXIES: TOTAL 30 MAXPE 4 MAXPATCH 9 RefineTorusLB MEM: 0.443348 MB
LDB: TIME 836.191 LOAD: AVG 0.0533771 MAX 0.0574312  PROXIES: TOTAL 30 MAXPE 4 MAXPATCH 9 RefineTorusLB MEM: 0.443348 MB
LDB: ============== END OF LOAD BALANCING =============== 836.191
Info: useSync: 0 useProxySync: 0
LDB: =============== DONE WITH MIGRATION ================ 836.192
LDB: ============= START OF LOAD BALANCING ============== 838.692
LDB: ============== END OF LOAD BALANCING =============== 838.693
Info: useSync: 0 useProxySync: 0
LDB: =============== DONE WITH MIGRATION ================ 838.704
LDB: ============= START OF LOAD BALANCING ============== 838.768
LDB: Largest compute 145 load 0.013346 is 25.5% of average load 0.052422
LDB: Average compute 0.003680 is 7.0% of average load 0.052422
LDB: TIME 838.768 LOAD: AVG 0.0524222 MAX 0.0588461  PROXIES: TOTAL 24 MAXPE 4 MAXPATCH 6 None MEM: 0.443348 MB
LDB: TIME 838.768 LOAD: AVG 0.0524222 MAX 0.0588461  PROXIES: TOTAL 30 MAXPE 4 MAXPATCH 9 RefineTorusLB MEM: 0.443348 MB
LDB: TIME 838.768 LOAD: AVG 0.0524222 MAX 0.0561304  PROXIES: TOTAL 29 MAXPE 4 MAXPATCH 9 RefineTorusLB MEM: 0.443348 MB
LDB: ============== END OF LOAD BALANCING =============== 838.768
Info: useSync: 0 useProxySync: 0
LDB: =============== DONE WITH MIGRATION ================ 838.769
LDB: ============= START OF LOAD BALANCING ============== 841.309
LDB: ============== END OF LOAD BALANCING =============== 841.309
Info: useSync: 0 useProxySync: 0
LDB: =============== DONE WITH MIGRATION ================ 841.31
LDB: ============= START OF LOAD BALANCING ============== 841.375
LDB: Largest compute 7 load 0.013306 is 24.5% of average load 0.054419
LDB: Average compute 0.003843 is 7.1% of average load 0.054419
LDB: TIME 841.375 LOAD: AVG 0.0544188 MAX 0.060655  PROXIES: TOTAL 24 MAXPE 4 MAXPATCH 6 None MEM: 0.443348 MB
LDB: TIME 841.375 LOAD: AVG 0.0544188 MAX 0.060655  PROXIES: TOTAL 29 MAXPE 4 MAXPATCH 9 RefineTorusLB MEM: 0.443348 MB
LDB: TIME 841.376 LOAD: AVG 0.0544188 MAX 0.0589997  PROXIES: TOTAL 29 MAXPE 4 MAXPATCH 9 RefineTorusLB MEM: 0.443348 MB
LDB: ============== END OF LOAD BALANCING =============== 841.376
Info: useSync: 0 useProxySync: 0
LDB: =============== DONE WITH MIGRATION ================ 841.376
WRITING COORDINATES TO DCD FILE MDequil.dcd AT STEP 485000
PRESSURE: 485000 759.512 -560.017 -71.4983 -493.861 157.193 -245.236 -37.2703 -101.947 53.4978
GPRESSURE: 485000 742.928 -426.262 283.164 -667.815 161.96 -158.166 -122.809 71.2448 112.365
PRESSAVG: 485000 -255.011 55.2632 50.4489 96.9328 -238.277 -8.53945 62.1294 -60.596 5.1548
GPRESSAVG: 485000 -255.146 55.0487 50.0602 97.0233 -238.275 -9.16359 62.3497 -60.5861 4.70666
ENERGY:  485000         0.0000         0.0000         0.0000         0.0000          -5647.4521       417.0627         0.0000         0.0000       945.4425          -4284.9470       300.3588     -5230.3895     -4283.1758       298.0018            323.4007       339.0842     22279.3215      -162.7111      -162.9048

LDB: ============= START OF LOAD BALANCING ============== 844.041
LDB: ============== END OF LOAD BALANCING =============== 844.042
Info: useSync: 0 useProxySync: 0
LDB: =============== DONE WITH MIGRATION ================ 844.042
LDB: ============= START OF LOAD BALANCING ============== 844.108
LDB: Largest compute 5 load 0.013378 is 25.2% of average load 0.053164
LDB: Average compute 0.003749 is 7.1% of average load 0.053164
LDB: TIME 844.108 LOAD: AVG 0.053164 MAX 0.0592242  PROXIES: TOTAL 24 MAXPE 4 MAXPATCH 6 None MEM: 0.443348 MB
LDB: TIME 844.108 LOAD: AVG 0.053164 MAX 0.0592242  PROXIES: TOTAL 29 MAXPE 4 MAXPATCH 9 RefineTorusLB MEM: 0.443348 MB
LDB: TIME 844.108 LOAD: AVG 0.053164 MAX 0.0578462  PROXIES: TOTAL 29 MAXPE 4 MAXPATCH 9 RefineTorusLB MEM: 0.443348 MB
LDB: ============== END OF LOAD BALANCING =============== 844.108
Info: useSync: 0 useProxySync: 0
LDB: =============== DONE WITH MIGRATION ================ 844.108
LDB: ============= START OF LOAD BALANCING ============== 846.646
LDB: ============== END OF LOAD BALANCING =============== 846.646
Info: useSync: 0 useProxySync: 0
LDB: =============== DONE WITH MIGRATION ================ 846.646
LDB: ============= START OF LOAD BALANCING ============== 846.709
LDB: Largest compute 5 load 0.012274 is 23.2% of average load 0.052860
LDB: Average compute 0.003723 is 7.0% of average load 0.052860
LDB: TIME 846.709 LOAD: AVG 0.0528598 MAX 0.0564779  PROXIES: TOTAL 24 MAXPE 4 MAXPATCH 6 None MEM: 0.443348 MB
LDB: TIME 846.709 LOAD: AVG 0.0528598 MAX 0.0564779  PROXIES: TOTAL 29 MAXPE 4 MAXPATCH 9 RefineTorusLB MEM: 0.443348 MB
LDB: TIME 846.709 LOAD: AVG 0.0528598 MAX 0.0564779  PROXIES: TOTAL 29 MAXPE 4 MAXPATCH 9 RefineTorusLB MEM: 0.443348 MB
LDB: ============== END OF LOAD BALANCING =============== 846.709
Info: useSync: 0 useProxySync: 0
LDB: =============== DONE WITH MIGRATION ================ 846.709
WRITING COORDINATES TO DCD FILE MDequil.dcd AT STEP 490000
PRESSURE: 490000 -537.42 47.433 630.412 270.081 -847.332 -477.599 533.815 -428.477 68.1393
GPRESSURE: 490000 -632.538 103.907 750.039 278.825 -642.568 -430.05 481.666 -364.34 39.9589
PRESSAVG: 490000 -412.733 -45.2978 114.395 -47.4904 -369.153 -13.9141 10.5078 -27.7571 14.2848
GPRESSAVG: 490000 -413.187 -45.1621 114.362 -47.8205 -369.436 -13.6998 10.6218 -27.5258 14.2188
ENERGY:  490000         0.0000         0.0000         0.0000         0.0000          -5591.0890       378.9575         0.0000         0.0000       965.9492          -4246.1824       306.8736     -5212.1315     -4243.8432       301.8788           -438.8711      -411.7157     22655.1812      -255.8671      -256.1348

LDB: ============= START OF LOAD BALANCING ============== 849.242
LDB: ============== END OF LOAD BALANCING =============== 849.242
Info: useSync: 0 useProxySync: 0
LDB: =============== DONE WITH MIGRATION ================ 849.243
LDB: ============= START OF LOAD BALANCING ============== 849.319
LDB: Largest compute 161 load 0.013172 is 24.7% of average load 0.053247
LDB: Average compute 0.003711 is 7.0% of average load 0.053247
LDB: TIME 849.32 LOAD: AVG 0.0532474 MAX 0.0648117  PROXIES: TOTAL 24 MAXPE 4 MAXPATCH 6 None MEM: 0.443348 MB
LDB: TIME 849.32 LOAD: AVG 0.0532474 MAX 0.0648117  PROXIES: TOTAL 29 MAXPE 4 MAXPATCH 9 RefineTorusLB MEM: 0.443348 MB
LDB: TIME 849.32 LOAD: AVG 0.0532474 MAX 0.0574031  PROXIES: TOTAL 28 MAXPE 4 MAXPATCH 8 RefineTorusLB MEM: 0.443348 MB
LDB: ============== END OF LOAD BALANCING =============== 849.32
Info: useSync: 0 useProxySync: 0
LDB: =============== DONE WITH MIGRATION ================ 849.32
LDB: ============= START OF LOAD BALANCING ============== 851.865
LDB: ============== END OF LOAD BALANCING =============== 851.865
Info: useSync: 0 useProxySync: 0
LDB: =============== DONE WITH MIGRATION ================ 851.865
LDB: ============= START OF LOAD BALANCING ============== 851.931
LDB: Largest compute 7 load 0.012317 is 23.4% of average load 0.052729
LDB: Average compute 0.003720 is 7.1% of average load 0.052729
LDB: TIME 851.931 LOAD: AVG 0.0527294 MAX 0.060661  PROXIES: TOTAL 24 MAXPE 4 MAXPATCH 6 None MEM: 0.443348 MB
LDB: TIME 851.931 LOAD: AVG 0.0527294 MAX 0.060661  PROXIES: TOTAL 28 MAXPE 4 MAXPATCH 8 RefineTorusLB MEM: 0.443348 MB
LDB: TIME 851.931 LOAD: AVG 0.0527294 MAX 0.0571224  PROXIES: TOTAL 29 MAXPE 4 MAXPATCH 9 RefineTorusLB MEM: 0.443348 MB
LDB: ============== END OF LOAD BALANCING =============== 851.931
Info: useSync: 0 useProxySync: 0
LDB: =============== DONE WITH MIGRATION ================ 851.931
LDB: ============= START OF LOAD BALANCING ============== 854.44
LDB: ============== END OF LOAD BALANCING =============== 854.441
Info: useSync: 0 useProxySync: 0
LDB: =============== DONE WITH MIGRATION ================ 854.452
LDB: ============= START OF LOAD BALANCING ============== 854.516
LDB: Largest compute 5 load 0.012525 is 23.7% of average load 0.052926
LDB: Average compute 0.003725 is 7.0% of average load 0.052926
LDB: TIME 854.516 LOAD: AVG 0.0529257 MAX 0.057206  PROXIES: TOTAL 24 MAXPE 4 MAXPATCH 6 None MEM: 0.443348 MB
LDB: TIME 854.516 LOAD: AVG 0.0529257 MAX 0.057206  PROXIES: TOTAL 29 MAXPE 4 MAXPATCH 9 RefineTorusLB MEM: 0.443348 MB
LDB: TIME 854.516 LOAD: AVG 0.0529257 MAX 0.057206  PROXIES: TOTAL 29 MAXPE 4 MAXPATCH 9 RefineTorusLB MEM: 0.443348 MB
LDB: ============== END OF LOAD BALANCING =============== 854.517
Info: useSync: 0 useProxySync: 0
LDB: =============== DONE WITH MIGRATION ================ 854.517
WRITING COORDINATES TO DCD FILE MDequil.dcd AT STEP 495000
PRESSURE: 495000 -1118.4 -572.822 -389.525 -360.954 314.691 -616.239 -326.173 -881.69 -1154.31
GPRESSURE: 495000 -1058.5 -548.731 -644.329 -140.877 545.738 -421.666 -254.899 -1199.38 -1393.2
PRESSAVG: 495000 -198.549 -29.9683 17.0122 2.92078 -317.221 20.3113 26.0414 -4.92547 -13.7795
GPRESSAVG: 495000 -198.146 -30.3136 17.1863 3.08848 -317.279 20.8011 25.3643 -5.27543 -13.9951
ENERGY:  495000         0.0000         0.0000         0.0000         0.0000          -5534.7020       366.4333         0.0000         0.0000       964.0804          -4204.1883       306.2799     -5168.2687     -4201.0175       300.6129           -652.6704      -635.3187     23079.4388      -176.5164      -176.4734

LDB: ============= START OF LOAD BALANCING ============== 857.04
LDB: ============== END OF LOAD BALANCING =============== 857.04
Info: useSync: 0 useProxySync: 0
LDB: =============== DONE WITH MIGRATION ================ 857.04
LDB: ============= START OF LOAD BALANCING ============== 857.106
LDB: Largest compute 5 load 0.012415 is 23.2% of average load 0.053532
LDB: Average compute 0.003775 is 7.1% of average load 0.053532
LDB: TIME 857.106 LOAD: AVG 0.0535322 MAX 0.0592938  PROXIES: TOTAL 24 MAXPE 4 MAXPATCH 6 None MEM: 0.443348 MB
LDB: TIME 857.106 LOAD: AVG 0.0535322 MAX 0.0592938  PROXIES: TOTAL 29 MAXPE 4 MAXPATCH 9 RefineTorusLB MEM: 0.443348 MB
LDB: TIME 857.106 LOAD: AVG 0.0535322 MAX 0.0583307  PROXIES: TOTAL 29 MAXPE 4 MAXPATCH 9 RefineTorusLB MEM: 0.443348 MB
LDB: ============== END OF LOAD BALANCING =============== 857.106
Info: useSync: 0 useProxySync: 0
LDB: =============== DONE WITH MIGRATION ================ 857.106
LDB: ============= START OF LOAD BALANCING ============== 859.63
LDB: ============== END OF LOAD BALANCING =============== 859.63
Info: useSync: 0 useProxySync: 0
LDB: =============== DONE WITH MIGRATION ================ 859.63
LDB: ============= START OF LOAD BALANCING ============== 859.695
LDB: Largest compute 142 load 0.014200 is 26.6% of average load 0.053345
LDB: Average compute 0.003758 is 7.0% of average load 0.053345
LDB: TIME 859.695 LOAD: AVG 0.053345 MAX 0.057346  PROXIES: TOTAL 24 MAXPE 4 MAXPATCH 6 None MEM: 0.443348 MB
LDB: TIME 859.695 LOAD: AVG 0.053345 MAX 0.057346  PROXIES: TOTAL 29 MAXPE 4 MAXPATCH 9 RefineTorusLB MEM: 0.443348 MB
LDB: TIME 859.695 LOAD: AVG 0.053345 MAX 0.057346  PROXIES: TOTAL 29 MAXPE 4 MAXPATCH 9 RefineTorusLB MEM: 0.443348 MB
LDB: ============== END OF LOAD BALANCING =============== 859.696
Info: useSync: 0 useProxySync: 0
LDB: =============== DONE WITH MIGRATION ================ 859.696
PRESSURE: 500000 -37.5007 560.351 332.321 545.481 -628.347 -570.791 511.066 -201.191 640.917
GPRESSURE: 500000 -69.8586 309.326 162.832 733.423 -664.326 -543.454 187.79 -354.223 722.026
PRESSAVG: 500000 -324.841 -2.58032 -1.79545 -23.1539 -334.038 66.1922 6.79777 -5.27127 2.17135
GPRESSAVG: 500000 -324.281 -1.79538 -1.94598 -23.4721 -334.167 66.2631 6.61428 -5.51934 2.40326
TIMING: 500000  CPU: 826.298, 0.00129766/step  Wall: 850.492, 0.00130581/step, 0 hours remaining, 0.443348 MB of memory in use.
PERFORMANCE: 500000  averaging 101.589 ns/day, 0.00170097 sec/step with standard deviation 0.000438652
ETITLE:      TS           BOND          ANGLE          DIHED          IMPRP               ELECT            VDW       BOUNDARY           MISC        KINETIC               TOTAL           TEMP      POTENTIAL         TOTAL3        TEMPAVG            PRESSURE      GPRESSURE         VOLUME       PRESSAVG      GPRESSAVG

ENERGY:  500000         0.0000         0.0000         0.0000         0.0000          -5546.9074       385.6668         0.0000         0.0000       928.7527          -4232.4879       295.0566     -5161.2406     -4230.1935       300.9375             -8.3104        -4.0531     22681.5481      -218.9028      -218.6817

WRITING EXTENDED SYSTEM TO RESTART FILE AT STEP 500000
WRITING COORDINATES TO DCD FILE MDequil.dcd AT STEP 500000
WRITING COORDINATES TO RESTART FILE AT STEP 500000
FINISHED WRITING RESTART COORDINATES
WRITING VELOCITIES TO RESTART FILE AT STEP 500000
FINISHED WRITING RESTART VELOCITIES
WRITING EXTENDED SYSTEM TO OUTPUT FILE AT STEP 500000
CLOSING EXTENDED SYSTEM TRAJECTORY FILE
WRITING COORDINATES TO OUTPUT FILE AT STEP 500000
CLOSING COORDINATE DCD FILE MDequil.dcd
WRITING VELOCITIES TO OUTPUT FILE AT STEP 500000
====================================================

WallClock: 862.024109  CPUTime: 837.541138  Memory: 0.443348 MB
[Partition 0][Node 0] End of program
